time     ,t    ,pose_x ,pose_y ,pose_z   ,pose_roll ,pose_pitch ,pose_yaw ,foot0_x ,foot0_y   ,foot0_z     ,foot1_x ,foot1_y   ,foot1_z     ,foot2_x  ,foot2_y   ,foot2_z     ,foot3_x ,foot3_y   ,foot3_z     ,foot4_x ,foot4_y   ,foot4_z     ,foot5_x  ,foot5_y  ,foot5_z     ,cfg0_x      ,cfg0_y      ,cfg0_z      ,cfg1_x     ,cfg1_y      ,cfg1_z     ,cfg2_x    ,cfg2_y      ,cfg2_z      ,cfg3_x     ,cfg3_y       ,cfg3_z      ,cfg4_x      ,cfg4_y      ,cfg4_z      ,cfg5_x      ,cfg5_y      ,cfg5_z      ,cfg0_dx      ,cfg0_dy      ,cfg0_dz     ,cfg1_dx      ,cfg1_dy      ,cfg1_dz      ,cfg2_dx      ,cfg2_dy      ,cfg2_dz     ,cfg3_dx      ,cfg3_dy      ,cfg3_dz      ,cfg4_dx      ,cfg4_dy      ,cfg4_dz      ,cfg5_dx      ,cfg5_dy      ,cfg5_dz     ,foot0_sdf   ,foot1_sdf    ,foot2_sdf    ,foot3_sdf    ,foot4_sdf    ,foot5_sdf    ,support0 ,support1 ,support2 ,support3 ,support4 ,support5
 1.02623 ,0    , 1     ,     0 ,0.24     ,-0        ,         0 ,-0       ,1.35    ,-0.279998 ,1.62381e-06 ,1.05    ,-0.34     ,0           ,0.649998 ,-0.279998 ,1.62381e-06 ,1.35    ,0.28      ,0           ,1.05    ,0.339998  ,1.62381e-06 ,0.65     ,0.28     ,0           ,-0.0175394  ,1.48075     ,1.12698     ,-0.0175394 ,1.48075     ,1.12698    ,0.0175394 ,1.48075     ,1.12698     ,-0.0175394 ,1.48075      ,1.12698     ,-0.0175394  ,1.48075     ,1.12698     ,0.0175394   ,1.48075     ,1.12698     ,-7.20104e-07 ,-0.14382     ,-0.136095   ,nan          ,nan          ,nan          ,7.20104e-07  ,-0.14382     ,-0.136095   ,nan          ,nan          ,nan          ,-7.20104e-07 ,-0.14382     ,-0.136095    ,nan          ,nan          ,nan         ,1.62381e-06 ,0            ,1.62381e-06  ,0            ,1.62381e-06  ,0            ,       1 ,       1 ,       1 ,       1 ,       1 ,       1
 1.02628 ,0.05 , 1.005 ,     0 ,0.24     ,-0        ,         0 ,-0       ,1.35581 ,-0.278516 ,0.0203193   ,1.05    ,-0.34     ,0           ,0.655843 ,-0.278476 ,0.0206625   ,1.35    ,0.28      ,0           ,1.05584 ,0.338459  ,0.020413    ,0.65     ,0.28     ,0           ,-0.013586   ,1.31504     ,0.972373    ,-0.0427183 ,1.4843      ,1.12485    ,0.0219541 ,1.31347     ,0.968938    ,-0.0427183 ,1.4843       ,1.12485     ,-0.0134492  ,1.31438     ,0.971579    ,-0.00749235 ,1.4769      ,1.12938     ,0.00643045   ,-0.130409    ,-0.119844   ,nan          ,nan          ,nan          ,0.00709319   ,-0.129678    ,-0.122325   ,nan          ,nan          ,nan          ,0.00663143   ,-0.130603    ,-0.120307    ,nan          ,nan          ,nan         ,0.0203193   ,0            ,0.0206625    ,0            ,0.020413     ,0            ,       0 ,       1 ,       0 ,       1 ,       0 ,       1
 1.06669 ,0.1  , 1.01  ,     0 ,0.24     ,-0        ,         0 ,-0       ,1.36306 ,-0.274759 ,0.0375883   ,1.05    ,-0.34     ,0           ,0.663201 ,-0.27464  ,0.0383964   ,1.35    ,0.28      ,0           ,1.06316 ,0.334531  ,0.0378078   ,0.65     ,0.28     ,0           ,-0.00227168 ,1.16559     ,0.837205    ,-0.0680149 ,1.48756     ,1.12298    ,0.0345874 ,1.16352     ,0.827721    ,-0.0680149 ,1.48756      ,1.12298     ,-0.00174211 ,1.16411     ,0.835157    ,-0.0323487  ,1.4728      ,1.13206     ,0.0121818    ,-0.116925    ,-0.103917   ,nan          ,nan          ,nan          ,0.0134388    ,-0.115495    ,-0.108581   ,nan          ,nan          ,nan          ,0.0125644    ,-0.117264    ,-0.104783    ,nan          ,nan          ,nan         ,0.0375883   ,0            ,0.0383964    ,0            ,0.0378078    ,0            ,       0 ,       1 ,       0 ,       1 ,       0 ,       1
 1.10654 ,0.15 , 1.015 ,     0 ,0.24     ,-0        ,         0 ,-0       ,1.37146 ,-0.269666 ,0.0517513   ,1.05    ,-0.34     ,0           ,0.67176  ,-0.269478 ,0.0531073   ,1.35    ,0.28      ,0           ,1.07168 ,0.329154  ,0.052111    ,0.65     ,0.28     ,0           ,0.015582    ,1.03248     ,0.72109     ,-0.0933985 ,1.49048     ,1.12135    ,0.0545257 ,1.03095     ,0.703298    ,-0.0933985 ,1.49048      ,1.12135     ,0.0167343   ,1.03009     ,0.717395    ,-0.057003   ,1.46847     ,1.13503     ,0.0172534    ,-0.103367    ,-0.088313   ,nan          ,nan          ,nan          ,0.0190375    ,-0.101272    ,-0.0948639  ,nan          ,nan          ,nan          ,0.0177983    ,-0.103804    ,-0.089524    ,nan          ,nan          ,nan         ,0.0517513   ,0            ,0.0531073    ,0            ,0.052111     ,0            ,       0 ,       1 ,       0 ,       1 ,       0 ,       1
 1.14685 ,0.2  , 1.02  ,     0 ,0.24     ,-0        ,         0 ,-0       ,1.38075 ,-0.264027 ,0.0629664   ,1.05    ,-0.34     ,0           ,0.681217 ,-0.263805 ,0.0649242   ,1.35    ,0.28      ,0           ,1.08108 ,0.323126  ,0.0634659   ,0.65     ,0.28     ,0           ,0.0391536   ,0.915798    ,0.623635    ,-0.118837  ,1.49306     ,1.11995    ,0.0808555 ,0.915791    ,0.595638    ,-0.118837  ,1.49306      ,1.11995     ,0.0411324   ,0.912459    ,0.617974    ,-0.0814302  ,1.46394     ,1.13831     ,0.0216452    ,-0.0897377   ,-0.0730331  ,nan          ,nan          ,nan          ,0.0238893    ,-0.0870093   ,-0.0811734  ,nan          ,nan          ,nan          ,0.022333     ,-0.0902218   ,-0.0745289   ,nan          ,nan          ,nan         ,0.0629664   ,0            ,0.0649242    ,0            ,0.0634659    ,0            ,       0 ,       1 ,       0 ,       1 ,       0 ,       1
 1.18689 ,0.25 , 1.025 ,     0 ,0.24     ,-0        ,         0 ,-0       ,1.39071 ,-0.258472 ,0.0715261   ,1.05    ,-0.34     ,0           ,0.691325 ,-0.258262 ,0.0741134   ,1.35    ,0.28      ,0           ,1.09116 ,0.317089  ,0.0721548   ,0.65     ,0.28     ,0           ,0.0676215   ,0.815628    ,0.544448    ,-0.144299  ,1.49527     ,1.11879    ,0.112663  ,0.818106    ,0.504708    ,-0.144299  ,1.49527      ,1.11879     ,0.0706044   ,0.811369    ,0.536572    ,-0.105607   ,1.45923     ,1.1419      ,0.0253571    ,-0.0760352   ,-0.0580768  ,nan          ,nan          ,nan          ,0.0279943    ,-0.0727068   ,-0.0675096  ,nan          ,nan          ,nan          ,0.0261686    ,-0.0765187   ,-0.0597979   ,nan          ,nan          ,nan         ,0.0715261   ,0            ,0.0741134    ,0            ,0.0721548    ,0            ,       0 ,       1 ,       0 ,       1 ,       0 ,       1
 1.22653 ,0.3  , 1.03  ,     0 ,0.24     ,-0        ,         0 ,-0       ,1.40121 ,-0.253476 ,0.0777886   ,1.05    ,-0.34     ,0           ,0.701923 ,-0.253326 ,0.0810056   ,1.35    ,0.28      ,0           ,1.10175 ,0.311532  ,0.0785289   ,0.65     ,0.28     ,0           ,0.100164    ,0.732061    ,0.483141    ,-0.169751  ,1.4971      ,1.11785    ,0.149035  ,0.73794     ,0.430474    ,-0.169751  ,1.4971       ,1.11785     ,0.104303    ,0.726966    ,0.47287     ,-0.129512   ,1.45437     ,1.14582     ,0.0283893    ,-0.0622599   ,-0.0434441  ,nan          ,nan          ,nan          ,0.0313524    ,-0.0583643   ,-0.0538723  ,nan          ,nan          ,nan          ,0.029305     ,-0.0626942   ,-0.0453311   ,nan          ,nan          ,nan         ,0.0777887   ,0            ,0.0810057    ,0            ,0.0785289    ,0            ,       0 ,       1 ,       0 ,       1 ,       0 ,       1
 1.26661 ,0.35 , 1.035 ,     0 ,0.24     ,-0        ,         0 ,-0       ,1.41217 ,-0.249373 ,0.0821214   ,1.05    ,-0.34     ,0           ,0.712927 ,-0.249325 ,0.0859382   ,1.35    ,0.28      ,0           ,1.11278 ,0.306802  ,0.0829524   ,0.65     ,0.28     ,0           ,0.135961    ,0.665184    ,0.43932     ,-0.19516   ,1.49853     ,1.11712    ,0.189058  ,0.675342    ,0.372906    ,-0.19516   ,1.49853      ,1.11712     ,0.14138     ,0.659398    ,0.426547    ,-0.153125   ,1.44941     ,1.15009     ,0.0307417    ,-0.048412    ,-0.0291351  ,nan          ,nan          ,nan          ,0.0339636    ,-0.0439819   ,-0.0402616  ,nan          ,nan          ,nan          ,0.0317423    ,-0.0487483   ,-0.0311285   ,nan          ,nan          ,nan         ,0.0821214   ,0            ,0.0859382    ,0            ,0.0829524    ,0            ,       0 ,       1 ,       0 ,       1 ,       0 ,       1
 1.30649 ,0.4  , 1.04  ,     0 ,0.24     ,-0        ,         0 ,-0       ,1.4236  ,-0.246374 ,0.0848585   ,1.05    ,-0.34     ,0           ,0.724324 ,-0.246466 ,0.0892123   ,1.35    ,0.28      ,0           ,1.12424 ,0.303127  ,0.085758    ,0.65     ,0.28     ,0           ,0.174189    ,0.615085    ,0.412595    ,-0.220493  ,1.49957     ,1.11661    ,0.231818  ,0.630361    ,0.331969    ,-0.220493  ,1.49957      ,1.11661     ,0.180988    ,0.608812    ,0.397283    ,-0.176428   ,1.44436     ,1.15471     ,0.0324143    ,-0.0344913   ,-0.0151498  ,nan          ,nan          ,nan          ,0.035828     ,-0.0295596   ,-0.0266775  ,nan          ,nan          ,nan          ,0.0334804    ,-0.034681    ,-0.0171902   ,nan          ,nan          ,nan         ,0.0848586   ,0            ,0.0892123    ,0            ,0.085758     ,0            ,       0 ,       1 ,       0 ,       1 ,       0 ,       1
 1.34673 ,0.45 , 1.045 ,     0 ,0.24     ,-0        ,         0 ,-0       ,1.43553 ,-0.244591 ,0.0862706   ,1.05    ,-0.34     ,0           ,0.736148 ,-0.244848 ,0.0910638   ,1.35    ,0.28      ,0           ,1.13616 ,0.300631  ,0.0872155   ,0.65     ,0.28     ,0           ,0.214028    ,0.581853    ,0.402574    ,-0.245716  ,1.50019     ,1.1163     ,0.276402  ,0.603045    ,0.307632    ,-0.245716  ,1.50019      ,1.1163      ,0.22228     ,0.575353    ,0.384758    ,-0.199406   ,1.43925     ,1.15971     ,0.033407     ,-0.0204978   ,-0.00148814 ,nan          ,nan          ,nan          ,0.0369454    ,-0.0150974   ,-0.01312    ,nan          ,nan          ,nan          ,0.0345193    ,-0.0204923   ,-0.00351605  ,nan          ,nan          ,nan         ,0.0862707   ,0            ,0.0910638    ,0            ,0.0872155    ,0            ,       0 ,       1 ,       0 ,       1 ,       0 ,       1
 1.3868  ,0.5  , 1.05  ,     0 ,0.24     ,-0        ,         0 ,-0       ,1.44799 ,-0.244055 ,0.0865436   ,1.05    ,-0.34     ,0           ,0.748457 ,-0.244488 ,0.0916434   ,1.35    ,0.28      ,0           ,1.14857 ,0.29936   ,0.0875095   ,0.65     ,0.28     ,0           ,0.254655    ,0.565574    ,0.408868    ,-0.270798  ,1.5004      ,1.1162     ,0.321896  ,0.593443    ,0.299862    ,-0.270798  ,1.5004       ,1.1162      ,0.264408    ,0.559171    ,0.388651    ,-0.222045   ,1.43413     ,1.16509     ,0.03372      ,-0.00643166  ,0.0118499   ,nan          ,nan          ,nan          ,0.037316     ,-0.000595227 ,0.000410949 ,nan          ,nan          ,nan          ,0.0348592    ,-0.00618224  ,0.00989388   ,nan          ,nan          ,nan         ,0.0865436   ,0            ,0.0916435    ,0            ,0.0875095    ,0            ,       0 ,       1 ,       0 ,       1 ,       0 ,       1
 1.42669 ,0.55 , 1.055 ,     0 ,0.24     ,-0        ,         0 ,-0       ,1.46102 ,-0.244732 ,0.0857656   ,1.05    ,-0.34     ,0           ,0.761303 ,-0.245334 ,0.0910057   ,1.35    ,0.28      ,0           ,1.16153 ,0.299291  ,0.0867258   ,0.65     ,0.28     ,0           ,0.295252    ,0.566357    ,0.431086    ,-0.295706  ,1.50019     ,1.1163     ,0.367386  ,0.601595    ,0.308633    ,-0.295706  ,1.50019      ,1.1163      ,0.306524    ,0.560415    ,0.408641    ,-0.244331   ,1.42901     ,1.17087     ,0.0333581    ,0.00775737   ,0.0248702   ,nan          ,nan          ,nan          ,0.0369403    ,0.0139222    ,0.0139303   ,nan          ,nan          ,nan          ,0.0345017    ,0.00825649   ,0.0230366    ,nan          ,nan          ,nan         ,0.0857656   ,0            ,0.0910058    ,0            ,0.0867258    ,0            ,       0 ,       1 ,       0 ,       1 ,       0 ,       1
 1.46681 ,0.6  , 1.06  ,     0 ,0.24     ,-0        ,         0 ,-0       ,1.47463 ,-0.246534 ,0.0839171   ,1.05    ,-0.34     ,0           ,0.774712 ,-0.247289 ,0.089104    ,1.35    ,0.28      ,0           ,1.17504 ,0.300353  ,0.0848442   ,0.65     ,0.28     ,0           ,0.335008    ,0.584396    ,0.46885     ,-0.32041   ,1.49957     ,1.11661    ,0.411961  ,0.627498    ,0.333942    ,-0.32041   ,1.49957      ,1.11661     ,0.347786    ,0.579247    ,0.4444      ,-0.266254   ,1.42394     ,1.17706     ,0.0323274    ,0.0221293    ,0.0375801   ,nan          ,nan          ,nan          ,0.0358188    ,0.0284304    ,0.027453    ,nan          ,nan          ,nan          ,0.033449     ,0.0228321    ,0.0359087    ,nan          ,nan          ,nan         ,0.0839171   ,0            ,0.089104     ,0            ,0.0848442    ,0            ,       0 ,       1 ,       0 ,       1 ,       0 ,       1
 1.5068  ,0.65 , 1.065 ,     0 ,0.24     ,-0        ,         0 ,-0       ,1.48874 ,-0.249331 ,0.080871    ,1.05    ,-0.34     ,0           ,0.788658 ,-0.250209 ,0.0857943   ,1.35    ,0.28      ,0           ,1.18905 ,0.302432  ,0.0817371   ,0.65     ,0.28     ,0           ,0.373114    ,0.619914    ,0.521787    ,-0.34488   ,1.49853     ,1.11712    ,0.454708  ,0.671142    ,0.375794    ,-0.34488   ,1.49853      ,1.11712     ,0.38735     ,0.615833    ,0.495602    ,-0.287806   ,1.41893     ,1.18367     ,0.0306277    ,0.0366842    ,0.0499795   ,nan          ,nan          ,nan          ,0.0339516    ,0.0429296    ,0.040979    ,nan          ,nan          ,nan          ,0.0317012    ,0.0375445    ,0.0485102    ,nan          ,nan          ,nan         ,0.080871    ,0            ,0.0857944    ,0            ,0.0817371    ,0            ,       0 ,       1 ,       0 ,       1 ,       0 ,       1
 1.54677 ,0.7  , 1.07  ,     0 ,0.24     ,-0        ,         0 ,-0       ,1.50322 ,-0.252957 ,0.0763983   ,1.05    ,-0.34     ,0           ,0.803025 ,-0.253908 ,0.0808459   ,1.35    ,0.28      ,0           ,1.20343 ,0.305376  ,0.077176    ,0.65     ,0.28     ,0           ,0.408762    ,0.673131    ,0.589519    ,-0.369089  ,1.4971      ,1.11785    ,0.494715  ,0.732516    ,0.434193    ,-0.369089  ,1.4971       ,1.11785     ,0.424373    ,0.670339    ,0.561918    ,-0.30898    ,1.41403     ,1.19072     ,0.0282591    ,0.0514222    ,0.0620685   ,nan          ,nan          ,nan          ,0.0313385    ,0.0574196    ,0.0545083   ,nan          ,nan          ,nan          ,0.0292581    ,0.0523938    ,0.0608411    ,nan          ,nan          ,nan         ,0.0832146   ,0            ,0.0808459    ,0            ,0.077176     ,0            ,       0 ,       1 ,       0 ,       1 ,       0 ,       1
 1.58676 ,0.75 , 1.075 ,     0 ,0.24     ,-0        ,         0 ,-0       ,1.51784 ,-0.257205 ,0.0701812   ,1.05    ,-0.34     ,0           ,0.81759  ,-0.258151 ,0.0739593   ,1.35    ,0.28      ,0           ,1.21796 ,0.308992  ,0.0708448   ,0.65     ,0.28     ,0           ,0.441143    ,0.744268    ,0.671673    ,-0.393009  ,1.49527     ,1.11879    ,0.531069  ,0.811608    ,0.509143    ,-0.393009  ,1.49527      ,1.11879     ,0.458014    ,0.742932    ,0.643019    ,-0.329768   ,1.40925     ,1.19821     ,0.0252216    ,0.0663432    ,0.0738471   ,nan          ,nan          ,nan          ,0.0279797    ,0.0719004    ,0.0680409   ,nan          ,nan          ,nan          ,0.0261198    ,0.06738      ,0.0729014    ,nan          ,nan          ,nan         ,0.0701812   ,0            ,0.0739593    ,0            ,0.0708448    ,0            ,       0 ,       1 ,       0 ,       1 ,       0 ,       1
 1.62696 ,0.8  , 1.08  ,     0 ,0.24     ,-0        ,         0 ,-0       ,1.53222 ,-0.26181  ,0.0618374   ,1.05    ,-0.34     ,0           ,0.831985 ,-0.262658 ,0.0647954   ,1.35    ,0.28      ,0           ,1.23228 ,0.31303   ,0.0623657   ,0.65     ,0.28     ,0           ,0.469449    ,0.833547    ,0.767872    ,-0.416617  ,1.49306     ,1.11995    ,0.562859  ,0.908407    ,0.600647    ,-0.416617  ,1.49306      ,1.11995     ,0.487428    ,0.833776    ,0.738578    ,-0.350167   ,1.40462     ,1.20617     ,0.0215152    ,0.0814472    ,0.0853152   ,nan          ,nan          ,nan          ,0.0238752    ,0.0863722    ,0.0815769   ,nan          ,nan          ,nan          ,0.0222864    ,0.082503     ,0.0846911    ,nan          ,nan          ,nan         ,0.0618374   ,0            ,0.0647954    ,0            ,0.0623657    ,0            ,       0 ,       1 ,       0 ,       1 ,       0 ,       1
 1.66681 ,0.85 , 1.085 ,     0 ,0.24     ,-0        ,         0 ,-0       ,1.54586 ,-0.266431 ,0.0509586   ,1.05    ,-0.34     ,0           ,0.845686 ,-0.267082 ,0.0530174   ,1.35    ,0.28      ,0           ,1.24588 ,0.317164  ,0.0513384   ,0.65     ,0.28     ,0           ,0.492873    ,0.941188    ,0.877743    ,-0.43989   ,1.49048     ,1.12135    ,0.589173  ,1.0229      ,0.708711    ,-0.43989   ,1.49048      ,1.12135     ,0.511772    ,0.943039    ,0.848267    ,-0.370175   ,1.40018     ,1.21459     ,0.0171399    ,0.0967342    ,0.0964728   ,nan          ,nan          ,nan          ,0.0190249    ,0.100835     ,0.0951162   ,nan          ,nan          ,nan          ,0.0177577    ,0.0977629    ,0.0962101    ,nan          ,nan          ,nan         ,0.0509586   ,0            ,0.0530174    ,0            ,0.0513384    ,0            ,       0 ,       1 ,       0 ,       1 ,       0 ,       1
 1.70671 ,0.9  , 1.09  ,     0 ,0.24     ,-0        ,         0 ,-0       ,1.55809 ,-0.270609 ,0.0371679   ,1.05    ,-0.34     ,0           ,0.858001 ,-0.270996 ,0.0383491   ,1.35    ,0.28      ,0           ,1.25809 ,0.320959  ,0.0373983   ,0.65     ,0.28     ,0           ,0.510605    ,1.06741     ,1.00091     ,-0.462806  ,1.48756     ,1.12298    ,0.609097  ,1.15508     ,0.833337    ,-0.462806  ,1.48756      ,1.12298     ,0.530205    ,1.07089     ,0.971758    ,-0.389788   ,1.39594     ,1.22348     ,0.0120957    ,0.112204     ,0.10732     ,nan          ,nan          ,nan          ,0.0134288    ,0.115288     ,0.108659    ,nan          ,nan          ,nan          ,0.0125339    ,0.11316      ,0.107459     ,nan          ,nan          ,nan         ,0.041807    ,0            ,0.0383491    ,0            ,0.0373983    ,0            ,       1 ,       1 ,       1 ,       1 ,       1 ,       1
 1.74669 ,0.95 , 1.095 ,     0 ,0.24     ,-0        ,         0 ,-0       ,1.56811 ,-0.273736 ,0.0201993   ,1.05    ,-0.34     ,0           ,0.868087 ,-0.273863 ,0.0206492   ,1.35    ,0.28      ,0           ,1.26811 ,0.323829  ,0.0202962   ,0.65     ,0.28     ,0           ,0.521837    ,1.21244     ,1.137       ,-0.485347  ,1.4843      ,1.12485    ,0.62172   ,1.30493     ,0.974531    ,-0.485347  ,1.4843       ,1.12485     ,0.541883    ,1.21748     ,1.10872     ,-0.409008   ,1.39193     ,1.23287     ,0.00638257   ,0.127857     ,0.117857    ,nan          ,nan          ,nan          ,0.00708691   ,0.129733     ,0.122205    ,nan          ,nan          ,nan          ,0.00661483   ,0.128693     ,0.118437     ,nan          ,nan          ,nan         ,0.0201993   ,0            ,0.0206492    ,0            ,0.0202962    ,0            ,       1 ,       1 ,       1 ,       1 ,       1 ,       1
 1.79415 ,0    , 1.1   ,     0 ,0.24     ,-0        ,         0 ,-0       ,1.575   ,-0.275    ,0           ,1.05    ,-0.339999 ,1.62381e-06 ,0.875    ,-0.275    ,0           ,1.35    ,0.279999  ,1.62381e-06 ,1.275   ,0.325     ,0           ,0.649999 ,0.279997 ,1.28085e-06 ,0.525761    ,1.3765      ,1.28563     ,-0.507497  ,1.48075     ,1.12698    ,0.62613   ,1.47245     ,1.1323      ,-0.507497  ,1.48075      ,1.12698     ,0.545964    ,1.38299     ,1.25883     ,-0.427833   ,1.38818     ,1.24275     ,nan          ,nan          ,nan         ,-7.20104e-07 ,-0.14382     ,-0.136095    ,nan          ,nan          ,nan         ,-7.20104e-07 ,-0.14382     ,-0.136095    ,nan          ,nan          ,nan          ,5.8707e-07   ,-0.144717    ,-0.129834   ,0           ,1.62381e-06  ,0            ,1.62381e-06  ,0            ,1.28085e-06  ,       1 ,       1 ,       1 ,       1 ,       1 ,       1
 1.8266  ,0.05 , 1.105 ,     0 ,0.24     ,-0        ,         0 ,-0       ,1.575   ,-0.275    ,0           ,1.05748 ,-0.338602 ,0.0224522   ,0.875    ,-0.275    ,0           ,1.35776 ,0.278615  ,0.0383339   ,1.275   ,0.325     ,0           ,0.657706 ,0.278324 ,0.0226923   ,0.508704    ,1.37917     ,1.27335     ,-0.49994   ,1.29854     ,0.955075   ,0.605832  ,1.47763     ,1.12892     ,-0.498654  ,1.15048      ,0.836487    ,0.528589    ,1.38671     ,1.24699     ,-0.420506   ,1.20264     ,1.07252     ,nan          ,nan          ,nan         ,0.0111225    ,-0.128926    ,-0.121207    ,nan          ,nan          ,nan         ,0.00738852   ,-0.134582    ,-0.109406    ,nan          ,nan          ,nan          ,0.0105866    ,-0.12778     ,-0.12001    ,0           ,0.0224522    ,0            ,0.0383339    ,0            ,0.0226923    ,       1 ,       0 ,       1 ,       0 ,       1 ,       0
 1.86675 ,0.1  , 1.11  ,     0 ,0.24     ,-0        ,         0 ,-0       ,1.575   ,-0.275    ,0           ,1.06911 ,-0.335126 ,0.0414463   ,0.875    ,-0.275    ,0           ,1.36997 ,0.275756  ,0.0669025   ,1.275   ,0.325     ,0           ,0.669919 ,0.274258 ,0.0415465   ,0.491253    ,1.3822      ,1.26161     ,-0.478273  ,1.13604     ,0.803006   ,0.585063  ,1.48261     ,1.12586     ,-0.472792  ,0.843311     ,0.605875    ,0.510785    ,1.39081     ,1.2357      ,-0.399455   ,1.03984     ,0.916046    ,nan          ,nan          ,nan         ,0.0211183    ,-0.114342    ,-0.106404    ,nan          ,nan          ,nan         ,0.0143549    ,-0.124333    ,-0.0855857   ,nan          ,nan          ,nan          ,0.0201501    ,-0.111322    ,-0.109627   ,0           ,0.0414463    ,0            ,0.0669025    ,0            ,0.0415465    ,       1 ,       0 ,       1 ,       0 ,       1 ,       0
 1.90672 ,0.15 , 1.115 ,     0 ,0.24     ,-0        ,         0 ,-0       ,1.575   ,-0.275    ,0           ,1.08367 ,-0.330423 ,0.056903    ,0.875    ,-0.275    ,0           ,1.38492 ,0.273516  ,0.0860318   ,1.275   ,0.325     ,0           ,0.685284 ,0.268905 ,0.0566531   ,0.473401    ,1.38558     ,1.2504      ,-0.444002  ,0.992816    ,0.670661   ,0.563828  ,1.48736     ,1.12308     ,-0.430913  ,0.561647     ,0.428343    ,0.492546    ,1.39528     ,1.22495     ,-0.366073   ,0.89913     ,0.7741      ,nan          ,nan          ,nan         ,0.0299867    ,-0.100068    ,-0.0916871   ,nan          ,nan          ,nan         ,0.0208985    ,-0.113072    ,-0.0646344   ,nan          ,nan          ,nan          ,0.0286912    ,-0.0953426   ,-0.098684   ,0           ,0.056903     ,0            ,0.085762     ,0            ,0.0566531    ,       1 ,       0 ,       1 ,       0 ,       1 ,       0
 1.94675 ,0.2  , 1.12  ,     0 ,0.24     ,-0        ,         0 ,-0       ,1.575   ,-0.275    ,0           ,1.10009 ,-0.325116 ,0.0690214   ,0.875    ,-0.275    ,0           ,1.40153 ,0.273508  ,0.0978448   ,1.275   ,0.325     ,0           ,0.702592 ,0.263035 ,0.0684066   ,0.455145    ,1.38929     ,1.23972     ,-0.398633  ,0.868458    ,0.557925   ,0.542136  ,1.49186     ,1.12059     ,-0.374018  ,0.307883     ,0.297089    ,0.473865    ,1.4001      ,1.21475     ,-0.321752   ,0.779864    ,0.647441    ,nan          ,nan          ,nan         ,0.0377277    ,-0.0861051   ,-0.0770555   ,nan          ,nan          ,nan         ,0.0270192    ,-0.100801    ,-0.046552    ,nan          ,nan          ,nan          ,0.0362099    ,-0.0798427   ,-0.0871815  ,0           ,0.0690214    ,0            ,0.0924545    ,0            ,0.0684066    ,       1 ,       0 ,       1 ,       0 ,       1 ,       0
 1.98682 ,0.25 , 1.125 ,     0 ,0.24     ,-0        ,         0 ,-0       ,1.575   ,-0.275    ,0           ,1.11752 ,-0.319688 ,0.0781605   ,0.875    ,-0.275    ,0           ,1.41966 ,0.276271  ,0.105173    ,1.275   ,0.325     ,0           ,0.720877 ,0.257213 ,0.077335    ,0.436481    ,1.3933      ,1.22956     ,-0.343672  ,0.762552    ,0.464684   ,0.519997  ,1.49608     ,1.11837     ,-0.303194  ,0.0844061    ,0.20524     ,0.454736    ,1.40524     ,1.20507     ,-0.267885   ,0.681386    ,0.536833    ,nan          ,nan          ,nan         ,0.0443414    ,-0.0724527   ,-0.0625093   ,nan          ,nan          ,nan         ,0.0325611    ,-0.087534    ,-0.031474    ,nan          ,nan          ,nan          ,0.0427061    ,-0.0648219   ,-0.0751193  ,0           ,0.0781605    ,0            ,0.0825224    ,0            ,0.0773351    ,       1 ,       0 ,       1 ,       0 ,       1 ,       0
 2.02677 ,0.3  , 1.13  ,     0 ,0.24     ,-0        ,         0 ,-0       ,1.575   ,-0.275    ,0           ,1.13537 ,-0.314531 ,0.0847453   ,0.875    ,-0.275    ,0           ,1.43979 ,0.280929  ,0.11051     ,1.275   ,0.325     ,0           ,0.739449 ,0.251866 ,0.0839773   ,0.417405    ,1.39759     ,1.21991     ,-0.280638  ,0.674723    ,0.390828   ,0.497423  ,1.49998     ,1.1164      ,-0.220489  ,-0.106489    ,0.145083    ,0.435154    ,1.41067     ,1.1959      ,-0.20589    ,0.603069    ,0.443019    ,nan          ,nan          ,nan         ,0.0498025    ,-0.0590091   ,-0.0480372   ,nan          ,nan          ,nan         ,0.0370087    ,-0.0733222   ,-0.0198475   ,nan          ,nan          ,nan          ,0.0481221    ,-0.050219    ,-0.0625399  ,0           ,0.0847453    ,0            ,0.0702002    ,0            ,0.0839773    ,       1 ,       0 ,       1 ,       0 ,       1 ,       0
 2.06667 ,0.35 , 1.135 ,     0 ,0.24     ,-0        ,         0 ,-0       ,1.575   ,-0.275    ,0           ,1.1533  ,-0.309959 ,0.0891984   ,0.875    ,-0.275    ,0           ,1.46237 ,0.285548  ,0.115266    ,1.275   ,0.325     ,0           ,0.757871 ,0.247313 ,0.0888061   ,0.397915    ,1.40214     ,1.21075     ,-0.2111    ,0.604819    ,0.336274   ,0.47443   ,1.50355     ,1.11468     ,-0.128583  ,-0.262569    ,0.10836     ,0.415116    ,1.41639     ,1.18725     ,-0.137305   ,0.544414    ,0.366655    ,nan          ,nan          ,nan         ,0.0540738    ,-0.0456236   ,-0.0336225   ,nan          ,nan          ,nan         ,0.0403216    ,-0.0581696   ,-0.0117079   ,nan          ,nan          ,nan          ,0.0523812    ,-0.0359526   ,-0.0494999  ,0           ,0.0891984    ,0            ,0.0410015    ,0            ,0.0888061    ,       1 ,       0 ,       1 ,       0 ,       1 ,       0
 2.10675 ,0.4  , 1.14  ,     0 ,0.24     ,-0        ,         0 ,-0       ,1.575   ,-0.275    ,0           ,1.17115 ,-0.30623  ,0.0919015   ,0.875    ,-0.275    ,0           ,1.48726 ,0.287836  ,0.119582    ,1.275   ,0.325     ,0           ,0.775939 ,0.243817 ,0.0921882   ,0.378011    ,1.40694     ,1.20209     ,-0.13665   ,0.552764    ,0.300943   ,0.451035  ,1.50675     ,1.11318     ,-0.0301671 ,-0.381605    ,0.0868041   ,0.394618    ,1.42235     ,1.1791      ,-0.0637057  ,0.504965    ,0.308369    ,nan          ,nan          ,nan         ,0.0571549    ,-0.0322949   ,-0.0192651   ,nan          ,nan          ,nan         ,0.0424997    ,-0.042076    ,-0.00705504  ,nan          ,nan          ,nan          ,0.0554832    ,-0.0220225   ,-0.0359993  ,0           ,0.0919016    ,0            ,0.0270496    ,0            ,0.0921882    ,       1 ,       0 ,       1 ,       0 ,       1 ,       0
 2.14699 ,0.45 , 1.145 ,     0 ,0.24     ,-0        ,         0 ,-0       ,1.575   ,-0.275    ,0           ,1.18895 ,-0.303551 ,0.0931666   ,0.875    ,-0.275    ,0           ,1.51349 ,0.285735  ,0.122612    ,1.275   ,0.325     ,0           ,0.793648 ,0.241606 ,0.0943618   ,0.357691    ,1.41194     ,1.19391     ,-0.0588778 ,0.518482    ,0.28476    ,0.427256  ,1.50957     ,1.11191     ,0.072057   ,-0.461482    ,0.0722467   ,0.37366     ,1.42853     ,1.17144     ,0.0133308   ,0.484263    ,0.268786    ,nan          ,nan          ,nan         ,0.0590459    ,-0.019023    ,-0.00496486  ,nan          ,nan          ,nan         ,0.0435069    ,-0.0254306   ,-0.00555832  ,nan          ,nan          ,nan          ,0.0574281    ,-0.00842868  ,-0.0220383  ,0           ,0.0931666    ,0            ,0.034373     ,0            ,0.0943618    ,       1 ,       0 ,       1 ,       0 ,       1 ,       0
 2.1868  ,0.5  , 1.15  ,     0 ,0.24     ,-0        ,         0 ,-0       ,1.575   ,-0.275    ,0           ,1.20686 ,-0.302066 ,0.093216    ,0.875    ,-0.275    ,0           ,1.53949 ,0.278953  ,0.123888    ,1.275   ,0.325     ,0           ,0.811147 ,0.240857 ,0.0954284   ,0.336959    ,1.41712     ,1.18621     ,0.0206261  ,0.501898    ,0.287649   ,0.403117  ,1.51199     ,1.11085     ,0.174916   ,-0.505175    ,0.0608462   ,0.35224     ,1.4349      ,1.16426     ,0.0922284   ,0.481849    ,0.248536    ,nan          ,nan          ,nan         ,0.0597467    ,-0.00580774  ,0.00927814   ,nan          ,nan          ,nan         ,0.0429792    ,-0.012154    ,-0.00388394  ,nan          ,nan          ,nan          ,0.0582157    ,0.00482891   ,-0.00761672 ,0           ,0.093216     ,0            ,0.028095     ,0            ,0.0954284    ,       1 ,       0 ,       1 ,       0 ,       1 ,       0
 2.22646 ,0.55 , 1.155 ,     0 ,0.24     ,-0        ,         0 ,-0       ,1.575   ,-0.275    ,0           ,1.22505 ,-0.30183  ,0.0921747   ,0.875    ,-0.275    ,0           ,1.5639  ,0.269269  ,0.124183    ,1.275   ,0.325     ,0           ,0.828684 ,0.241649 ,0.0953615   ,0.315815    ,1.42246     ,1.17896     ,0.100247   ,0.50302     ,0.30944    ,0.378641  ,1.514       ,1.10999     ,0.274591   ,-0.522586    ,0.0546513   ,0.330361    ,1.44143     ,1.15754     ,0.171402    ,0.497358    ,0.248146    ,nan          ,nan          ,nan         ,0.0592026    ,0.00754242   ,0.0232568    ,nan          ,nan          ,nan         ,0.0408224    ,-0.00326295  ,-0.00116761  ,nan          ,nan          ,nan          ,0.0578255    ,0.0179637    ,0.00703845  ,0           ,0.0921747    ,0            ,0.0160987    ,0            ,0.0953616    ,       1 ,       0 ,       1 ,       0 ,       1 ,       0
 2.26648 ,0.6  , 1.16  ,     0 ,0.24     ,-0        ,         0 ,-0       ,1.575   ,-0.275    ,0           ,1.24368 ,-0.302724 ,0.0900658   ,0.875    ,-0.275    ,0           ,1.24368 ,-0.302724 ,0.0900658   ,1.275   ,0.325     ,0           ,0.846494 ,0.243847 ,0.0940402   ,0.294263    ,1.42793     ,1.17216     ,0.178272   ,0.522203    ,0.349592   ,0.353855  ,1.51557     ,1.10933     ,0.367221   ,-0.524115    ,0.0561326   ,0.308023    ,1.44809     ,1.15127     ,0.249224    ,0.53085     ,0.267695    ,nan          ,nan          ,nan         ,0.0573575    ,0.021224     ,0.0367586    ,nan          ,nan          ,nan         ,0.0370363    ,0.00124269   ,0.00259068   ,nan          ,nan          ,nan          ,0.0562325    ,0.0312303    ,0.0216564   ,0           ,0.0900658    ,0            ,0.0900658    ,0            ,0.0940403    ,       1 ,       0 ,       1 ,       0 ,       1 ,       0
 2.30655 ,0.65 , 1.165 ,     0 ,0.24     ,-0        ,         0 ,-0       ,1.575   ,-0.275    ,0           ,1.2628  ,-0.304566 ,0.0867847   ,0.875    ,-0.275    ,0           ,1.6061  ,0.249619  ,0.125704    ,1.275   ,0.325     ,0           ,0.864727 ,0.247212 ,0.0912467   ,0.272311    ,1.43349     ,1.16579     ,0.252962   ,0.559891    ,0.407469   ,0.328786  ,1.5167      ,1.10886     ,0.448942   ,-0.520159    ,0.0677607   ,0.285233    ,1.45484     ,1.14544     ,0.324058    ,0.582504    ,0.307131    ,nan          ,nan          ,nan         ,0.0542114    ,0.035237     ,0.0497838    ,nan          ,nan          ,nan         ,0.0316211    ,0.00136289   ,0.00739093   ,nan          ,nan          ,nan          ,0.0534367    ,0.0446295    ,0.0362367   ,0           ,0.0867848    ,0            ,0.0200173    ,0            ,0.0912467    ,       1 ,       0 ,       1 ,       0 ,       1 ,       0
 2.34676 ,0.7  , 1.17  ,     0 ,0.24     ,-0        ,         0 ,-0       ,1.575   ,-0.275    ,0           ,1.28229 ,-0.307165 ,0.0820929   ,0.875    ,-0.275    ,0           ,1.62446 ,0.243895  ,0.12894     ,1.275   ,0.325     ,0           ,0.883388 ,0.251461 ,0.0866685   ,0.249963    ,1.43912     ,1.15985     ,0.322578   ,0.616526    ,0.482432   ,0.303465  ,1.51738     ,1.10859     ,0.515899   ,-0.521034    ,0.0920049   ,0.261997    ,1.46164     ,1.14003     ,0.394264    ,0.652501    ,0.366402    ,nan          ,nan          ,nan         ,0.0497644    ,0.0495815    ,0.0623323    ,nan          ,nan          ,nan         ,0.024616     ,-0.00245097  ,0.0132251    ,nan          ,nan          ,nan          ,0.0494382    ,0.058161     ,0.0507793   ,0           ,0.082093     ,0            ,0.0232534    ,0            ,0.0866685    ,       1 ,       0 ,       1 ,       0 ,       1 ,       0
 2.38678 ,0.75 , 1.175 ,     0 ,0.24     ,-0        ,         0 ,-0       ,1.575   ,-0.275    ,0           ,1.30184 ,-0.310333 ,0.0756275   ,0.875    ,-0.275    ,0           ,1.30184 ,-0.310333 ,0.0756275   ,1.275   ,0.325     ,0           ,0.902288 ,0.256281 ,0.0799157   ,0.227229    ,1.44478     ,1.15431     ,0.385383   ,0.692551    ,0.573846   ,0.277923  ,1.51761     ,1.10849     ,0.565256   ,-0.525332    ,0.131125    ,0.238323    ,1.46847     ,1.13503     ,0.458203    ,0.74102     ,0.445459    ,nan          ,nan          ,nan         ,0.0440172    ,0.0642578    ,0.0744043    ,nan          ,nan          ,nan         ,0.0169774    ,0.000783904  ,0.0198972    ,nan          ,nan          ,nan          ,0.0442369    ,0.0718252    ,0.065284    ,0           ,0.0756275    ,0            ,0.0756275    ,0            ,0.0799157    ,       1 ,       0 ,       1 ,       0 ,       1 ,       0
 2.42672 ,0.8  , 1.18  ,     0 ,0.24     ,-0        ,         0 ,-0       ,1.575   ,-0.275    ,0           ,1.32093 ,-0.313886 ,0.0669228   ,0.875    ,-0.275    ,0           ,1.65641 ,0.244671  ,0.141335    ,1.275   ,0.325     ,0           ,0.920993 ,0.261336 ,0.0705522   ,0.204121    ,1.45044     ,1.14918     ,0.439728   ,0.788446    ,0.681106   ,0.252194  ,1.51738     ,1.10859     ,0.596235   ,-0.508027    ,0.18696     ,0.214221    ,1.47528     ,1.13042     ,0.514235    ,0.848286    ,0.544217    ,nan          ,nan          ,nan         ,0.0371577    ,0.0793436    ,0.0860678    ,nan          ,nan          ,nan         ,0.00911507   ,0.0157707    ,0.0273232    ,nan          ,nan          ,nan          ,0.0378247    ,0.0857095    ,0.0796869   ,0           ,0.0669228    ,0            ,0.0344281    ,0            ,0.0705522    ,       1 ,       0 ,       1 ,       0 ,       1 ,       0
 2.46693 ,0.85 , 1.185 ,     0 ,0.24     ,-0        ,         0 ,-0       ,1.575   ,-0.275    ,0           ,1.33887 ,-0.317579 ,0.0554471   ,0.875    ,-0.275    ,0           ,1.66856 ,0.249967  ,0.14643     ,1.275   ,0.325     ,0           ,0.938767 ,0.266236 ,0.0581453   ,0.18065     ,1.45607     ,1.14442     ,0.484257   ,0.904813    ,0.803712   ,0.226311  ,1.5167      ,1.10886     ,0.608305   ,-0.441253    ,0.261297    ,0.189705    ,1.48205     ,1.12619     ,0.560702    ,0.974664    ,0.662491    ,nan          ,nan          ,nan         ,0.0293262    ,0.0948971    ,0.0973735    ,nan          ,nan          ,nan         ,0.00102891   ,0.0425095    ,0.0355033    ,nan          ,nan          ,nan          ,0.0301948    ,0.0998859    ,0.0939353   ,0           ,0.0554471    ,0            ,0.0403213    ,0            ,0.0581453    ,       1 ,       0 ,       1 ,       0 ,       1 ,       0
 2.50666 ,0.9  , 1.19  ,     0 ,0.24     ,-0        ,         0 ,-0       ,1.575   ,-0.275    ,0           ,1.35468 ,-0.321068 ,0.0406818   ,0.875    ,-0.275    ,0           ,1.67712 ,0.258339  ,0.145987    ,1.275   ,0.325     ,0           ,0.954582 ,0.270545 ,0.0423312   ,0.156831    ,1.46164     ,1.14003     ,0.517672   ,1.04228     ,0.941187   ,0.200311  ,1.51557     ,1.10933     ,0.600937   ,-0.297145    ,0.355925    ,0.164791    ,1.48872     ,1.12232     ,0.595946    ,1.12055     ,0.800069    ,nan          ,nan          ,nan         ,0.0205229    ,0.110918     ,0.108321     ,nan          ,nan          ,nan         ,-0.00728107  ,0.0810001    ,0.0444374    ,nan          ,nan          ,nan          ,0.0213472    ,0.114354     ,0.108029    ,0           ,0.0406818    ,0            ,0.0404399    ,0            ,0.0423312    ,       1 ,       1 ,       1 ,       1 ,       1 ,       1
 2.54658 ,0.95 , 1.195 ,     0 ,0.24     ,-0        ,         0 ,-0       ,1.575   ,-0.275    ,0           ,1.36719 ,-0.323821 ,0.0222355   ,0.875    ,-0.275    ,0           ,1.68057 ,0.268634  ,0.134515    ,1.275   ,0.325     ,0           ,0.967145 ,0.273719 ,0.0229147   ,0.132681    ,1.46711     ,1.13599     ,0.538674   ,1.20146     ,1.09305    ,0.174228  ,1.514       ,1.10999     ,0.573599   ,-0.0478347   ,0.47263     ,0.139495    ,1.49527     ,1.11879     ,0.618308    ,1.28635     ,0.95674     ,nan          ,nan          ,nan         ,0.0107477    ,0.127407     ,0.118911     ,nan          ,nan          ,nan         ,-0.0158149   ,0.131243     ,0.0541255    ,nan          ,nan          ,nan          ,0.0112821    ,0.129115     ,0.121969    ,0           ,0.0222355    ,0            ,0.0291938    ,0            ,0.0229147    ,       1 ,       1 ,       1 ,       1 ,       1 ,       1
 2.60125 ,0    , 1.2   ,     0 ,0.24     ,-0        ,         0 ,-0       ,1.575   ,-0.274998 ,1.60237e-06 ,1.375   ,-0.325    ,0           ,0.874998 ,-0.274999 ,1.69689e-06 ,1.675   ,0.275     ,0.105686    ,1.275   ,0.324998  ,1.67391e-06 ,0.975    ,0.275    ,0           ,0.108218    ,1.47245     ,1.1323      ,0.545964   ,1.38299     ,1.25883    ,0.148098  ,1.51199     ,1.11085     ,0.525761   ,0.334542     ,0.613202    ,0.113838    ,1.50165     ,1.11559     ,0.62613     ,1.47245     ,1.1323      ,-7.0988e-07  ,-0.144168    ,-0.135754   ,nan          ,nan          ,nan          ,7.57848e-07  ,-0.142253    ,-0.137165   ,nan          ,nan          ,nan          ,-7.45454e-07 ,-0.142813    ,-0.136845    ,nan          ,nan          ,nan         ,1.60237e-06 ,0            ,1.69689e-06  ,-0.0017449   ,1.67391e-06  ,0            ,       1 ,       1 ,       1 ,       1 ,       1 ,       1
 2.62658 ,0.05 , 1.205 ,     0 ,0.240881 ,-0        ,         0 ,-0       ,1.58056 ,-0.27495  ,0.00917547  ,1.375   ,-0.325    ,0           ,0.880416 ,-0.27345  ,0.0209899   ,1.675   ,0.275     ,0.105686    ,1.28031 ,0.323267  ,0.0203883   ,0.975    ,0.275    ,0           ,0.11099     ,1.40447     ,1.07038     ,0.528589   ,1.39378     ,1.25334    ,0.151521  ,1.35161     ,0.956236    ,0.508704   ,0.333749     ,0.5977      ,0.116454    ,1.34531     ,0.965917    ,0.605832    ,1.48466     ,1.13558     ,0.0109067    ,-0.127796    ,-0.112107   ,nan          ,nan          ,nan          ,0.00563506   ,-0.126375    ,-0.121796   ,nan          ,nan          ,nan          ,0.00444466   ,-0.12691     ,-0.121344    ,nan          ,nan          ,nan         ,0.00917547  ,0            ,0.0209899    ,-0.0017449   ,0.0203883    ,0            ,       0 ,       1 ,       0 ,       1 ,       0 ,       1
 2.66707 ,0.1  , 1.21  ,     0 ,0.241761 ,-0        ,         0 ,-0       ,1.58717 ,-0.274901 ,0.0169765   ,1.375   ,-0.325    ,0           ,0.886648 ,-0.26959  ,0.0390279   ,1.675   ,0.275     ,0.105686    ,1.28621 ,0.318876  ,0.0378963   ,0.975    ,0.275    ,0           ,0.118942    ,1.34461     ,1.01999     ,0.510785   ,1.40496     ,1.24846    ,0.161324  ,1.21007     ,0.819878    ,0.491253   ,0.333844     ,0.582901    ,0.123987    ,1.20723     ,0.834131    ,0.585062    ,1.49663     ,1.1392      ,0.0207225    ,-0.111673    ,-0.0896359  ,nan          ,nan          ,nan          ,0.0106843    ,-0.110698    ,-0.106591   ,nan          ,nan          ,nan          ,0.00847998   ,-0.111311    ,-0.105995    ,nan          ,nan          ,nan         ,0.0169765   ,0            ,0.0390279    ,-0.0017449   ,0.0378963    ,0            ,       0 ,       1 ,       0 ,       1 ,       0 ,       1
 2.70657 ,0.15 , 1.215 ,     0 ,0.242642 ,-0        ,         0 ,-0       ,1.59476 ,-0.274959 ,0.0234833   ,1.375   ,-0.325    ,0           ,0.89361  ,-0.264467 ,0.0540708   ,1.675   ,0.275     ,0.105686    ,1.29265 ,0.312897  ,0.0524981   ,0.975    ,0.275    ,0           ,0.13153     ,1.29276     ,0.980548    ,0.492546   ,1.4165      ,1.24419    ,0.176808  ,1.08713     ,0.701581    ,0.473401   ,0.334861     ,0.568827    ,0.135961    ,1.08706     ,0.720055    ,0.563828    ,1.50833     ,1.14313     ,0.0294466    ,-0.0957977   ,-0.0683408  ,nan          ,nan          ,nan          ,0.0151484    ,-0.0952205   ,-0.0915502  ,nan          ,nan          ,nan          ,0.0121052    ,-0.0960164   ,-0.0907976   ,nan          ,nan          ,nan         ,0.0234833   ,0            ,0.0540708    ,-0.0017449   ,0.0524981    ,0            ,       0 ,       1 ,       0 ,       1 ,       0 ,       1
 2.7467  ,0.2  , 1.22  ,     0 ,0.243523 ,-0        ,         0 ,-0       ,1.60324 ,-0.275189 ,0.0287892   ,1.375   ,-0.325    ,0           ,0.901204 ,-0.258936 ,0.0662752   ,1.675   ,0.275     ,0.105686    ,1.29957 ,0.306218  ,0.0643479   ,0.975    ,0.275    ,0           ,0.148207    ,1.24877     ,0.951456    ,0.473865   ,1.42837     ,1.24051    ,0.197273  ,0.98256     ,0.601148    ,0.455145   ,0.336833     ,0.555505    ,0.1519      ,0.984447    ,0.623512    ,0.542136    ,1.51973     ,1.14737     ,0.037079     ,-0.0801709   ,-0.0482218  ,nan          ,nan          ,nan          ,0.0190273    ,-0.0799431   ,-0.0766734  ,nan          ,nan          ,nan          ,0.0153203    ,-0.0810257   ,-0.0757526   ,nan          ,nan          ,nan         ,0.0331528   ,0            ,0.0662752    ,-0.0017449   ,0.0643479    ,0            ,       0 ,       1 ,       0 ,       1 ,       0 ,       1
 2.78707 ,0.25 , 1.225 ,     0 ,0.244404 ,-0        ,         0 ,-0       ,1.61253 ,-0.275624 ,0.0329926   ,1.375   ,-0.325    ,0           ,0.909352 ,-0.253651 ,0.0759076   ,1.675   ,0.275     ,0.105686    ,1.3069  ,0.299537  ,0.073698    ,0.975    ,0.275    ,0           ,0.168427    ,1.21254     ,0.93213     ,0.454736   ,1.44056     ,1.23741    ,0.222021  ,0.896112    ,0.518383    ,0.436481   ,0.339791     ,0.542959    ,0.17133     ,0.899041    ,0.544325    ,0.519997    ,1.5308      ,1.1519      ,0.0436198    ,-0.0647923   ,-0.0292788  ,nan          ,nan          ,nan          ,0.0223212    ,-0.0648659   ,-0.0619606  ,nan          ,nan          ,nan          ,0.0181254    ,-0.0663393   ,-0.0608597   ,nan          ,nan          ,nan         ,0.0324613   ,0            ,0.0759076    ,-0.0017449   ,0.073698     ,0            ,       0 ,       1 ,       0 ,       1 ,       0 ,       1
 2.82677 ,0.3  , 1.23  ,     0 ,0.245284 ,-0        ,         0 ,-0       ,1.62258 ,-0.276259 ,0.0361897   ,1.375   ,-0.325    ,0           ,0.918015 ,-0.249087 ,0.0832736   ,1.675   ,0.275     ,0.105686    ,1.31462 ,0.293385  ,0.080836    ,0.975    ,0.275    ,0           ,0.191645    ,1.18394     ,0.921981    ,0.435154   ,1.45302     ,1.23489    ,0.250353  ,0.82755     ,0.453092    ,0.417405   ,0.343761     ,0.53121     ,0.193775    ,0.830488    ,0.482319    ,0.497423    ,1.54152     ,1.15669     ,0.0490689    ,-0.049662    ,-0.0115118  ,nan          ,nan          ,nan          ,0.02503      ,-0.0499887   ,-0.0474117  ,nan          ,nan          ,nan          ,0.0205203    ,-0.0519569   ,-0.046119    ,nan          ,nan          ,nan         ,0.031268    ,0            ,0.0832736    ,-0.0017449   ,0.080836     ,0            ,       0 ,       1 ,       0 ,       1 ,       0 ,       1
 2.86664 ,0.35 , 1.235 ,     0 ,0.246165 ,-0        ,         0 ,-0       ,1.6333  ,-0.277069 ,0.0384684   ,1.375   ,-0.325    ,0           ,0.927194 ,-0.245561 ,0.0886664   ,1.675   ,0.275     ,0.105686    ,1.32274 ,0.288146  ,0.0860388   ,0.975    ,0.275    ,0           ,0.217314    ,1.16284     ,0.920422    ,0.415116   ,1.46573     ,1.23292    ,0.281571  ,0.776636    ,0.405077    ,0.397915   ,0.348766     ,0.520281    ,0.218758    ,0.778435    ,0.437316    ,0.47443     ,1.55187     ,1.16174     ,0.0534264    ,-0.0347799   ,0.00507925  ,nan          ,nan          ,nan          ,0.0271537    ,-0.0353116   ,-0.0330269  ,nan          ,nan          ,nan          ,0.0225052    ,-0.0378788   ,-0.0315303   ,nan          ,nan          ,nan         ,0.0296155   ,0            ,0.0886664    ,-0.0017449   ,0.0860388    ,0            ,       0 ,       1 ,       0 ,       1 ,       0 ,       1
 2.90722 ,0.4  , 1.24  ,     0 ,0.247046 ,-0        ,         0 ,-0       ,1.64463 ,-0.278002 ,0.0399044   ,1.375   ,-0.325    ,0           ,0.936922 ,-0.243256 ,0.0923315   ,1.675   ,0.275     ,0.105686    ,1.33131 ,0.28408   ,0.0895433   ,0.975    ,0.275    ,0           ,0.244889    ,1.14912     ,0.926864    ,0.394618   ,1.47865     ,1.2315     ,0.314976  ,0.74313     ,0.374143    ,0.378011   ,0.354821     ,0.510192    ,0.245806    ,0.742529    ,0.409141    ,0.451035    ,1.56183     ,1.16704     ,0.0566922    ,-0.0201461   ,0.0204943   ,nan          ,nan          ,nan          ,0.0286923    ,-0.0208346   ,-0.018806   ,nan          ,nan          ,nan          ,0.0240799    ,-0.0241048   ,-0.0170938   ,nan          ,nan          ,nan         ,0.0275382   ,0            ,0.0923315    ,-0.0017449   ,0.0895433    ,0            ,       0 ,       1 ,       0 ,       1 ,       0 ,       1
 2.94696 ,0.45 , 1.245 ,     0 ,0.247926 ,-0        ,         0 ,-0       ,1.65647 ,-0.278996 ,0.0405585   ,1.375   ,-0.325    ,0           ,0.947249 ,-0.242249 ,0.0944454   ,1.675   ,0.275     ,0.105686    ,1.34038 ,0.281351  ,0.0915284   ,0.975    ,0.275    ,0           ,0.273824    ,1.14265     ,0.94072     ,0.37366    ,1.49175     ,1.23061    ,0.349869  ,0.726793    ,0.360094    ,0.357691   ,0.361937     ,0.500961    ,0.274442    ,0.722418    ,0.397617    ,0.427256    ,1.57137     ,1.17257     ,0.0588663    ,-0.00576054  ,0.0347333   ,nan          ,nan          ,nan          ,0.0296457    ,-0.00655763  ,-0.00474917 ,nan          ,nan          ,nan          ,0.0252446    ,-0.0106349   ,-0.00280938  ,nan          ,nan          ,nan         ,0.0274368   ,0            ,0.0944455    ,-0.0017449   ,0.0915284    ,0            ,       0 ,       1 ,       0 ,       1 ,       0 ,       1
 2.98712 ,0.5  , 1.25  ,     0 ,0.248807 ,-0        ,         0 ,-0       ,1.66871 ,-0.279977 ,0.0404749   ,1.375   ,-0.325    ,0           ,0.958224 ,-0.24253  ,0.0951051   ,1.675   ,0.275     ,0.105686    ,1.35004 ,0.280037  ,0.0921074   ,0.975    ,0.275    ,0           ,0.303574    ,1.14332     ,0.961402    ,0.35224    ,1.50499     ,1.23024    ,0.385551  ,0.727387    ,0.362734    ,0.336959   ,0.370114     ,0.4926      ,0.30419     ,0.717749    ,0.402567    ,0.403117    ,1.58049     ,1.17832     ,0.0599487    ,0.00837678   ,0.0477963   ,nan          ,nan          ,nan          ,0.0300141    ,0.00751922   ,0.00914368  ,nan          ,nan          ,nan          ,0.0259992    ,0.00253083   ,0.0113229    ,nan          ,nan          ,nan         ,0.0268826   ,0            ,0.0951051    ,-0.0017449   ,0.0990632    ,0            ,       0 ,       1 ,       0 ,       1 ,       0 ,       1
 3.02667 ,0.55 , 1.255 ,     0 ,0.249688 ,-0        ,         0 ,-0       ,1.68123 ,-0.280868 ,0.0396809   ,1.375   ,-0.325    ,0           ,0.969877 ,-0.244018 ,0.0943245   ,1.675   ,0.275     ,0.105686    ,1.36037 ,0.280153  ,0.0913256   ,0.975    ,0.275    ,0           ,0.333591    ,1.15099     ,0.988321    ,0.330361   ,1.51834     ,1.23037    ,0.421321  ,0.744672    ,0.38187     ,0.315815   ,0.379345     ,0.485123    ,0.334568    ,0.728179    ,0.423821    ,0.378641    ,1.58917     ,1.18428     ,0.0599395    ,0.0222659    ,0.0596834   ,nan          ,nan          ,nan          ,0.029787     ,0.0213918    ,0.0228778   ,nan          ,nan          ,nan          ,0.02632      ,0.0154206    ,0.0253178    ,nan          ,nan          ,nan         ,0.0260457   ,0            ,0.0943245    ,-0.0017449   ,0.095994     ,0            ,       0 ,       1 ,       0 ,       1 ,       0 ,       1
 3.06698 ,0.6  , 1.26  ,     0 ,0.250569 ,-0        ,         0 ,-0       ,1.69389 ,-0.281595 ,0.0381887   ,1.375   ,-0.325    ,0           ,0.982192 ,-0.246578 ,0.0920385   ,1.675   ,0.275     ,0.105686    ,1.37141 ,0.281661  ,0.0891617   ,0.975    ,0.275    ,0           ,0.363331    ,1.16554     ,1.02089     ,0.308023   ,1.53176     ,1.23098    ,0.456451  ,0.778397    ,0.417318    ,0.294263   ,0.389612     ,0.478533    ,0.365042    ,0.753423    ,0.461236    ,0.353855    ,1.5974      ,1.19045     ,0.0588387    ,0.0359067    ,0.0703944   ,nan          ,nan          ,nan          ,0.0289438    ,0.0350519    ,0.0364638   ,nan          ,nan          ,nan          ,0.0261648    ,0.0280847    ,0.0392011    ,nan          ,nan          ,nan         ,0.0248887   ,0            ,0.0920385    ,-0.0017449   ,0.0915762    ,0            ,       0 ,       1 ,       0 ,       1 ,       0 ,       1
 3.10692 ,0.65 , 1.265 ,     0 ,0.251449 ,-0        ,         0 ,-0       ,1.7065  ,-0.28209  ,0.0359967   ,1.375   ,-0.325    ,0           ,0.995093 ,-0.250029 ,0.0881132   ,1.675   ,0.275     ,0.105686    ,1.38321 ,0.284475  ,0.0855372   ,0.975    ,0.275    ,0           ,0.392248    ,1.18685     ,1.05852     ,0.285233   ,1.54522     ,1.23206    ,0.490206  ,0.828308    ,0.468903    ,0.272311   ,0.400886     ,0.472835    ,0.39506     ,0.79322     ,0.514686    ,0.328786    ,1.60518     ,1.19681     ,0.0566461    ,0.0492992    ,0.0799294   ,nan          ,nan          ,nan          ,0.0274839    ,0.0484993    ,0.0499018   ,nan          ,nan          ,nan          ,0.0255328    ,0.0405241    ,0.0529735    ,nan          ,nan          ,nan         ,0.0239134   ,0            ,0.0881132    ,-0.0017449   ,0.0857373    ,0            ,       0 ,       1 ,       0 ,       1 ,       0 ,       1
 3.14665 ,0.7  , 1.27  ,     0 ,0.25233  ,-0        ,         0 ,-0       ,1.71888 ,-0.282292 ,0.0330931   ,1.375   ,-0.325    ,0           ,1.00842  ,-0.254146 ,0.0823628   ,1.675   ,0.275     ,0.105686    ,1.39573 ,0.288466  ,0.0803284   ,0.975    ,0.275    ,0           ,0.419795    ,1.2148      ,1.10062     ,0.261997   ,1.55867     ,1.23359    ,0.52185   ,0.894151    ,0.536448    ,0.249963   ,0.413128     ,0.468025    ,0.424068    ,0.847311    ,0.58404     ,0.303465    ,1.61251     ,1.20337     ,0.0533619    ,0.0624436    ,0.0882885   ,nan          ,nan          ,nan          ,0.0254074    ,0.061734     ,0.0631919   ,nan          ,nan          ,nan          ,0.0244239    ,0.0527388    ,0.0666349    ,nan          ,nan          ,nan         ,0.0233813   ,0            ,0.0823628    ,-0.0017449   ,0.0783772    ,0            ,       0 ,       1 ,       0 ,       1 ,       0 ,       1
 3.18681 ,0.75 , 1.275 ,     0 ,0.253211 ,-0        ,         0 ,-0       ,1.7308  ,-0.282154 ,0.0294598   ,1.375   ,-0.325    ,0           ,1.02192  ,-0.258664 ,0.074573    ,1.675   ,0.275     ,0.105686    ,1.40888 ,0.293463  ,0.0733826   ,0.975    ,0.275    ,0           ,0.445428    ,1.24926     ,1.14661     ,0.238323   ,1.57209     ,1.23555    ,0.550646  ,0.975673    ,0.619776    ,0.227229   ,0.426285     ,0.464095    ,0.451515    ,0.915435    ,0.66917     ,0.277923    ,1.61938     ,1.21012     ,0.048986     ,0.0753396    ,0.0954715   ,nan          ,nan          ,nan          ,0.0227143    ,0.0747559    ,0.0763341   ,nan          ,nan          ,nan          ,0.0228382    ,0.0647289    ,0.0801854    ,nan          ,nan          ,nan         ,0.0223503   ,0            ,0.074573     ,-0.0017449   ,0.0696951    ,0            ,       0 ,       1 ,       0 ,       1 ,       0 ,       1
 3.22666 ,0.8  , 1.28  ,     0 ,0.254091 ,-0        ,         0 ,-0       ,1.74203 ,-0.281634 ,0.0250777   ,1.375   ,-0.325    ,0           ,1.03521  ,-0.26328  ,0.0645313   ,1.675   ,0.275     ,0.105686    ,1.42249 ,0.299257  ,0.0645386   ,0.975    ,0.275    ,0           ,0.4686      ,1.2901      ,1.1959      ,0.214221   ,1.58543     ,1.23792    ,0.575857  ,1.07262     ,0.718711    ,0.204121   ,0.440296     ,0.461031    ,0.476846    ,0.997332    ,0.769947    ,0.252194    ,1.6258      ,1.21705     ,0.0435185    ,0.0879875    ,0.101479    ,nan          ,nan          ,nan          ,0.0194046    ,0.0875651    ,0.0893284   ,nan          ,nan          ,nan          ,0.0207757    ,0.0764943    ,0.0936249    ,nan          ,nan          ,nan         ,0.0207801   ,0            ,0.0645313    ,-0.0017449   ,0.0587885    ,0            ,       0 ,       1 ,       0 ,       1 ,       0 ,       1
 3.26671 ,0.85 , 1.285 ,     0 ,0.254972 ,-0        ,         0 ,-0       ,1.75233 ,-0.280699 ,0.0199328   ,1.375   ,-0.325    ,0           ,1.0478   ,-0.267647 ,0.052065    ,1.675   ,0.275     ,0.105686    ,1.43631 ,0.305603  ,0.0536524   ,0.975    ,0.275    ,0           ,0.488764    ,1.3372      ,1.24789     ,0.189705   ,1.59866     ,1.24068    ,0.596748  ,1.18473     ,0.833076    ,0.18065    ,0.455089     ,0.458816    ,0.49951     ,1.09274     ,0.886244    ,0.226311    ,1.63177     ,1.22417     ,0.0369593    ,0.100387     ,0.10631     ,nan          ,nan          ,nan          ,0.0154782    ,0.100162     ,0.102175    ,nan          ,nan          ,nan          ,0.0182364    ,0.088035     ,0.106953     ,nan          ,nan          ,nan         ,0.0170024   ,0            ,0.052065     ,-0.0017449   ,0.0416958    ,0            ,       0 ,       1 ,       0 ,       1 ,       0 ,       1
 3.30652 ,0.9  , 1.29  ,     0 ,0.255853 ,-0        ,         0 ,-0       ,1.76143 ,-0.279313 ,0.0140226   ,1.375   ,-0.325    ,0           ,1.0591   ,-0.27137  ,0.0370878   ,1.675   ,0.275     ,0.105686    ,1.44998 ,0.312222  ,0.0406279   ,0.975    ,0.275    ,0           ,0.505377    ,1.39044     ,1.30201     ,0.164791   ,1.61174     ,1.24382    ,0.612581  ,1.31177     ,0.962694    ,0.156831   ,0.47058      ,0.457427    ,0.518952    ,1.2014      ,1.01793     ,0.200311    ,1.6373      ,1.23148     ,0.0293085    ,0.112538     ,0.109965    ,nan          ,nan          ,nan          ,0.0109352    ,0.112545     ,0.114873    ,nan          ,nan          ,nan          ,0.0152203    ,0.099351     ,0.120171     ,nan          ,nan          ,nan         ,0.012037    ,0            ,0.0370878    ,-0.0017449   ,0.0274297    ,0            ,       1 ,       1 ,       1 ,       1 ,       1 ,       1
 3.34656 ,0.95 , 1.295 ,     0 ,0.256734 ,-0        ,         0 ,-0       ,1.76907 ,-0.277433 ,0.00736395  ,1.375   ,-0.325    ,0           ,1.0684   ,-0.273996 ,0.0196514   ,1.675   ,0.275     ,0.105686    ,1.46305 ,0.318801  ,0.0254526   ,0.975    ,0.275    ,0           ,0.517891    ,1.4497      ,1.35766     ,0.139495   ,1.62464     ,1.24732    ,0.622621  ,1.45346     ,1.10739     ,0.132681   ,0.486679     ,0.456837    ,0.534621    ,1.32305     ,1.16488     ,0.174228    ,1.6424      ,1.23898     ,0.0205659    ,0.124441     ,0.112444    ,nan          ,nan          ,nan          ,0.0057755    ,0.124716     ,0.127424    ,nan          ,nan          ,nan          ,0.0117273    ,0.110442     ,0.133278     ,nan          ,nan          ,nan         ,0.00636334  ,0            ,0.0196514    ,-0.0017449   ,0.0250734    ,0            ,       1 ,       1 ,       1 ,       1 ,       1 ,       1
 3.39791 ,0    , 1.3   ,     0 ,0.257614 ,-0        ,         0 ,-0       ,1.775   ,-0.275    ,0           ,1.375   ,-0.324998 ,1.65632e-06 ,1.075    ,-0.275    ,0           ,1.675   ,0.274997  ,0.105687    ,1.475   ,0.325     ,0.00823529  ,0.974998 ,0.274999 ,1.67678e-06 ,0.525761    ,1.51484     ,1.41426     ,0.113838   ,1.63732     ,1.25115    ,0.62613   ,1.60956     ,1.26698     ,0.108218   ,0.50329      ,0.457014    ,0.545964    ,1.45743     ,1.32696     ,0.148098    ,1.6471      ,1.24667     ,nan          ,nan          ,nan         ,-8.38616e-07 ,-0.135108    ,-0.140541    ,nan          ,nan          ,nan         ,0.0358692    ,-0.288796    ,-0.135208    ,nan          ,nan          ,nan          ,8.5256e-07   ,-0.134512    ,-0.140752   ,0           ,1.65632e-06  ,0            ,-0.00174377  ,-0.0015728   ,1.67678e-06  ,       1 ,       1 ,       1 ,       1 ,       1 ,       1
 3.42708 ,0.05 , 1.305 ,     0 ,0.257683 ,-0        ,         0 ,-0       ,1.775   ,-0.275    ,0           ,1.38046 ,-0.323743 ,0.0202134   ,1.075    ,-0.275    ,0           ,1.69174 ,0.267696  ,0.124045    ,1.475   ,0.325     ,0.00823529  ,0.980472 ,0.273772 ,0.0202493   ,0.508704    ,1.51822     ,1.40285     ,0.116958   ,1.48485     ,1.09479    ,0.605832  ,1.61502     ,1.26432     ,0.171153   ,0.0959272    ,0.257345    ,0.528589    ,1.46178     ,1.31586     ,0.151553    ,1.49614     ,1.08942     ,nan          ,nan          ,nan         ,0.00519484   ,-0.123127    ,-0.124352    ,nan          ,nan          ,nan         ,0.0404976    ,-0.209649    ,-0.108637    ,nan          ,nan          ,nan          ,0.00576144   ,-0.121615    ,-0.126088   ,0           ,0.0202134    ,0            ,0.0161167    ,-0.0015728   ,0.0202493    ,       1 ,       0 ,       1 ,       0 ,       1 ,       0
 3.46717 ,0.1  , 1.31  ,     0 ,0.257752 ,-0        ,         0 ,-0       ,1.775   ,-0.275    ,0           ,1.38677 ,-0.320488 ,0.0379483   ,1.075    ,-0.275    ,0           ,1.70752 ,0.253428  ,0.129017    ,1.475   ,0.325     ,0.00823529  ,0.986839 ,0.270628 ,0.0381651   ,0.491253    ,1.52193     ,1.392       ,0.125891   ,1.34662     ,0.957395   ,0.585062  ,1.62029     ,1.26194     ,0.240006   ,-0.191116    ,0.0988982   ,0.510785    ,1.46651     ,1.30531     ,0.161442    ,1.36044     ,0.949405    ,nan          ,nan          ,nan         ,0.00984589   ,-0.110976    ,-0.108405    ,nan          ,nan          ,nan         ,0.0430809    ,-0.142147    ,-0.0849657   ,nan          ,nan          ,nan          ,0.0109178    ,-0.108642    ,-0.111508   ,0           ,0.0379483    ,0            ,0.0281717    ,-0.0015728   ,0.0381651    ,       1 ,       0 ,       1 ,       0 ,       1 ,       0
 3.50671 ,0.15 , 1.315 ,     0 ,0.25782  ,-0        ,         0 ,-0       ,1.775   ,-0.275    ,0           ,1.39383 ,-0.315973 ,0.0530006   ,1.075    ,-0.275    ,0           ,1.72186 ,0.237358  ,0.127012    ,1.475   ,0.325     ,0.00823529  ,0.993987 ,0.266328 ,0.053537    ,0.473401    ,1.52597     ,1.38168     ,0.139995   ,1.22284     ,0.838689   ,0.563828  ,1.62533     ,1.25985     ,0.31142    ,-0.376949    ,-0.0230865  ,0.492546    ,1.47158     ,1.29531     ,0.177053    ,1.24006     ,0.826524    ,nan          ,nan          ,nan         ,0.0139523    ,-0.0986577   ,-0.092701    ,nan          ,nan          ,nan         ,0.043619     ,-0.0862911   ,-0.0641955   ,nan          ,nan          ,nan          ,0.01547      ,-0.0955948   ,-0.0970121  ,0           ,0.0530006    ,0            ,0.0335988    ,-0.0015728   ,0.053537     ,       1 ,       0 ,       1 ,       0 ,       1 ,       0
 3.54688 ,0.2  , 1.32  ,     0 ,0.257889 ,-0        ,         0 ,-0       ,1.775   ,-0.275    ,0           ,1.40152 ,-0.310868 ,0.0653572   ,1.075    ,-0.275    ,0           ,1.73421 ,0.22076   ,0.122577    ,1.475   ,0.325     ,0.00823529  ,1.00179  ,0.261535 ,0.0663372   ,0.455145    ,1.5303      ,1.37188     ,0.158626   ,1.1137      ,0.738383   ,0.542136  ,1.63012     ,1.25803     ,0.382039   ,-0.480681    ,-0.113369   ,0.473865    ,1.47698     ,1.28584     ,0.197673    ,1.13512     ,0.72068     ,nan          ,nan          ,nan         ,0.0175141    ,-0.0861706   ,-0.0772392   ,nan          ,nan          ,nan         ,0.042112     ,-0.0420804   ,-0.0463261   ,nan          ,nan          ,nan          ,0.019418     ,-0.082472    ,-0.0826004  ,0           ,0.0653572    ,0            ,0.0438399    ,-0.0015728   ,0.0663372    ,       1 ,       0 ,       1 ,       0 ,       1 ,       0
 3.587   ,0.25 , 1.325 ,     0 ,0.257958 ,-0        ,         0 ,-0       ,1.775   ,-0.275    ,0           ,1.40975 ,-0.305741 ,0.075141    ,1.075    ,-0.275    ,0           ,1.74417 ,0.204249  ,0.118274    ,1.475   ,0.325     ,0.00823529  ,1.01016  ,0.256803 ,0.0766637   ,0.436481    ,1.53491     ,1.36261     ,0.181141   ,1.01941     ,0.65619    ,0.519997  ,1.63463     ,1.25646     ,0.448507   ,-0.521421    ,-0.176709   ,0.454736    ,1.48268     ,1.27691     ,0.222591    ,1.04568     ,0.631773    ,nan          ,nan          ,nan         ,0.0205312    ,-0.0735151   ,-0.0620199   ,nan          ,nan          ,nan         ,0.0385598    ,-0.0095151   ,-0.0313574   ,nan          ,nan          ,nan          ,0.0227617    ,-0.0692741   ,-0.0682728  ,0           ,0.0751411    ,0            ,0.041177     ,-0.0015728   ,0.0766637    ,       1 ,       0 ,       1 ,       0 ,       1 ,       0
 3.62677 ,0.3  , 1.33  ,     0 ,0.258026 ,-0        ,         0 ,-0       ,1.775   ,-0.275    ,0           ,1.41847 ,-0.301055 ,0.0825596   ,1.075    ,-0.275    ,0           ,1.75172 ,0.188801  ,0.115289    ,1.475   ,0.325     ,0.00823529  ,1.01903  ,0.252565 ,0.0846881   ,0.417405    ,1.53977     ,1.35384     ,0.206897   ,0.940161    ,0.591825   ,0.497423  ,1.63883     ,1.25514     ,0.507475   ,-0.518244    ,-0.217854   ,0.435154    ,1.48866     ,1.26849     ,0.251093    ,0.971841    ,0.559704    ,nan          ,nan          ,nan         ,0.0230037    ,-0.0606912   ,-0.0470431   ,nan          ,nan          ,nan         ,0.0330181    ,0.0116713    ,-0.0191921   ,nan          ,nan          ,nan          ,0.0255013    ,-0.0560012   ,-0.0540293  ,0           ,0.0825596    ,0            ,0.0145366    ,-0.0015728   ,0.0846881    ,       1 ,       0 ,       1 ,       0 ,       1 ,       0
 3.66667 ,0.35 , 1.335 ,     0 ,0.258095 ,-0        ,         0 ,-0       ,1.775   ,-0.275    ,0           ,1.42769 ,-0.29716  ,0.0878586   ,1.075    ,-0.275    ,0           ,1.75743 ,0.175473  ,0.113989    ,1.475   ,0.325     ,0.00823529  ,1.02838  ,0.249135 ,0.0906117   ,0.397915    ,1.54487     ,1.34557     ,0.23525    ,0.876153    ,0.545001   ,0.47443   ,1.64272     ,1.25405     ,0.556637   ,-0.485233    ,-0.239727   ,0.415116    ,1.4949      ,1.26057     ,0.282469    ,0.913693    ,0.504374    ,nan          ,nan          ,nan         ,0.0249316    ,-0.0476988   ,-0.0323089   ,nan          ,nan          ,nan         ,0.0269112    ,0.0283031    ,-0.00733807  ,nan          ,nan          ,nan          ,0.0276367    ,-0.0426531   ,-0.0398699  ,0           ,0.0878586    ,0            ,0.0168716    ,-0.0015728   ,0.0906117    ,       1 ,       0 ,       1 ,       0 ,       1 ,       0
 3.70713 ,0.4  , 1.34  ,     0 ,0.258163 ,-0        ,         0 ,-0       ,1.775   ,-0.275    ,0           ,1.43741 ,-0.294302 ,0.0912846   ,1.075    ,-0.275    ,0           ,1.76221 ,0.164901  ,0.114423    ,1.475   ,0.325     ,0.00823529  ,1.03822  ,0.246722 ,0.0946306   ,0.378011    ,1.55017     ,1.33778     ,0.265559   ,0.827585    ,0.515431   ,0.451034  ,1.64625     ,1.25317     ,0.595826   ,-0.426215    ,-0.24151    ,0.394618    ,1.50136     ,1.25315     ,0.316005    ,0.871323    ,0.465683    ,nan          ,nan          ,nan         ,0.0263149    ,-0.0345381   ,-0.0178171   ,nan          ,nan          ,nan         ,0.0208628    ,0.0433683    ,0.00529587   ,nan          ,nan          ,nan          ,0.0291678    ,-0.0292298   ,-0.0257945  ,0           ,0.0912847    ,0            ,0.0193699    ,-0.0015728   ,0.0946306    ,       1 ,       0 ,       1 ,       0 ,       1 ,       0
 3.74733 ,0.45 , 1.345 ,     0 ,0.258232 ,-0        ,         0 ,-0       ,1.775   ,-0.275    ,0           ,1.4477  ,-0.292631 ,0.0930543   ,1.075    ,-0.275    ,0           ,1.76702 ,0.15765   ,0.11629     ,1.475   ,0.325     ,0.00823529  ,1.0486   ,0.245439 ,0.0969093   ,0.357691    ,1.55566     ,1.33047     ,0.29718    ,0.794656    ,0.50283    ,0.427256  ,1.64943     ,1.25251     ,0.625137   ,-0.343761    ,-0.221921   ,0.37366     ,1.50802     ,1.24622     ,0.35099     ,0.844818    ,0.443534    ,nan          ,nan          ,nan         ,0.0271535    ,-0.0212088   ,-0.00356781  ,nan          ,nan          ,nan         ,0.0148728    ,0.0568669    ,0.0187097    ,nan          ,nan          ,nan          ,0.0300947    ,-0.0157315   ,-0.0118032  ,0           ,0.0930543    ,0            ,0.022694     ,-0.0015728   ,0.0969093    ,       1 ,       0 ,       1 ,       0 ,       1 ,       0
 3.787   ,0.5  , 1.35  ,     0 ,0.258301 ,-0        ,         0 ,-0       ,1.775   ,-0.275    ,0           ,1.45859 ,-0.292216 ,0.0933318   ,1.075    ,-0.275    ,0           ,1.77276 ,0.154252  ,0.118933    ,1.475   ,0.325     ,0.00823529  ,1.05955  ,0.245315 ,0.0975625   ,0.336959    ,1.5613      ,1.32362     ,0.329469   ,0.777566    ,0.50691    ,0.403117  ,1.65222     ,1.25204     ,0.644668   ,-0.240443    ,-0.179681   ,0.35224     ,1.51486     ,1.23976     ,0.386712    ,0.834267    ,0.437826    ,nan          ,nan          ,nan         ,0.0274475    ,-0.00771117  ,0.010439     ,nan          ,nan          ,nan         ,0.00894117   ,0.068799     ,0.0329034    ,nan          ,nan          ,nan          ,0.0304175    ,-0.00215808  ,0.00210407  ,0           ,0.0933319    ,0            ,0.0273381    ,-0.0015728   ,0.0975625    ,       1 ,       0 ,       1 ,       0 ,       1 ,       0
 3.82667 ,0.55 , 1.355 ,     0 ,0.258369 ,-0        ,         0 ,-0       ,1.775   ,-0.275    ,0           ,1.47012 ,-0.293049 ,0.0922128   ,1.075    ,-0.275    ,0           ,1.78012 ,0.155175  ,0.1214      ,1.475   ,0.325     ,0.00823529  ,1.0711   ,0.246313 ,0.0966418   ,0.315815    ,1.56707     ,1.31722     ,0.361782   ,0.776522    ,0.527383   ,0.378641  ,1.65462     ,1.25177     ,0.654513   ,-0.11883     ,-0.11351    ,0.330361    ,1.52183     ,1.23376     ,0.422456    ,0.839754    ,0.448475    ,nan          ,nan          ,nan         ,0.0271928    ,0.00598085   ,0.0241946    ,nan          ,nan          ,nan         ,0.00306953   ,0.0791655    ,0.0478746    ,nan          ,nan          ,nan          ,0.0301319    ,0.0114759    ,0.0159638   ,0           ,0.0922128    ,0            ,0.0335546    ,-0.0015728   ,0.0966418    ,       1 ,       0 ,       1 ,       0 ,       1 ,       0
 3.86702 ,0.6  , 1.36  ,     0 ,0.258438 ,-0        ,         0 ,-0       ,1.775   ,-0.275    ,0           ,1.4823  ,-0.295058 ,0.0897132   ,1.075    ,-0.275    ,0           ,1.78945 ,0.160694  ,0.122557    ,1.475   ,0.325     ,0.00823529  ,1.08325  ,0.248346 ,0.0941272   ,0.294263    ,1.57294     ,1.31126     ,0.393468   ,0.791778    ,0.563944   ,0.353855  ,1.65661     ,1.25168     ,0.65503    ,0.0186782    ,-0.0225565  ,0.308023    ,1.52891     ,1.2282      ,0.457503    ,0.861338    ,0.475454    ,nan          ,nan          ,nan         ,0.0263847    ,0.0198967    ,0.0376894    ,nan          ,nan          ,nan         ,-0.00229705  ,0.0882584    ,0.0628933    ,nan          ,nan          ,nan          ,0.0292338    ,0.0251555    ,0.0298129   ,0           ,0.0897132    ,0            ,0.0412604    ,-0.0015728   ,0.0941272    ,       1 ,       0 ,       1 ,       0 ,       1 ,       0
 3.90701 ,0.65 , 1.365 ,     0 ,0.258507 ,-0        ,         0 ,-0       ,1.775   ,-0.275    ,0           ,1.49504 ,-0.298111 ,0.0857648   ,1.075    ,-0.275    ,0           ,1.80057 ,0.170581  ,0.12127     ,1.475   ,0.325     ,0.00823529  ,1.09593  ,0.25128  ,0.0899322   ,0.272311    ,1.57888     ,1.30573     ,0.423872   ,0.823597    ,0.616285   ,0.328786  ,1.65818     ,1.25178     ,0.647443   ,0.170251     ,0.0926075   ,0.285233    ,1.53606     ,1.22307     ,0.49113     ,0.899073    ,0.518751    ,nan          ,nan          ,nan         ,0.0250234    ,0.0340366    ,0.0509234    ,nan          ,nan          ,nan         ,-0.00680702  ,0.0963083    ,0.0773831    ,nan          ,nan          ,nan          ,0.0277232    ,0.038881     ,0.0436514   ,0           ,0.0857648    ,0            ,0.0656152    ,-0.0015728   ,0.0899322    ,       1 ,       0 ,       1 ,       0 ,       1 ,       0
 3.94693 ,0.7  , 1.37  ,     0 ,0.258575 ,-0        ,         0 ,-0       ,1.775   ,-0.275    ,0           ,1.50822 ,-0.302029 ,0.0802179   ,1.075    ,-0.275    ,0           ,1.81299 ,0.184391  ,0.116559    ,1.475   ,0.325     ,0.00823529  ,1.10902  ,0.254931 ,0.0839129   ,0.249963    ,1.58486     ,1.3006      ,0.452343   ,0.872244    ,0.684099   ,0.303465  ,1.65933     ,1.25206     ,0.633158   ,0.334177     ,0.231114    ,0.261997    ,1.54326     ,1.21835     ,0.522615    ,0.953012    ,0.578352    ,nan          ,nan          ,nan         ,0.0231087    ,0.0484003    ,0.0638964    ,nan          ,nan          ,nan         ,-0.0104604   ,0.103315     ,0.0913441    ,nan          ,nan          ,nan          ,0.0256001    ,0.0526521    ,0.0574793   ,0           ,0.0802179    ,0            ,0.0753205    ,-0.0015728   ,0.0839129    ,       1 ,       0 ,       1 ,       0 ,       1 ,       0
 3.98655 ,0.75 , 1.375 ,     0 ,0.258644 ,-0        ,         0 ,-0       ,1.775   ,-0.275    ,0           ,1.52161 ,-0.306576 ,0.0728521   ,1.075    ,-0.275    ,0           ,1.82602 ,0.201517  ,0.107701    ,1.475   ,0.325     ,0.00823529  ,1.12229  ,0.259068 ,0.0758832   ,0.227229    ,1.59086     ,1.29587     ,0.478227   ,0.937984    ,0.767076   ,0.277923  ,1.66006     ,1.25251     ,0.613582   ,0.508746     ,0.392095    ,0.238323    ,1.55046     ,1.21404     ,0.551238    ,1.02321     ,0.654245    ,nan          ,nan          ,nan         ,0.0206406    ,0.0629879    ,0.0766086    ,nan          ,nan          ,nan         ,-0.0132502   ,0.109287     ,0.104763     ,nan          ,nan          ,nan          ,0.0228645    ,0.066469     ,0.0712965   ,0           ,0.0728521    ,0            ,0.0809816    ,-0.0015728   ,0.0758832    ,       1 ,       0 ,       1 ,       0 ,       1 ,       0
 4.02669 ,0.8  , 1.38  ,     0 ,0.258712 ,-0        ,         0 ,-0       ,1.775   ,-0.275    ,0           ,1.53485 ,-0.311454 ,0.0633979   ,1.075    ,-0.275    ,0           ,1.83887 ,0.220912  ,0.0943309   ,1.475   ,0.325     ,0.00823529  ,1.13538  ,0.263412 ,0.0656383   ,0.204121    ,1.59684     ,1.29152     ,0.500869   ,1.02108     ,0.86491    ,0.252194  ,1.66035     ,1.25313     ,0.590533   ,0.6927       ,0.57387     ,0.214221    ,1.55764     ,1.21011     ,0.576274    ,1.10972     ,0.746419    ,nan          ,nan          ,nan         ,0.0176193    ,0.0777995    ,0.0890598    ,nan          ,nan          ,nan         ,-0.014516    ,0.114947     ,0.116339     ,nan          ,nan          ,nan          ,0.0195164    ,0.0803317    ,0.0851031   ,0           ,0.0633979    ,0            ,0.0851141    ,-0.0015728   ,0.0656383    ,       1 ,       0 ,       1 ,       0 ,       1 ,       0
 4.0671  ,0.85 , 1.385 ,     0 ,0.258781 ,-0        ,         0 ,-0       ,1.775   ,-0.275    ,0           ,1.54748 ,-0.316283 ,0.0515716   ,1.075    ,-0.275    ,0           ,1.85065 ,0.240527  ,0.0764411   ,1.475   ,0.325     ,0.00823529  ,1.14785  ,0.267626 ,0.0529895   ,0.18065     ,1.60277     ,1.28754     ,0.519617   ,1.1218      ,0.977291   ,0.226311  ,1.66022     ,1.25393     ,0.567014   ,0.886078     ,0.772429    ,0.189705    ,1.56475     ,1.20655     ,0.597004    ,1.2126      ,0.854859    ,nan          ,nan          ,nan         ,0.0140446    ,0.092835     ,0.10125      ,nan          ,nan          ,nan         ,-0.0138238   ,0.120773     ,0.12522      ,nan          ,nan          ,nan          ,0.0155559    ,0.0942401    ,0.0988991   ,0           ,0.0515716    ,0            ,0.0742056    ,-0.0015728   ,0.0529895    ,       1 ,       0 ,       1 ,       0 ,       1 ,       0
 4.10685 ,0.9  , 1.39  ,     0 ,0.25885  ,-0        ,         0 ,-0       ,1.775   ,-0.275    ,0           ,1.55888 ,-0.320583 ,0.0371256   ,1.075    ,-0.275    ,0           ,1.86075 ,0.257881  ,0.0543121   ,1.475   ,0.325     ,0.00823529  ,1.15908  ,0.271307 ,0.0378089   ,0.156831    ,1.60862     ,1.28391     ,0.533818   ,1.2404      ,1.10391    ,0.200311  ,1.65967     ,1.25491     ,0.546237   ,1.08915      ,0.98335     ,0.164791    ,1.57176     ,1.20334     ,0.612705    ,1.3319      ,0.979555    ,nan          ,nan          ,nan         ,0.00991663   ,0.108094     ,0.11318      ,nan          ,nan          ,nan         ,-0.0111736   ,0.126765     ,0.131406     ,nan          ,nan          ,nan          ,0.0109828    ,0.108194     ,0.112684    ,0           ,0.0371256    ,0            ,0.0543121    ,-0.0015728   ,0.0378089    ,       1 ,       1 ,       1 ,       1 ,       1 ,       1
 4.14658 ,0.95 , 1.395 ,     0 ,0.258918 ,-0        ,         0 ,-0       ,1.775   ,-0.275    ,0           ,1.56833 ,-0.323744 ,0.0199182   ,1.075    ,-0.275    ,0           ,1.86891 ,0.270281  ,0.0285214   ,1.475   ,0.325     ,0.00823529  ,1.16839  ,0.273963 ,0.0200873   ,0.132681    ,1.61436     ,1.28062     ,0.542818   ,1.37716     ,1.24447    ,0.174228  ,1.65871     ,1.25607     ,0.531415   ,1.30219      ,1.20221     ,0.139495    ,1.57863     ,1.20046     ,0.622654    ,1.46767     ,1.12049     ,nan          ,nan          ,nan         ,0.00523531   ,0.123578     ,0.124848     ,nan          ,nan          ,nan         ,-0.00656547  ,0.132921     ,0.134895     ,nan          ,nan          ,nan          ,0.00579725   ,0.122194     ,0.126459    ,0           ,0.0199182    ,0            ,0.0285214    ,-0.0015728   ,0.0200873    ,       1 ,       1 ,       1 ,       1 ,       1 ,       1
 4.20475 ,0    , 1.4   ,     0 ,0.258987 ,-0        ,         0 ,-0       ,1.775   ,-0.274998 ,1.58982e-06 ,1.575   ,-0.325    ,0           ,1.075    ,-0.274999 ,1.67384e-06 ,1.875   ,0.275     ,0           ,1.475   ,0.324998  ,0.00823696  ,1.175    ,0.275    ,0           ,0.108218    ,1.61997     ,1.27766     ,0.545964   ,1.53232     ,1.39864    ,0.148098  ,1.65734     ,1.25742     ,0.525761   ,1.52547      ,1.42458     ,0.113838    ,1.58534     ,1.1979      ,0.62613     ,1.61997     ,1.27766     ,-0.00293387  ,-0.144044    ,-0.124025   ,nan          ,nan          ,nan          ,8.5994e-07   ,-0.134065    ,-0.141114   ,nan          ,nan          ,nan          ,-0.0246055   ,-0.103857    ,-0.137198    ,nan          ,nan          ,nan         ,8.09721e-07 ,0            ,1.67384e-06  ,0            ,-0.00157142  ,0            ,       1 ,       1 ,       1 ,       1 ,       1 ,       1
 4.22653 ,0.05 , 1.405 ,     0 ,0.258106 ,-0        ,         0 ,-0       ,1.78049 ,-0.279503 ,0.0182505   ,1.575   ,-0.325    ,0           ,1.08049  ,-0.273852 ,0.019784    ,1.875   ,0.275     ,0           ,1.47165 ,0.319882  ,0.0333064   ,1.175    ,0.275    ,0           ,0.108216    ,1.45887     ,1.14021     ,0.528589   ,1.52934     ,1.38054    ,0.151582  ,1.50294     ,1.0963      ,0.508704   ,1.5215       ,1.40604     ,0.0722163   ,1.40575     ,0.988576    ,0.605832    ,1.61823     ,1.26761     ,0.00283063   ,-0.13238     ,-0.111864   ,nan          ,nan          ,nan          ,0.00571581   ,-0.123649    ,-0.127877   ,nan          ,nan          ,nan          ,-0.0255641   ,-0.113747    ,-0.117282    ,nan          ,nan          ,nan         ,0.0153887   ,0            ,0.019784     ,0            ,0.0221648    ,0            ,       0 ,       1 ,       0 ,       1 ,       0 ,       1
 4.26699 ,0.1  , 1.41  ,     0 ,0.257225 ,-0        ,         0 ,-0       ,1.78696 ,-0.280803 ,0.034491    ,1.575   ,-0.325    ,0           ,1.08689  ,-0.270833 ,0.037457    ,1.875   ,0.275     ,0           ,1.46906 ,0.319288  ,0.0552493   ,1.175    ,0.275    ,0           ,0.114581    ,1.31154     ,1.01696     ,0.510785   ,1.52671     ,1.36298    ,0.161551  ,1.36124     ,0.95107     ,0.491253   ,1.51785      ,1.38803     ,0.0308621   ,1.21228     ,0.81062     ,0.585062    ,1.61631     ,1.25785     ,0.00799259   ,-0.120435    ,-0.099649   ,nan          ,nan          ,nan          ,0.0108258    ,-0.112863    ,-0.114577   ,nan          ,nan          ,nan          ,-0.0242809   ,-0.120705    ,-0.0991101   ,nan          ,nan          ,nan         ,0.0240457   ,0            ,0.037457     ,0            ,0.0311533    ,0            ,       0 ,       1 ,       0 ,       1 ,       0 ,       1
 4.30655 ,0.15 , 1.415 ,     0 ,0.256345 ,-0        ,         0 ,-0       ,1.79436 ,-0.27973  ,0.0484401   ,1.575   ,-0.325    ,0           ,1.09407  ,-0.266581 ,0.0527197   ,1.875   ,0.275     ,0           ,1.46732 ,0.321159  ,0.0734121   ,1.175    ,0.275    ,0           ,0.12661     ,1.17828     ,0.907972    ,0.492546   ,1.52441     ,1.34596    ,0.177278  ,1.23269     ,0.821813    ,0.473401   ,1.51452      ,1.37056     ,-0.00653247 ,1.00976     ,0.661157    ,0.563828    ,1.61417     ,1.24837     ,0.012552     ,-0.108209    ,-0.0873801  ,nan          ,nan          ,nan          ,0.0153307    ,-0.101707    ,-0.101215   ,nan          ,nan          ,nan          ,-0.0207557   ,-0.124732    ,-0.0826816   ,nan          ,nan          ,nan         ,0.0315709   ,0            ,0.0527197    ,0            ,0.0380559    ,0            ,       0 ,       1 ,       0 ,       1 ,       0 ,       1
 4.34658 ,0.2  , 1.42  ,     0 ,0.255464 ,-0        ,         0 ,-0       ,1.80255 ,-0.277049 ,0.0600168   ,1.575   ,-0.325    ,0           ,1.10189  ,-0.261698 ,0.0654605   ,1.875   ,0.275     ,0           ,1.46684 ,0.324417  ,0.0878394   ,1.175    ,0.275    ,0           ,0.143602    ,1.05944     ,0.813317    ,0.473865   ,1.52242     ,1.32944    ,0.198039  ,1.11772     ,0.708602    ,0.455145   ,1.51147      ,1.35359     ,-0.0362749  ,0.803027    ,0.537315    ,0.542136    ,1.6118      ,1.23916     ,0.0165089    ,-0.0957035   ,-0.0750574  ,nan          ,nan          ,nan          ,0.0192307    ,-0.0901789   ,-0.0877886  ,nan          ,nan          ,nan          ,-0.0149885   ,-0.125826    ,-0.0679966   ,nan          ,nan          ,nan         ,0.040488    ,0            ,0.0654605    ,0            ,0.0279743    ,0            ,       0 ,       1 ,       0 ,       1 ,       0 ,       1
 4.38717 ,0.25 , 1.425 ,     0 ,0.254583 ,-0        ,         0 ,-0       ,1.81142 ,-0.273431 ,0.0692893   ,1.575   ,-0.325    ,0           ,1.11023  ,-0.256721 ,0.0757146   ,1.875   ,0.275     ,0           ,1.46826 ,0.328589  ,0.0990363   ,1.175    ,0.275    ,0           ,0.164854    ,0.955332    ,0.733054    ,0.454736   ,1.52071     ,1.31344    ,0.22311   ,1.01678     ,0.611511    ,0.436481   ,1.5087       ,1.33713     ,-0.0546836  ,0.596906    ,0.436226    ,0.519997    ,1.60915     ,1.23021     ,0.0198633    ,-0.0829169   ,-0.0626809  ,nan          ,nan          ,nan          ,0.0225257    ,-0.0782806   ,-0.0742996  ,nan          ,nan          ,nan          ,-0.00705331  ,-0.123996    ,-0.0550364   ,nan          ,nan          ,nan         ,0.0482145   ,0            ,0.0757146    ,0            ,0.0297226    ,0            ,       0 ,       1 ,       0 ,       1 ,       0 ,       1
 4.42695 ,0.3  , 1.43  ,     0 ,0.253703 ,-0        ,         0 ,-0       ,1.82085 ,-0.269436 ,0.076423    ,1.575   ,-0.325    ,0           ,1.11903  ,-0.252103 ,0.0836192   ,1.875   ,0.275     ,0           ,1.47213 ,0.333515  ,0.107774    ,1.175    ,0.275    ,0           ,0.189664    ,0.86629     ,0.667245    ,0.435154   ,1.51928     ,1.29793    ,0.251765  ,0.930317    ,0.530617    ,0.417405   ,1.50618      ,1.32116     ,-0.0591967  ,0.396099    ,0.355303    ,0.497423    ,1.60621     ,1.2215      ,0.0226151    ,-0.0698497   ,-0.0502506  ,nan          ,nan          ,nan          ,0.0252156    ,-0.0660116   ,-0.0607477  ,nan          ,nan          ,nan          ,0.00159852   ,-0.119405    ,-0.0434359   ,nan          ,nan          ,nan         ,0.0543963   ,0            ,0.0836192    ,0            ,0.0288916    ,0            ,       0 ,       1 ,       0 ,       1 ,       0 ,       1
 4.46689 ,0.35 , 1.435 ,     0 ,0.252822 ,-0        ,         0 ,-0       ,1.83076 ,-0.265515 ,0.0816338   ,1.575   ,-0.325    ,0           ,1.12824  ,-0.248198 ,0.089371    ,1.875   ,0.275     ,0           ,1.47874 ,0.339114  ,0.114928    ,1.175    ,0.275    ,0           ,0.21733     ,0.79264     ,0.615954    ,0.415116   ,1.51809     ,1.28291    ,0.28328   ,0.858775    ,0.465995    ,0.397915   ,1.50388      ,1.30566     ,-0.0493333  ,0.205076    ,0.292482    ,0.47443     ,1.60295     ,1.21302     ,0.0247644    ,-0.0565019   ,-0.0377665  ,nan          ,nan          ,nan          ,0.0273006    ,-0.0533719   ,-0.0471327  ,nan          ,nan          ,nan          ,0.010405     ,-0.112114    ,-0.0330535   ,nan          ,nan          ,nan         ,0.0572087   ,0            ,0.089371     ,0            ,0.0255018    ,0            ,       0 ,       1 ,       0 ,       1 ,       0 ,       1
 4.50696 ,0.4  , 1.44  ,     0 ,0.251941 ,-0        ,         0 ,-0       ,1.8411  ,-0.262011 ,0.0851469   ,1.575   ,-0.325    ,0           ,1.1379   ,-0.245263 ,0.0931871   ,1.875   ,0.275     ,0           ,1.48843 ,0.344989  ,0.121298    ,1.175    ,0.275    ,0           ,0.247149    ,0.734709    ,0.579243    ,0.394618   ,1.51712     ,1.26836    ,0.316931  ,0.802595    ,0.41772     ,0.378011   ,1.50179      ,1.29064     ,-0.0248386  ,0.0282827   ,0.245758    ,0.451034    ,1.59934     ,1.20477     ,0.0263112    ,-0.0428736   ,-0.0252286  ,nan          ,nan          ,nan          ,0.0287806    ,-0.0403614   ,-0.0334547  ,nan          ,nan          ,nan          ,0.019366     ,-0.102125    ,-0.0238893   ,nan          ,nan          ,nan         ,0.0595564   ,0            ,0.0931871    ,0            ,0.01953      ,0            ,       0 ,       1 ,       0 ,       1 ,       0 ,       1
 4.54702 ,0.45 , 1.445 ,     0 ,0.25106  ,-0        ,         0 ,-0       ,1.85186 ,-0.259178 ,0.0871639   ,1.575   ,-0.325    ,0           ,1.14804  ,-0.243464 ,0.0952718   ,1.875   ,0.275     ,0           ,1.50157 ,0.350373  ,0.127421    ,1.175    ,0.275    ,0           ,0.27842     ,0.692823    ,0.557174    ,0.37366    ,1.51635     ,1.25427    ,0.351992  ,0.762224    ,0.385868    ,0.357691   ,1.49989      ,1.27608     ,0.0145419   ,-0.129836   ,0.213124    ,0.427256    ,1.59536     ,1.19674     ,0.0272555    ,-0.0289646   ,-0.0126368  ,nan          ,nan          ,nan          ,0.0296556    ,-0.0269802   ,-0.0197138  ,nan          ,nan          ,nan          ,0.0284816    ,-0.0894368   ,-0.0159432   ,nan          ,nan          ,nan         ,0.0568717   ,0            ,0.0952719    ,0            ,0.0236113    ,0            ,       0 ,       1 ,       0 ,       1 ,       0 ,       1
 4.587   ,0.5  , 1.45  ,     0 ,0.25018  ,-0        ,         0 ,-0       ,1.86303 ,-0.257187 ,0.0878373   ,1.575   ,-0.325    ,0           ,1.15873  ,-0.242881 ,0.0957896   ,1.875   ,0.275     ,0           ,1.51834 ,0.354298  ,0.133475    ,1.175    ,0.275    ,0           ,0.31044     ,0.667309    ,0.549811    ,0.35224    ,1.51575     ,1.24062    ,0.387739  ,0.738103    ,0.370514    ,0.336959   ,1.49814      ,1.26196     ,0.0685532   ,-0.265038   ,0.192771    ,0.403117    ,1.59098     ,1.18891     ,0.0275977    ,-0.014775    ,8.47544e-06 ,nan          ,nan          ,nan          ,0.0299259    ,-0.0132287   ,-0.00590964 ,nan          ,nan          ,nan          ,0.0366816    ,-0.0744775   ,-0.00880044  ,nan          ,nan          ,nan         ,0.0590444   ,0            ,0.0957896    ,0            ,0.0285099    ,0            ,       0 ,       1 ,       0 ,       1 ,       0 ,       1
 4.62643 ,0.55 , 1.455 ,     0 ,0.249299 ,-0        ,         0 ,-0       ,1.87461 ,-0.256141 ,0.0872509   ,1.575   ,-0.325    ,0           ,1.17002  ,-0.243523 ,0.0948429   ,1.875   ,0.275     ,0           ,1.53811 ,0.356214  ,0.139479    ,1.175    ,0.275    ,0           ,0.34252     ,0.658499    ,0.55721     ,0.33036    ,1.5153      ,1.22742    ,0.423452  ,0.730671    ,0.371737    ,0.315815   ,1.49653      ,1.24828     ,0.133894    ,-0.374302   ,0.184072    ,0.378641    ,1.5862      ,1.18128     ,0.0273638    ,-0.000295695 ,0.012697    ,nan          ,nan          ,nan          ,0.0295996    ,0.000877215  ,0.00796288  ,nan          ,nan          ,nan          ,0.0422165    ,-0.0579472   ,-0.00178285  ,nan          ,nan          ,nan         ,0.0613139   ,0            ,0.0948429    ,0            ,0.0331895    ,0            ,       0 ,       1 ,       0 ,       1 ,       0 ,       1
 4.66646 ,0.6  , 1.46  ,     0 ,0.248418 ,-0        ,         0 ,-0       ,1.88658 ,-0.256079 ,0.0854063   ,1.575   ,-0.325    ,0           ,1.18193  ,-0.245336 ,0.0924567   ,1.875   ,0.275     ,0           ,1.5598  ,0.355896  ,0.145309    ,1.175    ,0.275    ,0           ,0.374       ,0.666734    ,0.579419    ,0.308023   ,1.51496     ,1.21464    ,0.458419  ,0.740344    ,0.38962     ,0.294263   ,1.49503      ,1.23501     ,0.206135    ,-0.455055   ,0.186835    ,0.353855    ,1.58099     ,1.17385     ,0.0265687    ,0.0144782    ,0.0254229   ,nan          ,nan          ,nan          ,0.0286809    ,0.0153302    ,0.0219063   ,nan          ,nan          ,nan          ,0.0450614    ,-0.0398557   ,0.00511924   ,nan          ,nan          ,nan         ,0.063702    ,0            ,0.0924567    ,0            ,0.0396225    ,0            ,       0 ,       1 ,       0 ,       1 ,       0 ,       1
 4.70649 ,0.65 , 1.465 ,     0 ,0.247538 ,-0        ,         0 ,-0       ,1.8989  ,-0.256986 ,0.0822159   ,1.575   ,-0.325    ,0           ,1.19444  ,-0.24821  ,0.0885695   ,1.875   ,0.275     ,0           ,1.58225 ,0.353438  ,0.150667    ,1.175    ,0.275    ,0           ,0.404226    ,0.692358    ,0.616479    ,0.285233   ,1.5147      ,1.20227    ,0.49193   ,0.767538    ,0.424249    ,0.272311   ,1.4936       ,1.22216     ,0.280846    ,-0.504727   ,0.200871    ,0.328786    ,1.57534     ,1.16661     ,0.0252122    ,0.0295466    ,0.0381861   ,nan          ,nan          ,nan          ,0.0271696    ,0.0301302    ,0.0359206   ,nan          ,nan          ,nan          ,0.0452163    ,-0.020203    ,0.0119058    ,nan          ,nan          ,nan         ,0.0661445   ,0            ,0.0885695    ,0            ,0.0449808    ,0            ,       0 ,       1 ,       0 ,       1 ,       0 ,       1
 4.74682 ,0.7  , 1.47  ,     0 ,0.246657 ,-0        ,         0 ,-0       ,1.91148 ,-0.258798 ,0.0775017   ,1.575   ,-0.325    ,0           ,1.20745  ,-0.25198  ,0.0830312   ,1.875   ,0.275     ,0           ,1.6043  ,0.349342  ,0.155101    ,1.175    ,0.275    ,0           ,0.432545    ,0.735714    ,0.668435    ,0.261997   ,1.5145      ,1.1903     ,0.523276  ,0.812669    ,0.475708    ,0.249963   ,1.49223      ,1.20971     ,0.353598    ,-0.520746   ,0.225989    ,0.303465    ,1.56923     ,1.15957     ,0.0232945    ,0.0449096    ,0.0509867   ,nan          ,nan          ,nan          ,0.0250657    ,0.0452773    ,0.0500057   ,nan          ,nan          ,nan          ,0.0426812    ,0.00101075   ,0.0185769    ,nan          ,nan          ,nan         ,0.077839    ,0            ,0.0830313    ,0            ,0.0494152    ,0            ,       0 ,       1 ,       0 ,       1 ,       0 ,       1
 4.78676 ,0.75 , 1.475 ,     0 ,0.245776 ,-0        ,         0 ,-0       ,1.92414 ,-0.261388 ,0.0710012   ,1.575   ,-0.325    ,0           ,1.22077  ,-0.256424 ,0.0756093   ,1.875   ,0.275     ,0           ,1.62493 ,0.344458  ,0.157975    ,1.175    ,0.275    ,0           ,0.458302    ,0.797145    ,0.735329    ,0.238323   ,1.51431     ,1.17872    ,0.551747  ,0.876153    ,0.544083    ,0.227229   ,1.49088      ,1.19764     ,0.420106    ,-0.50024    ,0.261923    ,0.277923    ,1.56267     ,1.15271     ,0.0208154    ,0.0605672    ,0.0638246   ,nan          ,nan          ,nan          ,0.0223694    ,0.0607714    ,0.0641618   ,nan          ,nan          ,nan          ,0.0377642    ,0.0244136    ,0.0249748    ,nan          ,nan          ,nan         ,0.0710012   ,0            ,0.0756093    ,0            ,0.0522884    ,0            ,       0 ,       1 ,       0 ,       1 ,       0 ,       1
 4.827   ,0.8  , 1.48  ,     0 ,0.244895 ,-0        ,         0 ,-0       ,1.93663 ,-0.264558 ,0.0623846   ,1.575   ,-0.325    ,0           ,1.23406  ,-0.261253 ,0.0660063   ,1.875   ,0.275     ,0           ,1.64337 ,0.339612  ,0.158236    ,1.175    ,0.275    ,0           ,0.480842    ,0.876994    ,0.817207    ,0.214221   ,1.51412     ,1.1675     ,0.576633  ,0.958406    ,0.629458    ,0.204121   ,1.48953      ,1.18595     ,0.476959    ,-0.438564   ,0.307963    ,0.252194    ,1.55563     ,1.14604     ,0.0177751    ,0.0765194    ,0.0766998   ,nan          ,nan          ,nan          ,0.0190804    ,0.0766126    ,0.0783887   ,nan          ,nan          ,nan          ,0.0309627    ,0.0510187    ,0.0308448    ,nan          ,nan          ,nan         ,0.0623846   ,0            ,0.0660063    ,0            ,0.0525498    ,0            ,       0 ,       1 ,       0 ,       1 ,       0 ,       1
 4.86711 ,0.85 , 1.485 ,     0 ,0.244015 ,-0        ,         0 ,-0       ,1.94854 ,-0.268013 ,0.0512841   ,1.575   ,-0.325    ,0           ,1.24685  ,-0.266092 ,0.053893    ,1.875   ,0.275     ,0           ,1.65891 ,0.335515  ,0.154538    ,1.175    ,0.275    ,0           ,0.499512    ,0.975605    ,0.91411     ,0.189705   ,1.51388     ,1.15664    ,0.597224  ,1.05984     ,0.731917    ,0.18065    ,1.48814      ,1.17462     ,0.521064    ,-0.330423   ,0.363233    ,0.226311    ,1.54813     ,1.13956     ,0.0141734    ,0.0927662    ,0.0896123   ,nan          ,nan          ,nan          ,0.015199     ,0.0928008    ,0.0926865   ,nan          ,nan          ,nan          ,0.0222834    ,0.0808398    ,0.0361837    ,nan          ,nan          ,nan         ,0.0512841   ,0            ,0.053893     ,0            ,0.0484856    ,0            ,       0 ,       1 ,       0 ,       1 ,       0 ,       1
 4.90678 ,0.9  , 1.49  ,     0 ,0.243134 ,-0        ,         0 ,-0       ,1.95937 ,-0.271329 ,0.0373423   ,1.575   ,-0.325    ,0           ,1.25851  ,-0.270453 ,0.0389609   ,1.875   ,0.275     ,0           ,1.67056 ,0.332468  ,0.145371    ,1.175    ,0.275    ,0           ,0.513658    ,1.09332     ,1.02608     ,0.164791   ,1.51355     ,1.14612    ,0.61281   ,1.18088     ,0.851547    ,0.156831   ,1.48667      ,1.16363     ,0.549328    ,-0.170518   ,0.426858    ,0.200311    ,1.54016     ,1.13327     ,0.0100104    ,0.109308     ,0.102562    ,nan          ,nan          ,nan          ,0.0107249    ,0.109336     ,0.107055    ,nan          ,nan          ,nan          ,0.0117264    ,0.113877     ,0.0409912    ,nan          ,nan          ,nan         ,0.0373423   ,0            ,0.0389609    ,0            ,0.0398837    ,0            ,       1 ,       1 ,       1 ,       1 ,       1 ,       1
 4.94671 ,0.95 , 1.495 ,     0 ,0.242253 ,-0        ,         0 ,-0       ,1.96845 ,-0.27392  ,0.0202819   ,1.575   ,-0.325    ,0           ,1.26821  ,-0.273698 ,0.0209997   ,1.875   ,0.275     ,0           ,1.67673 ,0.329784  ,0.129307    ,1.175    ,0.275    ,0           ,0.522626    ,1.23049     ,1.15317     ,0.139495   ,1.51311     ,1.13592    ,0.622682  ,1.32193     ,0.988432    ,0.132681   ,1.48511      ,1.15298     ,0.558659    ,0.0464461   ,0.497963    ,0.174228    ,1.53171     ,1.12719     ,0.00528614   ,0.126143     ,0.115549    ,nan          ,nan          ,nan          ,0.00565838   ,0.126218     ,0.121495    ,nan          ,nan          ,nan          ,-0.000708495 ,0.15013      ,0.0452676    ,nan          ,nan          ,nan         ,0.0202819   ,0            ,0.0209997    ,0            ,0.0240476    ,0            ,       1 ,       1 ,       1 ,       1 ,       1 ,       1
 5.00537 ,0    , 1.5   ,     0 ,0.241373 ,-0        ,         0 ,-0       ,1.975   ,-0.275    ,0           ,1.575   ,-0.324998 ,1.6738e-06  ,1.275    ,-0.275    ,0           ,1.875   ,0.274998  ,1.60288e-06 ,1.675   ,0.325     ,0.105686    ,1.175    ,0.274999 ,1.69657e-06 ,0.525761    ,1.38744     ,1.29541     ,0.113838   ,1.51251     ,1.12603    ,0.62613   ,1.48342     ,1.14266     ,0.108218   ,1.48342      ,1.14266     ,0.545964    ,0.325766    ,0.575675    ,0.148098    ,1.52281     ,1.12132     ,nan          ,nan          ,nan         ,-7.52713e-07 ,-0.14207     ,-0.137064    ,nan          ,nan          ,nan         ,-7.16793e-07 ,-0.143448    ,-0.136005    ,nan          ,nan          ,nan          ,7.65228e-07  ,-0.141506    ,-0.137374   ,0           ,1.6738e-06   ,0            ,1.60288e-06  ,-0.0017449   ,1.69657e-06  ,       1 ,       1 ,       1 ,       1 ,       1 ,       1
 5.02662 ,0.05 , 1.505 ,     0 ,0.242185 ,-0        ,         0 ,-0       ,1.975   ,-0.275    ,0           ,1.58042 ,-0.323483 ,0.0208103   ,1.275    ,-0.275    ,0           ,1.88043 ,0.273432  ,0.0207216   ,1.675   ,0.325     ,0.105686    ,1.18042  ,0.273483 ,0.0209077   ,0.508704    ,1.39661     ,1.289       ,0.116906   ,1.35208     ,0.972957   ,0.605832  ,1.49503     ,1.14545     ,0.111168   ,1.32205      ,0.99112     ,0.528589    ,0.325067    ,0.559867    ,0.151507    ,1.36349     ,0.966741    ,nan          ,nan          ,nan         ,0.00506741   ,-0.127424    ,-0.120121    ,nan          ,nan          ,nan         ,0.00488407   ,-0.128201    ,-0.119136    ,nan          ,nan          ,nan          ,0.00562371   ,-0.125899    ,-0.122055   ,0           ,0.0208103    ,0            ,0.0207216    ,-0.0017449   ,0.0209077    ,       1 ,       0 ,       1 ,       0 ,       1 ,       0
 5.06716 ,0.1  , 1.51  ,     0 ,0.242997 ,-0        ,         0 ,-0       ,1.975   ,-0.275    ,0           ,1.58663 ,-0.319665 ,0.0385821   ,1.275    ,-0.275    ,0           ,1.88667 ,0.269504  ,0.038341    ,1.675   ,0.325     ,0.105686    ,1.18666  ,0.269697 ,0.038918    ,0.491253    ,1.40614     ,1.28317     ,0.125698   ,1.20905     ,0.839852   ,0.585062  ,1.50641     ,1.14857     ,0.119625   ,1.17872      ,0.859424    ,0.510785    ,0.325324    ,0.544785    ,0.161272    ,1.22265     ,0.830326    ,nan          ,nan          ,nan         ,0.00961398   ,-0.112849    ,-0.103523    ,nan          ,nan          ,nan         ,0.00926875   ,-0.113088    ,-0.102608    ,nan          ,nan          ,nan          ,0.0106654    ,-0.110468    ,-0.106897   ,0           ,0.0385821    ,0            ,0.038341     ,-0.0017449   ,0.0389179    ,       1 ,       0 ,       1 ,       0 ,       1 ,       0
 5.10663 ,0.15 , 1.515 ,     0 ,0.243809 ,-0        ,         0 ,-0       ,1.975   ,-0.275    ,0           ,1.59355 ,-0.314534 ,0.0532737   ,1.275    ,-0.275    ,0           ,1.89363 ,0.264252  ,0.0528529   ,1.675   ,0.325     ,0.105686    ,1.19362  ,0.264662 ,0.0539734   ,0.473401    ,1.41603     ,1.27793     ,0.139593   ,1.08333     ,0.726304   ,0.563828  ,1.51752     ,1.15201     ,0.132995   ,1.05327      ,0.747163    ,0.492546    ,0.326582    ,0.530457    ,0.176698    ,1.10011     ,0.71188     ,nan          ,nan          ,nan         ,0.0136389    ,-0.0983439   ,-0.0872686   ,nan          ,nan          ,nan         ,0.0131533    ,-0.098109    ,-0.0864192   ,nan          ,nan          ,nan          ,0.0151259    ,-0.0952119   ,-0.0919007  ,0           ,0.0532737    ,0            ,0.0528529    ,-0.0017449   ,0.0539734    ,       1 ,       0 ,       1 ,       0 ,       1 ,       0
 5.14698 ,0.2  , 1.52  ,     0 ,0.244621 ,-0        ,         0 ,-0       ,1.975   ,-0.275    ,0           ,1.60108 ,-0.308916 ,0.0650435   ,1.275    ,-0.275    ,0           ,1.90122 ,0.258528  ,0.0644492   ,1.675   ,0.325     ,0.105686    ,1.20123  ,0.259212 ,0.066214    ,0.455145    ,1.42624     ,1.27327     ,0.157969   ,0.974837    ,0.631903   ,0.542136  ,1.52834     ,1.15574     ,0.150683   ,0.94554      ,0.653935    ,0.473865    ,0.328884    ,0.516912    ,0.197094    ,0.995641    ,0.61121     ,nan          ,nan          ,nan         ,0.0171423    ,-0.0839093   ,-0.0713592   ,nan          ,nan          ,nan         ,0.0165378    ,-0.0832637   ,-0.0705714   ,nan          ,nan          ,nan          ,0.0190051    ,-0.0801316   ,-0.0770654  ,0           ,0.0595988    ,0            ,0.0644492    ,-0.0017449   ,0.066214     ,       1 ,       0 ,       1 ,       0 ,       1 ,       0
 5.18667 ,0.25 , 1.525 ,     0 ,0.245433 ,-0        ,         0 ,-0       ,1.975   ,-0.275    ,0           ,1.60916 ,-0.303462 ,0.0741691   ,1.275    ,-0.275    ,0           ,1.90937 ,0.252992  ,0.0734325   ,1.675   ,0.325     ,0.105686    ,1.20939  ,0.253993 ,0.0758915   ,0.436481    ,1.43674     ,1.26918     ,0.180206   ,0.883489    ,0.55624    ,0.519997  ,1.53884     ,1.15976     ,0.172095   ,0.855365     ,0.579333    ,0.454736    ,0.332268    ,0.504179    ,0.221767    ,0.90904     ,0.528125    ,nan          ,nan          ,nan         ,0.020124     ,-0.0695452   ,-0.0557943   ,nan          ,nan          ,nan         ,0.0194221    ,-0.0685523   ,-0.0550638   ,nan          ,nan          ,nan          ,0.0223031    ,-0.0652268   ,-0.0623913  ,0           ,0.0660517    ,0            ,0.0734325    ,-0.0017449   ,0.0758915    ,       1 ,       0 ,       1 ,       0 ,       1 ,       0
 5.22656 ,0.3  , 1.53  ,     0 ,0.246245 ,-0        ,         0 ,-0       ,1.975   ,-0.275    ,0           ,1.61776 ,-0.298657 ,0.0809791   ,1.275    ,-0.275    ,0           ,1.91805 ,0.248132  ,0.080147    ,1.675   ,0.325     ,0.105686    ,1.21806  ,0.249475 ,0.0832997   ,0.417405    ,1.44752     ,1.26564     ,0.205683   ,0.809202    ,0.498905   ,0.497423  ,1.549       ,1.16405     ,0.196637   ,0.782589     ,0.522954    ,0.435154    ,0.33677     ,0.492287    ,0.250024    ,0.840099    ,0.462433    ,nan          ,nan          ,nan         ,0.0225842    ,-0.0552514   ,-0.0405739   ,nan          ,nan          ,nan         ,0.0218064    ,-0.0539746   ,-0.0398967   ,nan          ,nan          ,nan          ,0.0250198    ,-0.0504975   ,-0.0478785  ,0           ,0.046497     ,0            ,0.080147     ,-0.0017449   ,0.0832997    ,       1 ,       0 ,       1 ,       0 ,       1 ,       0
 5.26663 ,0.35 , 1.535 ,     0 ,0.247057 ,-0        ,         0 ,-0       ,1.975   ,-0.275    ,0           ,1.62687 ,-0.294836 ,0.085801    ,1.275    ,-0.275    ,0           ,1.92725 ,0.244279  ,0.0849263   ,1.675   ,0.325     ,0.105686    ,1.22725  ,0.245973 ,0.0887241   ,0.397915    ,1.45854     ,1.26264     ,0.233779   ,0.751892    ,0.459486   ,0.47443   ,1.55878     ,1.16859     ,0.223714   ,0.727054     ,0.484393    ,0.415116    ,0.342421    ,0.481262    ,0.281173    ,0.788606    ,0.41394     ,nan          ,nan          ,nan         ,0.0245227    ,-0.0410281   ,-0.025698    ,nan          ,nan          ,nan         ,0.0236905    ,-0.0395307   ,-0.0250699   ,nan          ,nan          ,nan          ,0.0271553    ,-0.0359438   ,-0.033527   ,0           ,0.0411871    ,0            ,0.0849263    ,-0.0017449   ,0.0887241    ,       1 ,       0 ,       1 ,       0 ,       1 ,       0
 5.30662 ,0.4  , 1.54  ,     0 ,0.247869 ,-0        ,         0 ,-0       ,1.975   ,-0.275    ,0           ,1.63654 ,-0.292207 ,0.0889239   ,1.275    ,-0.275    ,0           ,1.937   ,0.241637  ,0.0880574   ,1.675   ,0.325     ,0.105686    ,1.23698  ,0.243672 ,0.0924064   ,0.378011    ,1.46977     ,1.26018     ,0.263872   ,0.711475    ,0.437574   ,0.451034  ,1.56818     ,1.17337     ,0.252733   ,0.688601     ,0.463247    ,0.394618    ,0.349244    ,0.471127    ,0.31452     ,0.754354    ,0.382455    ,nan          ,nan          ,nan         ,0.0259397    ,-0.0268753   ,-0.0111666   ,nan          ,nan          ,nan         ,0.0250745    ,-0.0252206   ,-0.0105834   ,nan          ,nan          ,nan          ,0.0287095    ,-0.0215655   ,-0.0193367  ,0           ,0.0356604    ,0            ,0.0880574    ,-0.0017449   ,0.0924064    ,       1 ,       0 ,       1 ,       0 ,       1 ,       0
 5.34702 ,0.45 , 1.545 ,     0 ,0.248681 ,-0        ,         0 ,-0       ,1.975   ,-0.275    ,0           ,1.64683 ,-0.290874 ,0.0905725   ,1.275    ,-0.275    ,0           ,1.94736 ,0.240308  ,0.0897573   ,1.675   ,0.325     ,0.105686    ,1.24731  ,0.242651 ,0.094523    ,0.357691    ,1.48119     ,1.25824     ,0.295341   ,0.687867    ,0.432758   ,0.427256  ,1.57717     ,1.17838     ,0.2831     ,0.66707      ,0.45911     ,0.37366     ,0.357254    ,0.461905    ,0.349373    ,0.737134    ,0.367785    ,nan          ,nan          ,nan         ,0.026835     ,-0.0127928   ,0.00302029   ,nan          ,nan          ,nan         ,0.0259584    ,-0.0110444   ,0.00356261   ,nan          ,nan          ,nan          ,0.0296825    ,-0.00736278  ,-0.00530767 ,0           ,0.0300177    ,0            ,0.0897573    ,-0.0017449   ,0.0945231    ,       1 ,       0 ,       1 ,       0 ,       1 ,       0
 5.38678 ,0.5  , 1.55  ,     0 ,0.249493 ,-0        ,         0 ,-0       ,1.975   ,-0.275    ,0           ,1.65777 ,-0.290854 ,0.0908919   ,1.275    ,-0.275    ,0           ,1.95836 ,0.240309  ,0.0901598   ,1.675   ,0.325     ,0.105686    ,1.25829  ,0.242902 ,0.0951735   ,0.336959    ,1.49275     ,1.2568      ,0.327566   ,0.680983    ,0.444629   ,0.403117  ,1.58574     ,1.18361     ,0.314219   ,0.662304     ,0.471578    ,0.35224     ,0.366454    ,0.453612    ,0.385039    ,0.736735    ,0.369739    ,nan          ,nan          ,nan         ,0.0272088    ,0.00121917   ,0.0168627    ,nan          ,nan          ,nan         ,0.0263422    ,0.00299812   ,0.0173683    ,nan          ,nan          ,nan          ,0.0300743    ,0.00666446   ,0.00856011  ,0           ,0.0334663    ,0            ,0.0901598    ,-0.0017449   ,0.0951735    ,       1 ,       0 ,       1 ,       0 ,       1 ,       0
 5.42669 ,0.55 , 1.555 ,     0 ,0.250306 ,-0        ,         0 ,-0       ,1.975   ,-0.275    ,0           ,1.6694  ,-0.292097 ,0.0899397   ,1.275    ,-0.275    ,0           ,1.97002 ,0.241591  ,0.0893103   ,1.675   ,0.325     ,0.105686    ,1.26994  ,0.244345 ,0.0943763   ,0.315815    ,1.50443     ,1.25586     ,0.359921   ,0.690746    ,0.472775   ,0.378641  ,1.59388     ,1.18905     ,0.345493   ,0.674148     ,0.500243    ,0.33036     ,0.376839    ,0.44626     ,0.420821    ,0.752948    ,0.388128    ,nan          ,nan          ,nan         ,0.0270459    ,0.0151745    ,0.0303562    ,nan          ,nan          ,nan         ,0.0262091    ,0.0169282    ,0.0308234    ,nan          ,nan          ,nan          ,0.0298704    ,0.0205119    ,0.022277    ,0           ,0.0339403    ,0            ,0.0893103    ,-0.0017449   ,0.0943763    ,       1 ,       0 ,       1 ,       0 ,       1 ,       0
 5.46696 ,0.6  , 1.56  ,     0 ,0.251118 ,-0        ,         0 ,-0       ,1.975   ,-0.275    ,0           ,1.68171 ,-0.294494 ,0.0876842   ,1.275    ,-0.275    ,0           ,1.98234 ,0.244042  ,0.087165    ,1.675   ,0.325     ,0.105686    ,1.28224  ,0.246852 ,0.0920707   ,0.294263    ,1.5162      ,1.25539     ,0.391745   ,0.717108    ,0.516774   ,0.353855  ,1.60158     ,1.1947      ,0.376279   ,0.702504     ,0.544674    ,0.308023    ,0.388388    ,0.439858    ,0.45599     ,0.785552    ,0.422786    ,nan          ,nan          ,nan         ,0.0263154    ,0.029102     ,0.0434916    ,nan          ,nan          ,nan         ,0.0255213    ,0.0307939    ,0.0439048    ,nan          ,nan          ,nan          ,0.0290441    ,0.0341713    ,0.0358623   ,0           ,0.034694     ,0            ,0.087165     ,-0.0017449   ,0.0920707    ,       1 ,       0 ,       1 ,       0 ,       1 ,       0
 5.50684 ,0.65 , 1.565 ,     0 ,0.25193  ,-0        ,         0 ,-0       ,1.975   ,-0.275    ,0           ,1.69461 ,-0.297887 ,0.0840089   ,1.275    ,-0.275    ,0           ,1.99522 ,0.247501  ,0.0835966   ,1.675   ,0.325     ,0.105686    ,1.29513  ,0.250245 ,0.0881272   ,0.272311    ,1.52803     ,1.25539     ,0.42236    ,0.760036    ,0.576199   ,0.328786  ,1.60882     ,1.20054     ,0.405917   ,0.747298     ,0.604424    ,0.285233    ,0.401065    ,0.434406    ,0.489802    ,0.834323    ,0.473556    ,nan          ,nan          ,nan         ,0.0250163    ,0.0430025    ,0.0562688    ,nan          ,nan          ,nan         ,0.0242774    ,0.0445971    ,0.0566117    ,nan          ,nan          ,nan          ,0.0275945    ,0.0476427    ,0.0493166   ,0           ,0.0355764    ,0            ,0.0835966    ,-0.0017449   ,0.0881272    ,       1 ,       0 ,       1 ,       0 ,       1 ,       0
 5.54686 ,0.7  , 1.57  ,     0 ,0.252742 ,-0        ,         0 ,-0       ,1.975   ,-0.275    ,0           ,1.70796 ,-0.302071 ,0.0787229   ,1.275    ,-0.275    ,0           ,2.00852 ,0.25176   ,0.0784061   ,1.675   ,0.325     ,0.105686    ,1.30845  ,0.254304 ,0.0823639   ,0.249963    ,1.53987     ,1.25583     ,0.45109    ,0.819498    ,0.650623   ,0.303465  ,1.61562     ,1.20657     ,0.433748   ,0.808454     ,0.679049    ,0.261997    ,0.414822    ,0.429898    ,0.521515    ,0.899036    ,0.540283    ,nan          ,nan          ,nan         ,0.0231485    ,0.0568759    ,0.0686876    ,nan          ,nan          ,nan         ,0.0224775    ,0.0583376    ,0.0689442    ,nan          ,nan          ,nan          ,0.0255218    ,0.0609259    ,0.0626398   ,0           ,0.0527065    ,0            ,0.0784062    ,-0.0017449   ,0.0823639    ,       1 ,       0 ,       1 ,       0 ,       1 ,       0
 5.58667 ,0.75 , 1.575 ,     0 ,0.253554 ,-0        ,         0 ,-0       ,1.975   ,-0.275    ,0           ,1.72149 ,-0.306795 ,0.0715803   ,1.275    ,-0.275    ,0           ,2.02196 ,0.256563  ,0.0713431   ,1.675   ,0.325     ,0.105686    ,1.32193  ,0.25877  ,0.0745687   ,0.227229    ,1.55171     ,1.25671     ,0.477258   ,0.895463    ,0.739621   ,0.277923  ,1.62196     ,1.21278     ,0.45911    ,0.885898     ,0.768105    ,0.238323    ,0.429594    ,0.426324    ,0.550387    ,0.979469    ,0.62281     ,nan          ,nan          ,nan         ,0.0207121    ,0.0707223    ,0.0807482    ,nan          ,nan          ,nan         ,0.0201215    ,0.0720156    ,0.0809021    ,nan          ,nan          ,nan          ,0.0228259    ,0.074021     ,0.0758319   ,0           ,0.0625973    ,0            ,0.0713431    ,-0.0017449   ,0.0745687    ,       1 ,       0 ,       1 ,       0 ,       1 ,       0
 5.62696 ,0.8  , 1.58  ,     0 ,0.254366 ,-0        ,         0 ,-0       ,1.975   ,-0.275    ,0           ,1.73484 ,-0.31175  ,0.0623074   ,1.275    ,-0.275    ,0           ,2.03521 ,0.261595  ,0.062133    ,1.675   ,0.325     ,0.105686    ,1.33521  ,0.263342 ,0.0645292   ,0.204121    ,1.5635      ,1.258       ,0.500186   ,0.987897    ,0.842766   ,0.252194  ,1.62786     ,1.21919     ,0.481342   ,0.979557     ,0.871145    ,0.214221    ,0.445304    ,0.423665    ,0.575675    ,1.0754      ,0.720982    ,nan          ,nan          ,nan         ,0.0177071    ,0.0845417    ,0.0924505    ,nan          ,nan          ,nan         ,0.0172095    ,0.085631     ,0.0924856    ,nan          ,nan          ,nan          ,0.0195069    ,0.086928     ,0.0888929   ,0           ,0.0564676    ,0            ,0.062133     ,-0.0017449   ,0.0645292    ,       1 ,       0 ,       1 ,       0 ,       1 ,       0
 5.66693 ,0.85 , 1.585 ,     0 ,0.255178 ,-0        ,         0 ,-0       ,1.975   ,-0.275    ,0           ,1.74753 ,-0.316562 ,0.050642    ,1.275    ,-0.275    ,0           ,2.04778 ,0.266474  ,0.0505168   ,1.675   ,0.325     ,0.105686    ,1.3478   ,0.267677 ,0.0520705   ,0.18065     ,1.57521     ,1.25969     ,0.519198   ,1.09677     ,0.95963    ,0.226311  ,1.63331     ,1.22577     ,0.499783   ,1.08935      ,0.987726    ,0.189705    ,0.461858    ,0.421895    ,0.596636    ,1.18659     ,0.834641    ,nan          ,nan          ,nan         ,0.0141334    ,0.098334     ,0.103794     ,nan          ,nan          ,nan         ,0.0137414    ,0.0991838    ,0.103694     ,nan          ,nan          ,nan          ,0.0155647    ,0.0996469    ,0.101823    ,0           ,0.0484008    ,0            ,0.0505168    ,-0.0017449   ,0.0520705    ,       1 ,       0 ,       1 ,       0 ,       1 ,       0
 5.70676 ,0.9  , 1.59  ,     0 ,0.25599  ,-0        ,         0 ,-0       ,1.975   ,-0.275    ,0           ,1.75894 ,-0.32077  ,0.0363845   ,1.275    ,-0.275    ,0           ,2.05907 ,0.270732  ,0.0363006   ,1.675   ,0.325     ,0.105686    ,1.35909  ,0.27138  ,0.0371011   ,0.156831    ,1.58681     ,1.26176     ,0.533616   ,1.22205     ,1.08979    ,0.200311  ,1.63833     ,1.23255     ,0.513774   ,1.21522      ,1.1174      ,0.164791    ,0.479152    ,0.420983    ,0.612527    ,1.31284     ,0.963631    ,nan          ,nan          ,nan         ,0.00999112   ,0.112099     ,0.11478      ,nan          ,nan          ,nan         ,0.00971718   ,0.112674     ,0.114529     ,nan          ,nan          ,nan          ,0.0109994    ,0.112178     ,0.114622    ,0           ,0.0372769    ,0            ,0.0363006    ,-0.0017449   ,0.0371011    ,       1 ,       1 ,       1 ,       1 ,       1 ,       1
 5.7467  ,0.95 , 1.595 ,     0 ,0.256802 ,-0        ,         0 ,-0       ,1.975   ,-0.275    ,0           ,1.76835 ,-0.32381  ,0.0194615   ,1.275    ,-0.275    ,0           ,2.06839 ,0.273802  ,0.0194179   ,1.675   ,0.325     ,0.105686    ,1.3684   ,0.273997 ,0.0196657   ,0.132681    ,1.59827     ,1.2642      ,0.542764   ,1.3637      ,1.23281    ,0.174228  ,1.64292     ,1.23951     ,0.522654   ,1.35707      ,1.25973     ,0.139495    ,0.497073    ,0.420894    ,0.622606    ,1.4539      ,1.1078      ,nan          ,nan          ,nan         ,0.0052802    ,0.125838     ,0.125407     ,nan          ,nan          ,nan         ,0.00513694   ,0.126102     ,0.124989     ,nan          ,nan          ,nan          ,0.00581086   ,0.12452      ,0.12729     ,0           ,0.0194615    ,0            ,0.0194179    ,-0.0017449   ,0.0196657    ,       1 ,       1 ,       1 ,       1 ,       1 ,       1
 5.79484 ,0    , 1.6   ,     0 ,0.257614 ,-0        ,         0 ,-0       ,1.975   ,-0.274998 ,1.59207e-06 ,1.775   ,-0.325    ,0           ,1.275    ,-0.274999 ,1.67678e-06 ,2.075   ,0.275     ,0           ,1.675   ,0.324997  ,0.105687    ,1.375    ,0.275    ,0           ,0.108218    ,1.60956     ,1.26698     ,0.545964   ,1.52169     ,1.38828    ,0.148098  ,1.6471      ,1.24667     ,0.525761   ,1.51484      ,1.41426     ,0.113838    ,0.515498    ,0.421586    ,0.62613     ,1.60956     ,1.26698     ,-7.98597e-07 ,-0.136675    ,-0.139826   ,nan          ,nan          ,nan          ,8.5256e-07   ,-0.134512    ,-0.140752   ,nan          ,nan          ,nan          ,0.0338764    ,-0.31095     ,-0.128337    ,nan          ,nan          ,nan         ,1.59207e-06 ,0            ,1.67678e-06  ,0            ,-0.00174427  ,0            ,       1 ,       1 ,       1 ,       1 ,       1 ,       1
 5.82696 ,0.05 , 1.605 ,     0 ,0.257614 ,-0        ,         0 ,-0       ,1.98022 ,-0.274063 ,0.0187493   ,1.775   ,-0.325    ,0           ,1.28047  ,-0.273781 ,0.0201924   ,2.075   ,0.275     ,0           ,1.68944 ,0.323976  ,0.122699    ,1.375    ,0.275    ,0           ,0.109798    ,1.4657      ,1.1222      ,0.528589   ,1.52553     ,1.37683    ,0.15156   ,1.49602     ,1.08934     ,0.508704   ,1.51769      ,1.40234     ,0.162799    ,0.114717    ,0.245954    ,0.605832    ,1.6145      ,1.26378     ,0.00284046   ,-0.124169    ,-0.122776   ,nan          ,nan          ,nan          ,0.00577231   ,-0.121785    ,-0.126179   ,nan          ,nan          ,nan          ,0.0317815    ,-0.228466    ,-0.107324    ,nan          ,nan          ,nan         ,0.0187493   ,0            ,0.0201924    ,0            ,0.0142809    ,0            ,       0 ,       1 ,       0 ,       1 ,       0 ,       1
 5.86669 ,0.1  , 1.61  ,     0 ,0.257614 ,-0        ,         0 ,-0       ,1.98589 ,-0.2717   ,0.0351006   ,1.775   ,-0.325    ,0           ,1.28685  ,-0.270655 ,0.0380664   ,2.075   ,0.275     ,0           ,1.70175 ,0.31508   ,0.128227    ,1.375    ,0.275    ,0           ,0.114427    ,1.33568     ,0.995984    ,0.510785   ,1.52973     ,1.36593    ,0.161469  ,1.36        ,0.94915     ,0.491253   ,1.52087      ,1.39096     ,0.208626    ,-0.171726   ,0.101097    ,0.585062    ,1.61925     ,1.26088     ,0.00552732   ,-0.111585    ,-0.106151   ,nan          ,nan          ,nan          ,0.0109371    ,-0.108961    ,-0.111684   ,nan          ,nan          ,nan          ,0.0296742    ,-0.157614    ,-0.0870645   ,nan          ,nan          ,nan         ,0.0351006   ,0            ,0.0380664    ,0            ,0.0245527    ,0            ,       0 ,       1 ,       0 ,       1 ,       0 ,       1
 5.90671 ,0.15 , 1.615 ,     0 ,0.257614 ,-0        ,         0 ,-0       ,1.99201 ,-0.268535 ,0.0489309   ,1.775   ,-0.325    ,0           ,1.294    ,-0.26637  ,0.053407    ,2.075   ,0.275     ,0           ,1.71232 ,0.303913  ,0.127004    ,1.375    ,0.275    ,0           ,0.121934    ,1.21958     ,0.887874    ,0.492546   ,1.53426     ,1.35557    ,0.177108  ,1.23916     ,0.825998    ,0.473401   ,1.52437      ,1.38012     ,0.251301    ,-0.361179   ,-0.014106   ,0.563828    ,1.62377     ,1.25825     ,0.00805978   ,-0.0989237   ,-0.0899497  ,nan          ,nan          ,nan          ,0.0154951    ,-0.0960423   ,-0.0972651  ,nan          ,nan          ,nan          ,0.0275546    ,-0.0983957   ,-0.0675568   ,nan          ,nan          ,nan         ,0.0489309   ,0            ,0.053407     ,0            ,0.0275384    ,0            ,       0 ,       1 ,       0 ,       1 ,       0 ,       1
 5.94694 ,0.2  , 1.62  ,     0 ,0.257614 ,-0        ,         0 ,-0       ,1.99858 ,-0.265122 ,0.0602753   ,1.775   ,-0.325    ,0           ,1.30182  ,-0.261587 ,0.0661819   ,2.075   ,0.275     ,0           ,1.72142 ,0.292254  ,0.123122    ,1.375    ,0.275    ,0           ,0.13215     ,1.11748     ,0.7974      ,0.473865   ,1.5391      ,1.34575    ,0.197763  ,1.1336      ,0.719799    ,0.455145   ,1.52817      ,1.36981     ,0.290806    ,-0.470992   ,-0.100777   ,0.542136    ,1.62805     ,1.25589     ,0.0104378    ,-0.0861845   ,-0.0741736  ,nan          ,nan          ,nan          ,0.0194464    ,-0.0830275   ,-0.0829228  ,nan          ,nan          ,nan          ,0.0254225    ,-0.0508099   ,-0.0488014   ,nan          ,nan          ,nan         ,0.0602753   ,0            ,0.0661819    ,0            ,0.0325408    ,0            ,       0 ,       1 ,       0 ,       1 ,       0 ,       1
 5.98699 ,0.25 , 1.625 ,     0 ,0.257614 ,-0        ,         0 ,-0       ,2.00561 ,-0.261915 ,0.0692776   ,1.775   ,-0.325    ,0           ,1.3102   ,-0.256854 ,0.0764856   ,2.075   ,0.275     ,0           ,1.72931 ,0.280914  ,0.119218    ,1.375    ,0.275    ,0           ,0.144903    ,1.02948     ,0.724093    ,0.454736   ,1.54424     ,1.33645    ,0.222718  ,1.04345     ,0.630462    ,0.436481   ,1.53225      ,1.36001     ,0.327122    ,-0.518512   ,-0.160039   ,0.519997    ,1.63204     ,1.25379     ,0.0126615    ,-0.0733676   ,-0.0588222  ,nan          ,nan          ,nan          ,0.022791     ,-0.0699169   ,-0.0686571  ,nan          ,nan          ,nan          ,0.023278     ,-0.014857    ,-0.0307982   ,nan          ,nan          ,nan         ,0.0692776   ,0            ,0.0764856    ,0            ,0.0350632    ,0            ,       0 ,       1 ,       0 ,       1 ,       0 ,       1
 6.02678 ,0.3  , 1.63  ,     0 ,0.257614 ,-0        ,         0 ,-0       ,2.01313 ,-0.259268 ,0.0761446   ,1.775   ,-0.325    ,0           ,1.31907  ,-0.252604 ,0.084488    ,2.075   ,0.275     ,0           ,1.73648 ,0.270897  ,0.116678    ,1.375    ,0.275    ,0           ,0.160024    ,0.955663    ,0.667483    ,0.435154   ,1.54964     ,1.32766    ,0.251259  ,0.9688      ,0.557897    ,0.417405   ,1.53659      ,1.35071     ,0.360231    ,-0.521088   ,-0.193013   ,0.497423    ,1.63574     ,1.25192     ,0.0147307    ,-0.0604728   ,-0.0438955  ,nan          ,nan          ,nan          ,0.0255289    ,-0.0567106   ,-0.054468   ,nan          ,nan          ,nan          ,0.0211212    ,0.00946317   ,-0.0135472   ,nan          ,nan          ,nan         ,0.0765094   ,0            ,0.084488     ,0            ,0.0377592    ,0            ,       0 ,       1 ,       0 ,       1 ,       0 ,       1
 6.06676 ,0.35 , 1.635 ,     0 ,0.257614 ,-0        ,         0 ,-0       ,2.02115 ,-0.257431 ,0.0811074   ,1.775   ,-0.325    ,0           ,1.32842  ,-0.249155 ,0.0903903   ,2.075   ,0.275     ,0           ,1.74358 ,0.263358  ,0.115913    ,1.375    ,0.275    ,0           ,0.177342    ,0.896109    ,0.627104    ,0.415116   ,1.55528     ,1.31937    ,0.282669  ,0.909778    ,0.502014    ,0.397915   ,1.54115      ,1.34191     ,0.390136    ,-0.493907   ,-0.200843   ,0.47443     ,1.63912     ,1.25029     ,0.0166456    ,-0.0475003   ,-0.0293935  ,nan          ,nan          ,nan          ,0.0276601    ,-0.0434086   ,-0.0403555  ,nan          ,nan          ,nan          ,0.0189987    ,0.0268227    ,0.00290247   ,nan          ,nan          ,nan         ,0.0812256   ,0            ,0.0903903    ,0            ,0.0411436    ,0            ,       0 ,       1 ,       0 ,       1 ,       0 ,       1
 6.10708 ,0.4  , 1.64  ,     0 ,0.257614 ,-0        ,         0 ,-0       ,2.02974 ,-0.256559 ,0.08439     ,1.775   ,-0.325    ,0           ,1.33826  ,-0.246715 ,0.0943903   ,2.075   ,0.275     ,0           ,1.75102 ,0.258543  ,0.116696    ,1.375    ,0.275    ,0           ,0.196687    ,0.850906    ,0.602485    ,0.394618   ,1.56114     ,1.31157    ,0.316234  ,0.866494    ,0.462722    ,0.378011   ,1.54593      ,1.33359     ,0.416946    ,-0.44151    ,-0.184786   ,0.451034    ,1.64215     ,1.24888     ,0.018406     ,-0.0344501   ,-0.0153163  ,nan          ,nan          ,nan          ,0.0291845    ,-0.0300108   ,-0.0263196  ,nan          ,nan          ,nan          ,0.0169713    ,0.0433028    ,0.0184868    ,nan          ,nan          ,nan         ,0.0842445   ,0            ,0.0943904    ,0            ,0.0364672    ,0            ,       0 ,       1 ,       0 ,       1 ,       0 ,       1
 6.14704 ,0.45 , 1.645 ,     0 ,0.257614 ,-0        ,         0 ,-0       ,2.03892 ,-0.256717 ,0.0861848   ,1.775   ,-0.325    ,0           ,1.34863  ,-0.245402 ,0.0966553   ,2.075   ,0.275     ,0           ,1.75908 ,0.25643   ,0.11853     ,1.375    ,0.275    ,0           ,0.217889    ,0.820141    ,0.59316     ,0.37366    ,1.56719     ,1.30425    ,0.351238  ,0.83906     ,0.43993     ,0.357691   ,1.55089      ,1.32575     ,0.440803    ,-0.365173   ,-0.146133   ,0.427256    ,1.64481     ,1.24767     ,0.020012     ,-0.021322    ,-0.00166379 ,nan          ,nan          ,nan          ,0.0301022    ,-0.0165173   ,-0.0123603  ,nan          ,nan          ,nan          ,0.0150393    ,0.0589293    ,0.0332056    ,nan          ,nan          ,nan         ,0.0857569   ,0            ,0.0966553    ,0            ,0.0416468    ,0            ,       0 ,       1 ,       0 ,       1 ,       0 ,       1
 6.18704 ,0.5  , 1.65  ,     0 ,0.257614 ,-0        ,         0 ,-0       ,2.04877 ,-0.257895 ,0.0866355   ,1.775   ,-0.325    ,0           ,1.35957  ,-0.245247 ,0.0973029   ,2.075   ,0.275     ,0           ,1.768   ,0.257003  ,0.120729    ,1.375    ,0.275    ,0           ,0.240777    ,0.803899    ,0.598659    ,0.35224    ,1.5734      ,1.29739    ,0.386967  ,0.827589    ,0.43355     ,0.336959   ,1.55601      ,1.31837     ,0.461851    ,-0.266167   ,-0.0861742  ,0.403117    ,1.6471      ,1.24667     ,0.0214637    ,-0.00811621  ,0.011564    ,nan          ,nan          ,nan          ,0.0304133    ,-0.00292801  ,0.00152239  ,nan          ,nan          ,nan          ,0.0132027    ,0.073702     ,0.0470588    ,nan          ,nan          ,nan         ,0.085905    ,0            ,0.0973029    ,0            ,0.0484772    ,0            ,       0 ,       1 ,       0 ,       1 ,       0 ,       1
 6.22656 ,0.55 , 1.655 ,     0 ,0.257614 ,-0        ,         0 ,-0       ,2.05933 ,-0.260009 ,0.0858248   ,1.775   ,-0.325    ,0           ,1.3711   ,-0.246215 ,0.0963878   ,2.075   ,0.275     ,0           ,1.77793 ,0.260184  ,0.122436    ,1.375    ,0.275    ,0           ,0.265181    ,0.802267    ,0.618511    ,0.33036    ,1.57973     ,1.29098    ,0.422704  ,0.832188    ,0.443505    ,0.315815   ,1.56125      ,1.31143     ,0.48023     ,-0.145773   ,-0.00620189 ,0.378641    ,1.64899     ,1.24586     ,0.022763     ,0.00517323   ,0.0243605   ,nan          ,nan          ,nan          ,0.030116     ,0.0107411    ,0.0153662   ,nan          ,nan          ,nan          ,0.0114602    ,0.0875813    ,0.0600429    ,nan          ,nan          ,nan         ,0.0882901   ,0            ,0.0963878    ,0            ,0.0565085    ,0            ,       0 ,       1 ,       0 ,       1 ,       0 ,       1
 6.26645 ,0.6  , 1.66  ,     0 ,0.257614 ,-0        ,         0 ,-0       ,2.07062 ,-0.262907 ,0.0837683   ,1.775   ,-0.325    ,0           ,1.38323  ,-0.248225 ,0.0938922   ,2.075   ,0.275     ,0           ,1.78891 ,0.265789  ,0.122674    ,1.375    ,0.275    ,0           ,0.290936    ,0.815344    ,0.652236    ,0.308023   ,1.58617     ,1.28501    ,0.457731  ,0.852938    ,0.469777    ,0.294263   ,1.5666       ,1.30493     ,0.496067    ,-0.00572989 ,0.0924524   ,0.353855    ,1.65047     ,1.24524     ,0.0239124    ,0.0185531    ,0.0367179   ,nan          ,nan          ,nan          ,0.0292089    ,0.0244749    ,0.0292071   ,nan          ,nan          ,nan          ,0.00978892   ,0.0999366    ,0.0721025    ,nan          ,nan          ,nan         ,0.0833177   ,0            ,0.0938922    ,0            ,0.0651195    ,0            ,       0 ,       1 ,       0 ,       1 ,       0 ,       1
 6.30662 ,0.65 , 1.665 ,     0 ,0.257614 ,-0        ,         0 ,-0       ,2.08265 ,-0.266374 ,0.080413    ,1.775   ,-0.325    ,0           ,1.3959   ,-0.251143 ,0.0897306   ,2.075   ,0.275     ,0           ,1.80086 ,0.273498  ,0.120447    ,1.375    ,0.275    ,0           ,0.317877    ,0.843228    ,0.699349    ,0.285233   ,1.59268     ,1.27947    ,0.49133   ,0.889917    ,0.512364    ,0.27231    ,1.57203      ,1.29885     ,0.509459    ,0.15144     ,0.208388    ,0.328786    ,1.65154     ,1.2448      ,0.0249121    ,0.0320236    ,0.0486363   ,nan          ,nan          ,nan          ,0.027692     ,0.0382734    ,0.0430449   ,nan          ,nan          ,nan          ,0.00818122   ,0.110549     ,0.0832181    ,nan          ,nan          ,nan         ,0.0771477   ,0            ,0.0897306    ,0            ,0.0840817    ,0            ,       0 ,       1 ,       0 ,       1 ,       0 ,       1
 6.34685 ,0.7  , 1.67  ,     0 ,0.257614 ,-0        ,         0 ,-0       ,2.09538 ,-0.270133 ,0.0756419   ,1.775   ,-0.325    ,0           ,1.40897  ,-0.254789 ,0.0837579   ,2.075   ,0.275     ,0           ,1.81351 ,0.282766  ,0.114864    ,1.375    ,0.275    ,0           ,0.345837    ,0.886021    ,0.759366    ,0.261997   ,1.59922     ,1.27433    ,0.522781  ,0.9432      ,0.571263    ,0.249963   ,1.57749      ,1.29318     ,0.5205      ,0.323137    ,0.340196    ,0.303465    ,1.65218     ,1.24453     ,0.0257618    ,0.0455845    ,0.0601156   ,nan          ,nan          ,nan          ,0.0255653    ,0.0521366    ,0.0568798   ,nan          ,nan          ,nan          ,0.00663705   ,0.119419     ,0.0933897    ,nan          ,nan          ,nan         ,0.069652    ,0            ,0.0837579    ,0            ,0.0892533    ,0            ,       0 ,       1 ,       0 ,       1 ,       0 ,       1
 6.38684 ,0.75 , 1.675 ,     0 ,0.257614 ,-0        ,         0 ,-0       ,2.10871 ,-0.273843 ,0.0692835   ,1.775   ,-0.325    ,0           ,1.42223  ,-0.258934 ,0.0757842   ,2.075   ,0.275     ,0           ,1.82639 ,0.29285   ,0.105268    ,1.375    ,0.275    ,0           ,0.374652    ,0.94382     ,0.831802    ,0.238323   ,1.60576     ,1.26958    ,0.551365  ,1.01286     ,0.646468    ,0.227229   ,1.58298      ,1.28791     ,0.529287    ,0.506762    ,0.486471    ,0.277923    ,1.65239     ,1.24444     ,0.0264617    ,0.0592359    ,0.0711558   ,nan          ,nan          ,nan          ,0.0228288    ,0.0660645    ,0.0707117   ,nan          ,nan          ,nan          ,0.00515665   ,0.126546     ,0.102618     ,nan          ,nan          ,nan         ,0.0524484   ,0            ,0.0757843    ,0            ,0.0922146    ,0            ,       0 ,       1 ,       0 ,       1 ,       0 ,       1
 6.42699 ,0.8  , 1.68  ,     0 ,0.257614 ,-0        ,         0 ,-0       ,2.12249 ,-0.277097 ,0.0611302   ,1.775   ,-0.325    ,0           ,1.43533  ,-0.263298 ,0.0655983   ,2.075   ,0.275     ,0           ,1.83896 ,0.302866  ,0.0913427   ,1.375    ,0.275    ,0           ,0.404156    ,1.01673     ,0.916173    ,0.214221   ,1.61227     ,1.26521    ,0.576364  ,1.09899     ,0.737977    ,0.204121   ,1.58844      ,1.28302     ,0.535943    ,0.699799    ,0.645828    ,0.252194    ,1.65218     ,1.24453     ,0.0270118    ,0.0729778    ,0.081757    ,nan          ,nan          ,nan          ,0.0194825    ,0.0800571    ,0.0845406   ,nan          ,nan          ,nan          ,0.00379702   ,0.132086     ,0.11095      ,nan          ,nan          ,nan         ,0.0443894   ,0            ,0.0655983    ,0            ,0.0930087    ,0            ,       0 ,       1 ,       0 ,       1 ,       0 ,       1
 6.46716 ,0.85 , 1.685 ,     0 ,0.257614 ,-0        ,         0 ,-0       ,2.13644 ,-0.279416 ,0.0509637   ,1.775   ,-0.325    ,0           ,1.4478   ,-0.267543 ,0.0530014   ,2.075   ,0.275     ,0           ,1.85059 ,0.311864  ,0.0731669   ,1.375    ,0.275    ,0           ,0.434184    ,1.10484     ,1.012       ,0.189705   ,1.61872     ,1.26119    ,0.597059  ,1.20164     ,0.845787    ,0.18065    ,1.59387      ,1.2785      ,0.540693    ,0.900003    ,0.81697     ,0.226311    ,1.65154     ,1.2448      ,0.027412     ,0.0868102    ,0.0919191   ,nan          ,nan          ,nan          ,0.0155264    ,0.0941145    ,0.0983665   ,nan          ,nan          ,nan          ,0.00260161   ,0.136157     ,0.118421     ,nan          ,nan          ,nan         ,0.0347242   ,0            ,0.0530014    ,0            ,0.0731669    ,0            ,       0 ,       1 ,       0 ,       1 ,       0 ,       1
 6.50692 ,0.9  , 1.69  ,     0 ,0.257614 ,-0        ,         0 ,-0       ,2.1502  ,-0.280255 ,0.0385905   ,1.775   ,-0.325    ,0           ,1.45905  ,-0.271259 ,0.0378538   ,2.075   ,0.275     ,0           ,1.86072 ,0.318962  ,0.0512411   ,1.375    ,0.275    ,0           ,0.464571    ,1.20826     ,1.11878     ,0.164791   ,1.62506     ,1.25753    ,0.612731  ,1.3209      ,0.969893    ,0.156831   ,1.59922      ,1.27433     ,0.543784    ,1.10518     ,0.998614    ,0.200311    ,1.65047     ,1.24524     ,0.0276624    ,0.100733     ,0.101642    ,nan          ,nan          ,nan          ,0.0109605    ,0.108237     ,0.112189    ,nan          ,nan          ,nan          ,0.00157041   ,0.138757     ,0.125033     ,nan          ,nan          ,nan         ,0.0374503   ,0            ,0.0378538    ,0            ,0.0512411    ,0            ,       1 ,       1 ,       1 ,       1 ,       1 ,       1
 6.54684 ,0.95 , 1.695 ,     0 ,0.257614 ,-0        ,         0 ,-0       ,2.16327 ,-0.279001 ,0.0238883   ,1.775   ,-0.325    ,0           ,1.46838  ,-0.273948 ,0.0201326   ,2.075   ,0.275     ,0           ,1.86893 ,0.323469  ,0.0264561   ,1.375    ,0.275    ,0           ,0.495152    ,1.32709     ,1.23605     ,0.139495   ,1.63128     ,1.25418    ,0.622661  ,1.45685     ,1.11029     ,0.132681   ,1.60446      ,1.27049     ,0.545459    ,1.31314     ,1.18948     ,0.174228    ,1.64899     ,1.24586     ,0.0277629    ,0.114746     ,0.110926    ,nan          ,nan          ,nan          ,0.00578474   ,0.122423     ,0.126009    ,nan          ,nan          ,nan          ,0.000703419  ,0.139888     ,0.130785     ,nan          ,nan          ,nan         ,0.0165044   ,0            ,0.0201326    ,0            ,0.026456     ,0            ,       1 ,       1 ,       1 ,       1 ,       1 ,       1
 6.60373 ,0    , 1.7   ,     0 ,0.257614 ,-0        ,         0 ,-0       ,2.175   ,-0.275    ,0.00686275  ,1.775   ,-0.324998 ,1.65632e-06 ,1.475    ,-0.275    ,0           ,2.075   ,0.274998  ,1.59207e-06 ,1.875   ,0.325     ,0           ,1.375    ,0.274999 ,1.67678e-06 ,0.525761    ,1.46143     ,1.36332     ,0.113838   ,1.63732     ,1.25115    ,0.62613   ,1.60956     ,1.26698     ,0.108218   ,1.60956      ,1.26698     ,0.545964    ,1.52169     ,1.38828     ,0.148098    ,1.6471      ,1.24667     ,nan          ,nan          ,nan         ,-8.38616e-07 ,-0.135108    ,-0.140541    ,nan          ,nan          ,nan         ,-7.98597e-07 ,-0.136675    ,-0.139826    ,nan          ,nan          ,nan          ,8.5256e-07   ,-0.134512    ,-0.140752   ,-0.00131067 ,1.65632e-06  ,0            ,1.59207e-06  ,0            ,1.67678e-06  ,       1 ,       1 ,       1 ,       1 ,       1 ,       1
 6.62655 ,0.05 , 1.705 ,     0 ,0.256791 ,-0        ,         0 ,-0       ,2.175   ,-0.275    ,0.00686275  ,1.7805  ,-0.323888 ,0.0195313   ,1.475    ,-0.275    ,0           ,2.08007 ,0.274724  ,0.0281839   ,1.875   ,0.325     ,0           ,1.38087  ,0.276937 ,0.00926356  ,0.508704    ,1.45778     ,1.34523     ,0.117096   ,1.48265     ,1.09344    ,0.605832  ,1.60826     ,1.25738     ,0.108685   ,1.3798       ,1.04647     ,0.528589    ,1.51914     ,1.37061     ,0.15111     ,1.56458     ,1.1712      ,nan          ,nan          ,nan         ,0.00538944   ,-0.125311    ,-0.125117    ,nan          ,nan          ,nan         ,0.000571874  ,-0.139808    ,-0.125925    ,nan          ,nan          ,nan          ,0.0118564    ,-0.193999    ,-0.160459   ,-0.00131067 ,0.0195313    ,0            ,0.0281839    ,0            ,0.00926356   ,       1 ,       0 ,       1 ,       0 ,       1 ,       0
 6.6667  ,0.1  , 1.71  ,     0 ,0.255967 ,-0        ,         0 ,-0       ,2.175   ,-0.275    ,0.00686275  ,1.78693 ,-0.320947 ,0.036733    ,1.475    ,-0.275    ,0           ,2.0852  ,0.273286  ,0.0536193   ,1.875   ,0.325     ,0           ,1.38831  ,0.281714 ,0.0204907   ,0.491253    ,1.45446     ,1.32766     ,0.126404   ,1.33987     ,0.953904   ,0.585062  ,1.60677     ,1.24808     ,0.110143   ,1.14674      ,0.848849    ,0.510785    ,1.51694     ,1.35349     ,0.159763    ,1.45467     ,1.08687     ,nan          ,nan          ,nan         ,0.0101879    ,-0.115082    ,-0.109914    ,nan          ,nan          ,nan         ,0.00119401   ,-0.140633    ,-0.112245    ,nan          ,nan          ,nan          ,0.0225645    ,-0.244075    ,-0.176235   ,-0.00131067 ,0.0376175    ,0            ,0.0536192    ,0            ,0.0204907    ,       1 ,       0 ,       1 ,       0 ,       1 ,       0
 6.70669 ,0.15 , 1.715 ,     0 ,0.255144 ,-0        ,         0 ,-0       ,2.175   ,-0.275    ,0.00686275  ,1.79414 ,-0.316776 ,0.0513518   ,1.475    ,-0.275    ,0           ,2.09039 ,0.270435  ,0.0751161   ,1.875   ,0.325     ,0           ,1.3971   ,0.287801 ,0.0333425   ,0.473401    ,1.45144     ,1.31061     ,0.141059   ,1.20949     ,0.832296   ,0.563828  ,1.60506     ,1.23905     ,0.112676   ,0.914238     ,0.673746    ,0.492546    ,1.51507     ,1.33689     ,0.173483    ,1.32207     ,0.995625    ,nan          ,nan          ,nan         ,0.0143947    ,-0.104422    ,-0.0949316   ,nan          ,nan          ,nan         ,0.0018656    ,-0.139149    ,-0.0987887   ,nan          ,nan          ,nan          ,0.0321253    ,-0.284742    ,-0.188077   ,-0.00131067 ,0.0493745    ,0            ,0.0740579    ,0            ,0.0333425    ,       1 ,       0 ,       1 ,       0 ,       1 ,       0
 6.74684 ,0.2  , 1.72  ,     0 ,0.25432  ,-0        ,         0 ,-0       ,2.175   ,-0.275    ,0.00686275  ,1.80201 ,-0.311957 ,0.0633278   ,1.475    ,-0.275    ,0           ,2.09568 ,0.266645  ,0.0920106   ,1.875   ,0.325     ,0           ,1.407    ,0.293817 ,0.0473379   ,0.455145    ,1.44872     ,1.29406     ,0.160358   ,1.09203     ,0.728348   ,0.542136  ,1.60312     ,1.23029     ,0.116364   ,0.686111     ,0.520794    ,0.473865    ,1.51352     ,1.32081     ,0.191697    ,1.17149     ,0.899445    ,nan          ,nan          ,nan         ,0.0180097    ,-0.0933288   ,-0.0801711   ,nan          ,nan          ,nan         ,0.00258665   ,-0.135357    ,-0.0855543   ,nan          ,nan          ,nan          ,0.0405388    ,-0.315998    ,-0.195988   ,-0.00131067 ,0.0617169    ,0            ,0.0905886    ,0            ,0.0501337    ,       1 ,       0 ,       1 ,       0 ,       1 ,       0
 6.787   ,0.25 , 1.725 ,     0 ,0.253497 ,-0        ,         0 ,-0       ,2.175   ,-0.275    ,0.00686275  ,1.81043 ,-0.307015 ,0.072753    ,1.475    ,-0.275    ,0           ,2.10118 ,0.262795  ,0.104247    ,1.875   ,0.325     ,0           ,1.41774  ,0.298675 ,0.0618119   ,0.436481    ,1.44627     ,1.27801     ,0.183599   ,0.988003    ,0.641797   ,0.519997  ,1.6009      ,1.22179     ,0.121307   ,0.466212     ,0.389612    ,0.454736    ,1.51225     ,1.30523     ,0.213831    ,1.00764     ,0.800293    ,nan          ,nan          ,nan         ,0.0210328    ,-0.0818043   ,-0.0656319   ,nan          ,nan          ,nan         ,0.00339538   ,-0.129216    ,-0.072567    ,nan          ,nan          ,nan          ,0.0478049    ,-0.337844    ,-0.199965   ,-0.00131067 ,0.0705317    ,0            ,0.102832     ,0            ,0.057957     ,       1 ,       0 ,       1 ,       0 ,       1 ,       0
 6.82677 ,0.3  , 1.73  ,     0 ,0.252673 ,-0        ,         0 ,-0       ,2.175   ,-0.275    ,0.00686275  ,1.81933 ,-0.302397 ,0.0798237   ,1.475    ,-0.275    ,0           ,2.10703 ,0.259801  ,0.11235     ,1.875   ,0.325     ,0           ,1.42902  ,0.301684 ,0.0759631   ,0.417405    ,1.44407     ,1.26243     ,0.210078   ,0.897915    ,0.572381   ,0.497423  ,1.59839     ,1.21353     ,0.127722   ,0.258514     ,0.279744    ,0.435154    ,1.51125     ,1.29016     ,0.239311    ,0.835217    ,0.700135    ,nan          ,nan          ,nan         ,0.0234643    ,-0.0698479   ,-0.0513141   ,nan          ,nan          ,nan         ,0.00436054   ,-0.120654    ,-0.0598707   ,nan          ,nan          ,nan          ,0.0539237    ,-0.35028     ,-0.20001    ,-0.00131067 ,0.0758168    ,0            ,0.105391     ,0            ,0.0635583    ,       1 ,       0 ,       1 ,       0 ,       1 ,       0
 6.86665 ,0.35 , 1.735 ,     0 ,0.25185  ,-0        ,         0 ,-0       ,2.175   ,-0.275    ,0.00686275  ,1.82869 ,-0.298457 ,0.084796    ,1.475    ,-0.275    ,0           ,2.11338 ,0.258342  ,0.117274    ,1.875   ,0.325     ,0           ,1.44054  ,0.302592 ,0.0889682   ,0.397915    ,1.44211     ,1.24734     ,0.239093   ,0.822281    ,0.519836   ,0.47443   ,1.59555     ,1.2055      ,0.135869   ,0.0670388    ,0.190708    ,0.415116    ,1.5105      ,1.27556     ,0.267563    ,0.658929    ,0.600938    ,nan          ,nan          ,nan         ,0.0253039    ,-0.0574597   ,-0.0372176   ,nan          ,nan          ,nan         ,0.00548353   ,-0.109668    ,-0.0474664   ,nan          ,nan          ,nan          ,0.0588952    ,-0.353306    ,-0.196122   ,-0.00131067 ,0.0824173    ,0            ,0.105921     ,0            ,0.0611857    ,       1 ,       0 ,       1 ,       0 ,       1 ,       0
 6.90689 ,0.4  , 1.74  ,     0 ,0.251026 ,-0        ,         0 ,-0       ,2.175   ,-0.275    ,0.00686275  ,1.83853 ,-0.295451 ,0.0879437   ,1.475    ,-0.275    ,0           ,2.12036 ,0.258713  ,0.120176    ,1.875   ,0.325     ,0           ,1.45208  ,0.301554 ,0.100122    ,0.378011    ,1.44035     ,1.2327      ,0.269942   ,0.761616    ,0.483899   ,0.451034  ,1.59237     ,1.1977      ,0.146012   ,-0.104193    ,0.122017    ,0.394618    ,1.50997     ,1.26144     ,0.298015    ,0.48348     ,0.504669    ,nan          ,nan          ,nan         ,0.0265518    ,-0.0446395   ,-0.0233425   ,nan          ,nan          ,nan         ,0.00676433   ,-0.0962602   ,-0.0353541   ,nan          ,nan          ,nan          ,0.0627193    ,-0.346921    ,-0.188302   ,-0.00131067 ,0.0847845    ,0            ,0.105216     ,0            ,0.0436977    ,       1 ,       0 ,       1 ,       0 ,       1 ,       0
 6.94689 ,0.45 , 1.745 ,     0 ,0.250203 ,-0        ,         0 ,-0       ,2.175   ,-0.275    ,0.00686275  ,1.84886 ,-0.293548 ,0.0895217   ,1.475    ,-0.275    ,0           ,2.12806 ,0.260777  ,0.122164    ,1.875   ,0.325     ,0           ,1.46349  ,0.299017 ,0.10896     ,0.357691    ,1.43878     ,1.21852     ,0.301921   ,0.716431    ,0.464308   ,0.427256  ,1.58881     ,1.19011     ,0.158411   ,-0.251159    ,0.0731873   ,0.37366     ,1.50964     ,1.24778     ,0.330092    ,0.313575    ,0.413292    ,nan          ,nan          ,nan         ,0.0272079    ,-0.0313876   ,-0.00968868  ,nan          ,nan          ,nan         ,0.00820295   ,-0.080429    ,-0.0235337   ,nan          ,nan          ,nan          ,0.0653961    ,-0.331127    ,-0.176549   ,-0.00131067 ,0.087276     ,0            ,0.103962     ,0            ,0.0363859    ,       1 ,       0 ,       1 ,       0 ,       1 ,       0
 6.98686 ,0.5  , 1.75  ,     0 ,0.249379 ,-0        ,         0 ,-0       ,2.175   ,-0.275    ,0.00686275  ,1.85973 ,-0.292833 ,0.089736    ,1.475    ,-0.275    ,0           ,2.13655 ,0.26408   ,0.124099    ,1.875   ,0.325     ,0           ,1.4747   ,0.295569 ,0.115324    ,0.336959    ,1.43737     ,1.20479     ,0.334328   ,0.687239    ,0.4608     ,0.403117  ,1.58487     ,1.18273     ,0.173335   ,-0.369955    ,0.0437417   ,0.35224     ,1.50948     ,1.23456     ,0.36322     ,0.153921    ,0.328775    ,nan          ,nan          ,nan         ,0.0272735    ,-0.0177034   ,0.00374472   ,nan          ,nan          ,nan         ,0.00981113   ,-0.0623875   ,-0.0119922   ,nan          ,nan          ,nan          ,0.0669255    ,-0.305923    ,-0.160863   ,-0.00131067 ,0.0816581    ,0            ,0.10262      ,0            ,0.0321714    ,       1 ,       0 ,       1 ,       0 ,       1 ,       0
 7.02669 ,0.55 , 1.755 ,     0 ,0.248556 ,-0        ,         0 ,-0       ,2.175   ,-0.275    ,0.00686275  ,1.87116 ,-0.293324 ,0.088718    ,1.475    ,-0.275    ,0           ,2.14587 ,0.268037  ,0.126491    ,1.875   ,0.325     ,0           ,1.48574  ,0.291782 ,0.119358    ,0.315815    ,1.4361      ,1.19148     ,0.366488   ,0.674561    ,0.473134   ,0.378641  ,1.58051     ,1.17555     ,0.19108    ,-0.457155    ,0.0332319   ,0.33036     ,1.50947     ,1.22179     ,0.396826    ,0.00922118  ,0.253084    ,nan          ,nan          ,nan         ,0.0268058    ,-0.00357376  ,0.0170026    ,nan          ,nan          ,nan         ,0.011601     ,-0.0423552   ,-0.000716176 ,nan          ,nan          ,nan          ,0.0673076    ,-0.271308    ,-0.141245   ,-0.00131067 ,0.0846504    ,0            ,0.0894919    ,0            ,0.0273442    ,       1 ,       0 ,       1 ,       0 ,       1 ,       0
 7.06681 ,0.6  , 1.76  ,     0 ,0.247732 ,-0        ,         0 ,-0       ,2.175   ,-0.275    ,0.00686275  ,1.88316 ,-0.294982 ,0.0865059   ,1.475    ,-0.275    ,0           ,2.15606 ,0.272075  ,0.129463    ,1.875   ,0.325     ,0           ,1.49665  ,0.288096 ,0.121443    ,0.294263    ,1.43494     ,1.1786      ,0.397795   ,0.678931    ,0.501123   ,0.353855  ,1.57573     ,1.16857     ,0.211946   ,-0.509453    ,0.0412175   ,0.308023    ,1.50957     ,1.20944     ,0.430336    ,-0.115819   ,0.188185    ,nan          ,nan          ,nan         ,0.025836     ,0.0110087    ,0.0301093    ,nan          ,nan          ,nan         ,0.0135726    ,-0.0203323   ,0.0102945    ,nan          ,nan          ,nan          ,0.0665424    ,-0.227283    ,-0.117695   ,-0.00131067 ,0.087957     ,0            ,0.0882483    ,0            ,0.0219407    ,       1 ,       0 ,       1 ,       0 ,       1 ,       0
 7.10715 ,0.65 , 1.765 ,     0 ,0.246908 ,-0        ,         0 ,-0       ,2.175   ,-0.275    ,0.00686275  ,1.89568 ,-0.297717 ,0.0830361   ,1.475    ,-0.275    ,0           ,1.89568 ,-0.297717 ,0.0830361   ,1.875   ,0.325     ,0           ,1.50746  ,0.284773 ,0.122086    ,0.27231     ,1.43386     ,1.16613     ,0.427652   ,0.700886    ,0.544586   ,0.328786  ,1.5705      ,1.16177     ,0.236235   ,-0.523547    ,0.067258    ,0.285233    ,1.50976     ,1.1975      ,0.463177    ,-0.216494   ,0.136045    ,nan          ,nan          ,nan         ,0.024364     ,0.026044     ,0.0430649    ,nan          ,nan          ,nan         ,0.0157258    ,0.00368124   ,0.0210398    ,nan          ,nan          ,nan          ,0.0646298    ,-0.173848    ,-0.0902113  ,-0.00131067 ,0.0914778    ,0            ,0.0914778    ,0            ,0.0363971    ,       1 ,       0 ,       1 ,       0 ,       1 ,       0
 7.14685 ,0.7  , 1.77  ,     0 ,0.246085 ,-0        ,         0 ,-0       ,2.175   ,-0.275    ,0.00686275  ,1.90862 ,-0.301386 ,0.078139    ,1.475    ,-0.275    ,0           ,2.17922 ,0.278822  ,0.135804    ,1.875   ,0.325     ,0           ,1.51814  ,0.281907 ,0.121805    ,0.249963    ,1.43284     ,1.15406     ,0.455462   ,0.740966    ,0.603345   ,0.303465  ,1.56483     ,1.15517     ,0.264249   ,-0.496132    ,0.110913    ,0.261997    ,1.51        ,1.18596     ,0.494775    ,-0.288099   ,0.0986293   ,nan          ,nan          ,nan         ,0.0223899    ,0.0415321    ,0.0558693    ,nan          ,nan          ,nan         ,0.0180608    ,0.0296855    ,0.0315196    ,nan          ,nan          ,nan          ,0.0615699    ,-0.111004    ,-0.0587954  ,-0.00131067 ,0.078139     ,0            ,0.080649     ,0            ,0.0332304    ,       1 ,       0 ,       1 ,       0 ,       1 ,       0
 7.18668 ,0.75 , 1.775 ,     0 ,0.245261 ,-0        ,         0 ,-0       ,2.175   ,-0.275    ,0.00686275  ,1.92178 ,-0.305792 ,0.0715431   ,1.475    ,-0.275    ,0           ,2.19236 ,0.2812    ,0.137672    ,1.875   ,0.325     ,0           ,1.52862  ,0.279496 ,0.121023    ,0.227229    ,1.43184     ,1.14237     ,0.48063    ,0.799707    ,0.677219   ,0.277923  ,1.55869     ,1.14875     ,0.296286   ,-0.424141    ,0.171751    ,0.238323    ,1.51027     ,1.17481     ,0.524556    ,-0.325929   ,0.0779048   ,nan          ,nan          ,nan         ,0.0199137    ,0.0574731    ,0.0685226    ,nan          ,nan          ,nan         ,0.0205705    ,0.0570151    ,0.0417615    ,nan          ,nan          ,nan          ,0.0573626    ,-0.0387485   ,-0.0234468  ,-0.00131067 ,0.0715431    ,0            ,0.0747035    ,0            ,0.0296227    ,       1 ,       0 ,       1 ,       0 ,       1 ,       0
 7.22661 ,0.8  , 1.78  ,     0 ,0.244438 ,-0        ,         0 ,-0       ,2.175   ,-0.275    ,0.00686275  ,1.93485 ,-0.310663 ,0.062891    ,1.475    ,-0.275    ,0           ,2.20674 ,0.283025  ,0.137348    ,1.875   ,0.325     ,0           ,1.5388   ,0.277527 ,0.11998     ,0.204121    ,1.43084     ,1.13106     ,0.50256    ,0.877647    ,0.76603    ,0.252194  ,1.55209     ,1.14253     ,0.332615   ,-0.30751     ,0.249466    ,0.214221    ,1.51052     ,1.16402     ,0.551946    ,-0.325279   ,0.0758379   ,nan          ,nan          ,nan         ,0.0169353    ,0.0738668    ,0.0810248    ,nan          ,nan          ,nan         ,0.0232303    ,0.0833187    ,0.0518622    ,nan          ,nan          ,nan          ,0.052008     ,0.0429167    ,0.0158343   ,-0.00131067 ,0.062891     ,0            ,0.0563775    ,0            ,0.0257921    ,       1 ,       0 ,       1 ,       0 ,       1 ,       0
 7.26686 ,0.85 , 1.785 ,     0 ,0.243614 ,-0        ,         0 ,-0       ,2.175   ,-0.275    ,0.00686275  ,1.94738 ,-0.315625 ,0.051771    ,1.475    ,-0.275    ,0           ,2.22253 ,0.284305  ,0.133659    ,1.875   ,0.325     ,0           ,1.54861  ,0.276041 ,0.118637    ,0.18065     ,1.4298      ,1.12011     ,0.520654   ,0.975324    ,0.869598   ,0.226311  ,1.54502     ,1.13649     ,0.373482   ,-0.148243    ,0.343836    ,0.189705    ,1.51072     ,1.15359     ,0.576373    ,-0.281444   ,0.0943946   ,nan          ,nan          ,nan         ,0.0134548    ,0.0907134    ,0.0933758    ,nan          ,nan          ,nan         ,0.026038     ,0.108391     ,0.0618303    ,nan          ,nan          ,nan          ,0.0455061    ,0.133992     ,0.059048    ,-0.00131067 ,0.051771     ,0            ,0.0476759    ,0            ,0.0217239    ,       1 ,       0 ,       1 ,       0 ,       1 ,       0
 7.30655 ,0.9  , 1.79  ,     0 ,0.242791 ,-0        ,         0 ,-0       ,2.175   ,-0.275    ,0.00686275  ,1.95878 ,-0.32017  ,0.0377709   ,1.475    ,-0.275    ,0           ,2.23967 ,0.284474  ,0.12515     ,1.875   ,0.325     ,0           ,1.55802  ,0.275142 ,0.116567    ,0.156831    ,1.42869     ,1.10951     ,0.534317   ,1.09328     ,0.987744   ,0.200311  ,1.53748     ,1.13065     ,0.419131   ,0.0516142    ,0.45464     ,0.164791    ,1.51085     ,1.14351     ,0.597261    ,-0.189719   ,0.135541    ,nan          ,nan          ,nan         ,0.00947222   ,0.108013     ,0.105576     ,nan          ,nan          ,nan         ,0.0289937    ,0.132231     ,0.0716656    ,nan          ,nan          ,nan          ,0.0378568    ,0.234477     ,0.106194    ,-0.00131067 ,0.0377709    ,0            ,0.0346902    ,0            ,0.0112978    ,       1 ,       1 ,       1 ,       1 ,       1 ,       1
 7.34663 ,0.95 , 1.795 ,     0 ,0.241967 ,-0        ,         0 ,-0       ,2.175   ,-0.275    ,0.00686275  ,1.96828 ,-0.323603 ,0.0205595   ,1.475    ,-0.275    ,0           ,2.25764 ,0.282144  ,0.110279    ,1.875   ,0.325     ,0           ,1.56693  ,0.27489  ,0.112798    ,0.132681    ,1.42748     ,1.09925     ,0.542952   ,1.23204     ,1.12029    ,0.174228  ,1.52947     ,1.12501     ,0.469809   ,0.290018     ,0.581659    ,0.139495    ,1.51085     ,1.13374     ,0.614038    ,-0.0453982  ,0.201244    ,nan          ,nan          ,nan         ,0.00498746   ,0.125765     ,0.117625     ,nan          ,nan          ,nan         ,0.0320973    ,0.154839     ,0.0813683    ,nan          ,nan          ,nan          ,0.0290602    ,0.344373     ,0.157273    ,-0.00131067 ,0.0205595    ,0            ,0.0280021    ,0            ,0.00632609   ,       1 ,       1 ,       1 ,       1 ,       1 ,       1
 7.39714 ,0    , 1.8   ,     0 ,0.241144 ,-0        ,         0 ,-0       ,2.175   ,-0.274998 ,0.00686434  ,1.975   ,-0.325    ,0           ,1.475    ,-0.274999 ,1.69664e-06 ,2.275   ,0.275     ,0.0878431   ,1.875   ,0.324998  ,1.67384e-06 ,1.575    ,0.275    ,0.105686    ,0.108218    ,1.42614     ,1.08932     ,0.545964   ,1.39215     ,1.26705    ,0.148098  ,1.52101     ,1.11957     ,0.525761   ,0.564924     ,0.724671    ,0.113838    ,1.51071     ,1.12429     ,0.62613     ,0.156223    ,0.29347     ,-0.0286577   ,-0.14316     ,-0.117437   ,nan          ,nan          ,nan          ,7.63998e-07  ,-0.141628    ,-0.137338   ,nan          ,nan          ,nan          ,-7.51503e-07 ,-0.142192    ,-0.137027    ,nan          ,nan          ,nan         ,-0.0013103  ,0            ,1.69664e-06  ,0.00293232   ,1.67384e-06  ,-0.00113683  ,       1 ,       1 ,       1 ,       1 ,       1 ,       1
 7.42694 ,0.05 , 1.805 ,     0 ,0.242757 ,-0        ,         0 ,-0       ,2.17838 ,-0.277622 ,0.0166582   ,1.975   ,-0.325    ,0           ,1.48024  ,-0.273638 ,0.0214387   ,2.275   ,0.275     ,0.0878431   ,1.8804  ,0.323338  ,0.0219803   ,1.575    ,0.275    ,0.105686    ,0.0989253   ,1.35234     ,1.03226     ,0.528589   ,1.40878     ,1.26691    ,0.150437  ,1.36317     ,0.967328    ,0.508704   ,0.577644     ,0.716573    ,0.116895    ,1.34741     ,0.968222    ,0.605832    ,0.192396    ,0.301698    ,-0.00885602  ,-0.151619    ,-0.110725   ,nan          ,nan          ,nan          ,0.00389276   ,-0.124418    ,-0.119302   ,nan          ,nan          ,nan          ,0.00493589   ,-0.125953    ,-0.119276    ,nan          ,nan          ,nan         ,0.00639368  ,0            ,0.0214387    ,0.00293232   ,0.0219803    ,-0.00113683  ,       0 ,       1 ,       0 ,       1 ,       0 ,       1
 7.46704 ,0.1  , 1.81  ,     0 ,0.244369 ,-0        ,         0 ,-0       ,2.18366 ,-0.280302 ,0.026325    ,1.975   ,-0.325    ,0           ,1.48601  ,-0.270357 ,0.0396752   ,2.275   ,0.275     ,0.0878431   ,1.88657 ,0.319206  ,0.040684    ,1.575    ,0.275    ,0.105686    ,0.0990166   ,1.27494     ,0.978652    ,0.510785   ,1.42578     ,1.26746    ,0.157225  ,1.22554     ,0.836182    ,0.491253   ,0.591437     ,0.70939     ,0.125658    ,1.20375     ,0.833531    ,0.585062    ,0.229231    ,0.310925    ,0.00887643   ,-0.157524    ,-0.103647   ,nan          ,nan          ,nan          ,0.00749814   ,-0.107585    ,-0.101787   ,nan          ,nan          ,nan          ,0.00936627   ,-0.109955    ,-0.10193     ,nan          ,nan          ,nan         ,0.0131792   ,0            ,0.0396752    ,0.00293232   ,0.040684     ,-0.00113683  ,       0 ,       1 ,       0 ,       1 ,       0 ,       1
 7.5067  ,0.15 , 1.815 ,     0 ,0.245982 ,-0        ,         0 ,-0       ,2.1907  ,-0.282867 ,0.0358031   ,1.975   ,-0.325    ,0           ,1.49233  ,-0.266197 ,0.05474     ,2.275   ,0.275     ,0.0878431   ,1.89342 ,0.313728  ,0.0561125   ,1.575    ,0.275    ,0.105686    ,0.107457    ,1.19524     ,0.928674    ,0.492546   ,1.44311     ,1.26867    ,0.168121  ,1.10765     ,0.725513    ,0.473401   ,0.606282     ,0.703128    ,0.139509    ,1.07943     ,0.719724    ,0.563828    ,0.266396    ,0.321024    ,0.0245396    ,-0.160876    ,-0.0962035  ,nan          ,nan          ,nan          ,0.0108169    ,-0.0911298   ,-0.0847942  ,nan          ,nan          ,nan          ,0.0132904    ,-0.0941983   ,-0.0849888   ,nan          ,nan          ,nan         ,0.0124062   ,0            ,0.05474      ,0.00293232   ,0.0561125    ,-0.00113683  ,       0 ,       1 ,       0 ,       1 ,       0 ,       1
 7.54693 ,0.2  , 1.82  ,     0 ,0.247595 ,-0        ,         0 ,-0       ,2.19932 ,-0.285157 ,0.045036    ,1.975   ,-0.325    ,0           ,1.49923  ,-0.26198  ,0.0668518   ,2.275   ,0.275     ,0.0878431   ,1.90088 ,0.307819  ,0.0684768   ,1.575    ,0.275    ,0.105686    ,0.123211    ,1.11449     ,0.88251     ,0.473865   ,1.46074     ,1.27055    ,0.182787  ,1.00908     ,0.634703    ,0.455145   ,0.622151     ,0.697791    ,0.157832    ,0.974153    ,0.626307    ,0.542136    ,0.303592    ,0.331878    ,0.0381335    ,-0.161674    ,-0.0883943  ,nan          ,nan          ,nan          ,0.0138491    ,-0.0750519   ,-0.0683229  ,nan          ,nan          ,nan          ,0.0167082    ,-0.0786838   ,-0.0684522   ,nan          ,nan          ,nan         ,0.0105359   ,0            ,0.0668518    ,0.00293232   ,0.0684768    ,-0.00113683  ,       0 ,       1 ,       0 ,       1 ,       0 ,       1
 7.58663 ,0.25 , 1.825 ,     0 ,0.249208 ,-0        ,         0 ,-0       ,2.20935 ,-0.287029 ,0.0539695   ,1.975   ,-0.325    ,0           ,1.50671  ,-0.258307 ,0.0763223   ,2.275   ,0.275     ,0.0878431   ,1.90889 ,0.302175  ,0.0780994   ,1.575    ,0.275    ,0.105686    ,0.145245    ,1.03399     ,0.840341    ,0.454736   ,1.47863     ,1.27306    ,0.200881  ,0.929358    ,0.563132    ,0.436481   ,0.639009     ,0.693376    ,0.18001     ,0.887631    ,0.552789    ,0.519997    ,0.340552    ,0.343381    ,0.0496581    ,-0.159918    ,-0.0802194  ,nan          ,nan          ,nan          ,0.0165946    ,-0.0593515   ,-0.0523734  ,nan          ,nan          ,nan          ,0.0196197    ,-0.063411    ,-0.0523203   ,nan          ,nan          ,nan         ,-0.0115673  ,0            ,0.0824307    ,0.00293232   ,0.0780994    ,-0.00113683  ,       0 ,       1 ,       0 ,       1 ,       0 ,       1
 7.62668 ,0.3  , 1.83  ,     0 ,0.25082  ,-0        ,         0 ,-0       ,2.22062 ,-0.288369 ,0.0625513   ,1.975   ,-0.325    ,0           ,1.5148   ,-0.255584 ,0.0834842   ,2.275   ,0.275     ,0.0878431   ,1.91743 ,0.297298  ,0.0853372   ,1.575    ,0.275    ,0.105686    ,0.172525    ,0.955002    ,0.802351    ,0.435154   ,1.49675     ,1.27621    ,0.222064  ,0.868048    ,0.51018     ,0.417405   ,0.656812     ,0.689881    ,0.205426    ,0.819566    ,0.498675    ,0.497423    ,0.377048    ,0.355436    ,0.0591135    ,-0.155609    ,-0.0716788  ,nan          ,nan          ,nan          ,0.0190535    ,-0.0440286   ,-0.0369457  ,nan          ,nan          ,nan          ,0.022025     ,-0.04838     ,-0.036593    ,nan          ,nan          ,nan         ,-0.015716   ,0            ,0.0872203    ,0.00293232   ,0.0853372    ,-0.00113683  ,       0 ,       1 ,       0 ,       1 ,       0 ,       1
 7.66667 ,0.35 , 1.835 ,     0 ,0.252433 ,-0        ,         0 ,-0       ,2.2329  ,-0.289101 ,0.0707307   ,1.975   ,-0.325    ,0           ,1.52354  ,-0.254048 ,0.088642    ,2.275   ,0.275     ,0.0878431   ,1.9265  ,0.29352   ,0.0905269   ,1.575    ,0.275    ,0.105686    ,0.204014    ,0.878806    ,0.768723    ,0.415116   ,1.51505     ,1.27997    ,0.245994  ,0.824699    ,0.475229    ,0.397915   ,0.675508     ,0.687296    ,0.233464    ,0.769664    ,0.463472    ,0.47443     ,0.412887    ,0.367963    ,0.0664996    ,-0.148746    ,-0.0627725  ,nan          ,nan          ,nan          ,0.0212258    ,-0.0290832   ,-0.0220397  ,nan          ,nan          ,nan          ,0.023924     ,-0.0335907   ,-0.0212705   ,nan          ,nan          ,nan         ,-0.0207339  ,0            ,0.0900707    ,0.00293232   ,0.0905269    ,-0.00113683  ,       0 ,       1 ,       0 ,       1 ,       0 ,       1
 7.70697 ,0.4  , 1.84  ,     0 ,0.254046 ,-0        ,         0 ,-0       ,2.24596 ,-0.289185 ,0.0784579   ,1.975   ,-0.325    ,0           ,1.53299  ,-0.253801 ,0.0920423   ,2.275   ,0.275     ,0.0878431   ,1.93616 ,0.291035  ,0.0939485   ,1.575    ,0.275    ,0.105686    ,0.238679    ,0.806681    ,0.73964     ,0.394618   ,1.53352     ,1.28432    ,0.272333  ,0.798865    ,0.457659    ,0.378011   ,0.695039     ,0.685609    ,0.263507    ,0.73763     ,0.446689    ,0.451034    ,0.447907    ,0.38089     ,0.0718164    ,-0.139329    ,-0.0535006  ,nan          ,nan          ,nan          ,0.0231115    ,-0.0145153   ,-0.00765554 ,nan          ,nan          ,nan          ,0.0253167    ,-0.0190432   ,-0.00635261  ,nan          ,nan          ,nan         ,-0.0172548  ,0            ,0.0911924    ,0.00293232   ,0.0939485    ,-0.00113683  ,       0 ,       1 ,       0 ,       1 ,       0 ,       1
 7.74694 ,0.45 , 1.845 ,     0 ,0.255658 ,-0        ,         0 ,-0       ,2.25957 ,-0.288627 ,0.0856824   ,1.975   ,-0.325    ,0           ,1.54321  ,-0.254832 ,0.0938573   ,2.275   ,0.275     ,0.0878431   ,1.94646 ,0.289924  ,0.0958041   ,1.575    ,0.275    ,0.105686    ,0.275486    ,0.739903    ,0.715284    ,0.37366    ,1.5521      ,1.28925    ,0.30074   ,0.790096    ,0.45685     ,0.357691   ,0.71534      ,0.684807    ,0.294938    ,0.72317     ,0.447831    ,0.427256    ,0.481982    ,0.394156    ,0.0750639    ,-0.127358    ,-0.0438631  ,nan          ,nan          ,nan          ,0.0247106    ,-0.000324851 ,0.00620691  ,nan          ,nan          ,nan          ,0.0262032    ,-0.0047374   ,0.00816057   ,nan          ,nan          ,nan         ,-0.0160355  ,0            ,0.0907286    ,0.00293232   ,0.0958042    ,-0.00113683  ,       0 ,       1 ,       0 ,       1 ,       0 ,       1
 7.78672 ,0.5  , 1.85  ,     0 ,0.257271 ,-0        ,         0 ,-0       ,2.27348 ,-0.287477 ,0.0923504   ,1.975   ,-0.325    ,0           ,1.55424  ,-0.257037 ,0.0941804   ,2.275   ,0.275     ,0.0878431   ,1.95746 ,0.290178  ,0.0962079   ,1.575    ,0.275    ,0.105686    ,0.313398    ,0.679749    ,0.695838    ,0.35224    ,1.57076     ,1.29475    ,0.330874  ,0.797944    ,0.472185    ,0.336959   ,0.736337     ,0.684869    ,0.32714     ,0.72599     ,0.466406    ,0.403117    ,0.515011    ,0.407711    ,0.0762422    ,-0.112834    ,-0.0338599  ,nan          ,nan          ,nan          ,0.0260231    ,0.0134881    ,0.0195476   ,nan          ,nan          ,nan          ,0.0265834    ,0.00932663   ,0.0222691    ,nan          ,nan          ,nan         ,-0.011677   ,0            ,0.0854849    ,0.00293232   ,0.0962079    ,-0.00113683  ,       0 ,       1 ,       0 ,       1 ,       0 ,       1
 7.8267  ,0.55 , 1.855 ,     0 ,0.258884 ,-0        ,         0 ,-0       ,2.28744 ,-0.285825 ,0.0984013   ,1.975   ,-0.325    ,0           ,1.56611  ,-0.260236 ,0.0930285   ,2.275   ,0.275     ,0.0878431   ,1.96917 ,0.291714  ,0.0951844   ,1.575    ,0.275    ,0.105686    ,0.351383    ,0.627495    ,0.681485    ,0.33036    ,1.58946     ,1.30079    ,0.362388  ,0.821974    ,0.503048    ,0.315815   ,0.757953     ,0.685773    ,0.359494    ,0.745796    ,0.501923    ,0.378641    ,0.54692     ,0.421512    ,0.0753512    ,-0.0957561   ,-0.023491   ,nan          ,nan          ,nan          ,0.0270158    ,0.0269685    ,0.032385    ,nan          ,nan          ,nan          ,0.0264456    ,0.0231527    ,0.0359821    ,nan          ,nan          ,nan         ,-0.00781376 ,0            ,0.0781492    ,0.00293232   ,0.0951845    ,-0.00113683  ,       0 ,       1 ,       0 ,       1 ,       0 ,       1
 7.86664 ,0.6  , 1.86  ,     0 ,0.260497 ,-0        ,         0 ,-0       ,2.3012  ,-0.283804 ,0.103763    ,1.975   ,-0.325    ,0           ,1.57879  ,-0.264175 ,0.0903443   ,2.275   ,0.275     ,0.0878431   ,1.98159 ,0.294399  ,0.092673    ,1.575    ,0.275    ,0.105686    ,0.388405    ,0.584418    ,0.672408    ,0.308023   ,1.60817     ,1.30735    ,0.39483   ,0.861887    ,0.548882    ,0.294263   ,0.780108     ,0.687494    ,0.391343    ,0.782306    ,0.553923    ,0.353855    ,0.577657    ,0.435526    ,0.0723909    ,-0.0761244   ,-0.0127565  ,nan          ,nan          ,nan          ,0.027583     ,0.0402603    ,0.0447782   ,nan          ,nan          ,nan          ,0.0257503    ,0.0367537    ,0.0493309    ,nan          ,nan          ,nan         ,-0.00192361 ,0            ,0.0697494    ,0.00293232   ,0.092673     ,-0.00113683  ,       0 ,       1 ,       0 ,       1 ,       0 ,       1
 7.90699 ,0.65 , 1.865 ,     0 ,0.262109 ,-0        ,         0 ,-0       ,2.31453 ,-0.281578 ,0.108345    ,1.975   ,-0.325    ,0           ,1.59214  ,-0.268542 ,0.0860111   ,2.275   ,0.275     ,0.0878431   ,1.99461 ,0.298051  ,0.08854     ,1.575    ,0.275    ,0.105686    ,0.423429    ,0.551796    ,0.668789    ,0.285233   ,1.62685     ,1.31442    ,0.427689  ,0.917468    ,0.609163    ,0.27231    ,0.802714     ,0.690005    ,0.422003    ,0.835248    ,0.621962    ,0.328786    ,0.607188    ,0.449725    ,0.0673614    ,-0.053939    ,-0.00165629 ,nan          ,nan          ,nan          ,0.0277167    ,0.0533742    ,0.0567315   ,nan          ,nan          ,nan          ,0.0244943    ,0.0501306    ,0.0623182    ,nan          ,nan          ,nan         ,0.00265919  ,0            ,0.0602248    ,0.00293232   ,0.08854      ,-0.00113683  ,       0 ,       1 ,       0 ,       1 ,       0 ,       1
 7.94668 ,0.7  , 1.87  ,     0 ,0.263722 ,-0        ,         0 ,-0       ,2.3272  ,-0.279336 ,0.112039    ,1.975   ,-0.325    ,0           ,1.60599  ,-0.272971 ,0.0798756   ,2.275   ,0.275     ,0.0878431   ,2.00807 ,0.302441  ,0.0825992   ,1.575    ,0.275    ,0.105686    ,0.455421    ,0.530905    ,0.670812    ,0.261997   ,1.64546     ,1.32198    ,0.460449  ,0.988508    ,0.683369    ,0.249963   ,0.825686     ,0.693274    ,0.450791    ,0.904349    ,0.705602    ,0.303465    ,0.635499    ,0.464088    ,0.0602626    ,-0.0291999   ,0.00980955  ,nan          ,nan          ,nan          ,0.0274169    ,0.0663102    ,0.0682449   ,nan          ,nan          ,nan          ,0.0226775    ,0.0632835    ,0.0749438    ,nan          ,nan          ,nan         ,0.00635231  ,0            ,0.0387292    ,0.00293232   ,0.0825992    ,-0.00113683  ,       0 ,       1 ,       0 ,       1 ,       0 ,       1
 7.9869  ,0.75 , 1.875 ,     0 ,0.265335 ,-0        ,         0 ,-0       ,2.33897 ,-0.277281 ,0.114704    ,1.975   ,-0.325    ,0           ,1.62004  ,-0.277045 ,0.0717731   ,2.275   ,0.275     ,0.0878431   ,2.02169 ,0.307291  ,0.0746371   ,1.575    ,0.275    ,0.105686    ,0.483347    ,0.523022    ,0.67866     ,0.238323   ,1.66398     ,1.33001    ,0.492596  ,1.0748      ,0.770979    ,0.227229   ,0.848933     ,0.69727     ,0.477025    ,0.989336    ,0.804402    ,0.277923    ,0.662589    ,0.4786      ,0.0510945    ,-0.00190713  ,0.021641    ,nan          ,nan          ,nan          ,0.0266837    ,0.0790683    ,0.0793185   ,nan          ,nan          ,nan          ,0.0203       ,0.0762124    ,0.0872079    ,nan          ,nan          ,nan         ,0.00901776  ,0            ,0.0450016    ,0.00293232   ,0.0746371    ,-0.00113683  ,       0 ,       1 ,       0 ,       1 ,       0 ,       1
 8.02716 ,0.8  , 1.88  ,     0 ,0.266948 ,-0        ,         0 ,-0       ,2.34961 ,-0.27561  ,0.116173    ,1.975   ,-0.325    ,0           ,1.63387  ,-0.280306 ,0.0615615   ,2.275   ,0.275     ,0.0878431   ,2.03508 ,0.312273  ,0.0644464   ,1.575    ,0.275    ,0.105686    ,0.506171    ,0.529423    ,0.692514    ,0.214221   ,1.68236     ,1.33848    ,0.523615  ,1.17612     ,0.87147     ,0.204121   ,0.872368     ,0.70196     ,0.50002     ,1.08994     ,0.917921    ,0.252194    ,0.68847     ,0.49325     ,0.0398571    ,0.0279394    ,0.0338382   ,nan          ,nan          ,nan          ,0.025517     ,0.0916485    ,0.0899523   ,nan          ,nan          ,nan          ,0.0173617    ,0.0889172    ,0.0991104    ,nan          ,nan          ,nan         ,0.0104869   ,0            ,0.0386558    ,0.00293232   ,0.0644464    ,-0.00113683  ,       0 ,       1 ,       0 ,       1 ,       0 ,       1
 8.06701 ,0.85 , 1.885 ,     0 ,0.26856  ,-0        ,         0 ,-0       ,2.35885 ,-0.274493 ,0.116245    ,1.975   ,-0.325    ,0           ,1.64697  ,-0.282257 ,0.0491609   ,2.275   ,0.275     ,0.0878431   ,2.04775 ,0.317007  ,0.0518676   ,1.575    ,0.275    ,0.105686    ,0.522859    ,0.551387    ,0.712559    ,0.189705   ,1.70057     ,1.34739    ,0.552993  ,1.29227     ,0.984321    ,0.18065    ,0.895902     ,0.707308    ,0.519095    ,1.20587     ,1.04572     ,0.226311    ,0.713163    ,0.508031    ,0.0265505    ,0.0603396    ,0.046401    ,nan          ,nan          ,nan          ,0.0239168    ,0.104051     ,0.100146    ,nan          ,nan          ,nan          ,0.0138626    ,0.101398     ,0.110651     ,nan          ,nan          ,nan         ,0.00194212  ,0            ,0.0313738    ,0.00293232   ,0.0518676    ,-0.00113683  ,       0 ,       1 ,       0 ,       1 ,       0 ,       1
 8.10675 ,0.9  , 1.89  ,     0 ,0.270173 ,-0        ,         0 ,-0       ,2.36641 ,-0.274041 ,0.114689    ,1.975   ,-0.325    ,0           ,1.65868  ,-0.282379 ,0.0346023   ,2.275   ,0.275     ,0.0878431   ,2.05909 ,0.321054  ,0.0368385   ,1.575    ,0.275    ,0.105686    ,0.532376    ,0.590189    ,0.738976    ,0.164791   ,1.71858     ,1.3567     ,0.580214  ,1.42303     ,1.10901     ,0.156831   ,0.919449     ,0.713279    ,0.533566    ,1.33688     ,1.18736     ,0.200311    ,0.7367      ,0.522941    ,0.0111746    ,0.0952935    ,0.0593295   ,nan          ,nan          ,nan          ,0.0218832    ,0.116275     ,0.1099      ,nan          ,nan          ,nan          ,0.00980272   ,0.113655     ,0.12183      ,nan          ,nan          ,nan         ,0.00309695  ,0            ,0.0281804    ,0.00293232   ,0.0368385    ,-0.00113683  ,       1 ,       1 ,       1 ,       1 ,       1 ,       1
 8.14665 ,0.95 , 1.895 ,     0 ,0.271786 ,-0        ,         0 ,-0       ,2.37193 ,-0.27426  ,0.111254    ,1.975   ,-0.325    ,0           ,1.66829  ,-0.280137 ,0.0180791   ,2.275   ,0.275     ,0.0878431   ,2.06841 ,0.323908  ,0.0194495   ,1.575    ,0.275    ,0.105686    ,0.533689    ,0.647106    ,0.771949    ,0.139495   ,1.73636     ,1.3664     ,0.604765  ,1.5682      ,1.24501     ,0.132681   ,0.942927     ,0.719837    ,0.54275     ,1.48268     ,1.34239     ,0.174228    ,0.75912     ,0.537979    ,-0.00627059  ,0.132801     ,0.0726236   ,nan          ,nan          ,nan          ,0.0194161    ,0.128322     ,0.119215    ,nan          ,nan          ,nan          ,0.0051821    ,0.125688     ,0.132648     ,nan          ,nan          ,nan         ,0.00212083  ,0            ,0.0148435    ,0.00293232   ,0.0194495    ,-0.00113683  ,       1 ,       1 ,       1 ,       1 ,       1 ,       1
 8.20198 ,0    , 1.9   ,     0 ,0.273399 ,-0        ,         0 ,-0       ,2.375   ,-0.275    ,0.105686    ,1.975   ,-0.324998 ,1.61328e-06 ,1.675    ,-0.275    ,0           ,2.275   ,0.274998  ,0.0878445   ,2.075   ,0.325     ,0           ,1.575    ,0.274998 ,0.105687    ,0.525761    ,0.723415    ,0.811661    ,0.113838   ,1.75389     ,1.37648    ,0.62613   ,1.72755     ,1.39181     ,0.108218   ,0.966255     ,0.726948    ,0.545964    ,1.64301     ,1.51038     ,0.148098    ,0.780466    ,0.553149    ,nan          ,nan          ,nan         ,-9.22099e-07 ,-0.131185    ,-0.145583    ,nan          ,nan          ,nan         ,-0.0368708   ,-0.183167    ,-0.107144    ,nan          ,nan          ,nan          ,-0.0249097   ,-0.249691    ,-0.14486    ,-0.00129622 ,1.61328e-06  ,0            ,0.00293192   ,0            ,-0.0011353   ,       1 ,       1 ,       1 ,       1 ,       1 ,       1
 8.22651 ,0.05 , 1.905 ,     0 ,0.274222 ,-0        ,         0 ,-0       ,2.375   ,-0.275    ,0.105686    ,1.98021 ,-0.323751 ,0.0208513   ,1.675    ,-0.275    ,0           ,2.27228 ,0.279897  ,0.106933    ,2.075   ,0.325     ,0           ,1.5726   ,0.267871 ,0.129632    ,0.508704    ,0.729294    ,0.800432    ,0.115658   ,1.60879     ,1.21651    ,0.605832  ,1.73831     ,1.39536     ,0.0682025  ,0.735708     ,0.592039    ,0.528589    ,1.65304     ,1.50567     ,0.113673    ,0.374037    ,0.311477    ,nan          ,nan          ,nan         ,0.00308686   ,-0.117467    ,-0.128565    ,nan          ,nan          ,nan         ,-0.02355     ,-0.163731    ,-0.0958245   ,nan          ,nan          ,nan          ,-0.0133308   ,-0.19986     ,-0.122193   ,-0.00129622 ,0.0208513    ,0            ,0.0198576    ,0            ,0.0241035    ,       1 ,       0 ,       1 ,       0 ,       1 ,       0
 8.26702 ,0.1  , 1.91  ,     0 ,0.275046 ,-0        ,         0 ,-0       ,2.375   ,-0.275    ,0.105686    ,1.98584 ,-0.320553 ,0.0394419   ,1.675    ,-0.275    ,0           ,2.27255 ,0.27959   ,0.121498    ,2.075   ,0.325     ,0           ,1.57356  ,0.254444 ,0.139163    ,0.491253    ,0.735905    ,0.789898    ,0.120967   ,1.47965     ,1.07629    ,0.585062  ,1.74885     ,1.39922     ,0.0450264  ,0.530846     ,0.47219     ,0.510785    ,1.66339     ,1.50155     ,0.0990073   ,0.0540363   ,0.110004    ,nan          ,nan          ,nan         ,0.00597915   ,-0.10384     ,-0.111756    ,nan          ,nan          ,nan         ,-0.0115365   ,-0.144524    ,-0.0844862   ,nan          ,nan          ,nan          ,-0.00308857  ,-0.154244    ,-0.100464   ,-0.00129622 ,0.0394419    ,0            ,0.030724     ,0            ,0.0335715    ,       1 ,       0 ,       1 ,       0 ,       1 ,       0
 8.30656 ,0.15 , 1.915 ,     0 ,0.275869 ,-0        ,         0 ,-0       ,2.375   ,-0.275    ,0.105686    ,1.9919  ,-0.316176 ,0.0555081   ,1.675    ,-0.275    ,0           ,2.2758  ,0.276347  ,0.131901    ,2.075   ,0.325     ,0           ,1.57769  ,0.241461 ,0.139629    ,0.473401    ,0.743241    ,0.780065    ,0.129539   ,1.36636     ,0.955556   ,0.563828  ,1.75914     ,1.40337     ,0.0369514  ,0.351364     ,0.367426    ,0.492546    ,1.67404     ,1.498       ,0.10168     ,-0.187172   ,-0.0529669  ,nan          ,nan          ,nan         ,0.00867593   ,-0.0903055   ,-0.0951567   ,nan          ,nan          ,nan         ,-0.000830316 ,-0.125547    ,-0.073129    ,nan          ,nan          ,nan          ,0.00581698   ,-0.112843    ,-0.0796723  ,-0.00129622 ,0.0555081    ,0            ,0.0354881    ,0            ,0.0337658    ,       1 ,       0 ,       1 ,       0 ,       1 ,       0
 8.34666 ,0.2  , 1.92  ,     0 ,0.276693 ,-0        ,         0 ,-0       ,2.375   ,-0.275    ,0.105686    ,1.99838 ,-0.3113   ,0.0689692   ,1.675    ,-0.275    ,0           ,2.28165 ,0.271725  ,0.138881    ,2.075   ,0.325     ,0           ,1.58421  ,0.230962 ,0.1361      ,0.455145    ,0.751288    ,0.770937    ,0.141144   ,1.26881     ,0.854079   ,0.542136  ,1.76917     ,1.4078      ,0.0422396  ,0.196956     ,0.277772    ,0.473865    ,1.68495     ,1.49502     ,0.119269    ,-0.357223   ,-0.179132   ,nan          ,nan          ,nan         ,0.0111772    ,-0.0768623   ,-0.0787661   ,nan          ,nan          ,nan         ,0.00856854   ,-0.106799    ,-0.061753    ,nan          ,nan          ,nan          ,0.0133858    ,-0.0756587   ,-0.0598175  ,-0.00129622 ,0.0689692    ,0            ,0.0401532    ,0            ,0.0298088    ,       1 ,       0 ,       1 ,       0 ,       1 ,       0
 8.38702 ,0.25 , 1.925 ,     0 ,0.277516 ,-0        ,         0 ,-0       ,2.375   ,-0.275    ,0.105686    ,2.00527 ,-0.3065   ,0.0798705   ,1.675    ,-0.275    ,0           ,2.28965 ,0.266678  ,0.143306    ,2.075   ,0.325     ,0           ,1.5924   ,0.222907 ,0.132062    ,0.436481    ,0.760031    ,0.762516    ,0.155554   ,1.1869      ,0.771611   ,0.519996  ,1.7789      ,1.4125      ,0.0591531  ,0.0673182    ,0.203253    ,0.454736    ,1.6961      ,1.49259     ,0.149356    ,-0.46375    ,-0.270189   ,nan          ,nan          ,nan         ,0.013483     ,-0.0635107   ,-0.0625847   ,nan          ,nan          ,nan         ,0.0166601    ,-0.088281    ,-0.0503582   ,nan          ,nan          ,nan          ,0.019618     ,-0.0426895   ,-0.0408999  ,-0.00129622 ,0.0798705    ,0            ,0.0423187    ,0            ,0.0252337    ,       1 ,       0 ,       1 ,       0 ,       1 ,       0
 8.42696 ,0.3  , 1.93  ,     0 ,0.27834  ,-0        ,         0 ,-0       ,2.375   ,-0.275    ,0.105686    ,2.01258 ,-0.302229 ,0.0883325   ,1.675    ,-0.275    ,0           ,2.29936 ,0.26172   ,0.146012    ,2.075   ,0.325     ,0           ,1.60177  ,0.216826 ,0.129486    ,0.417405    ,0.769449    ,0.754802    ,0.172541   ,1.12052     ,0.707906   ,0.497423  ,1.78833     ,1.41745     ,0.085954   ,-0.0378559   ,0.143894    ,0.435154    ,1.70746     ,1.49071     ,0.189518    ,-0.514388   ,-0.327836   ,nan          ,nan          ,nan         ,0.0155933    ,-0.0502509   ,-0.0466123   ,nan          ,nan          ,nan         ,0.0234443    ,-0.0699926   ,-0.0389445   ,nan          ,nan          ,nan          ,0.0245134    ,-0.013936    ,-0.0229194  ,-0.00129622 ,0.0883325    ,0            ,0.0428149    ,0            ,0.0238001    ,       1 ,       0 ,       1 ,       0 ,       1 ,       0
 8.46666 ,0.35 , 1.935 ,     0 ,0.279163 ,-0        ,         0 ,-0       ,2.375   ,-0.275    ,0.105686    ,2.02036 ,-0.29883  ,0.0945106   ,1.675    ,-0.275    ,0           ,2.31041 ,0.25708   ,0.147711    ,2.075   ,0.325     ,0           ,1.61201  ,0.212527 ,0.129208    ,0.397915    ,0.779518    ,0.747793    ,0.191877   ,1.06957     ,0.662722   ,0.47443   ,1.79743     ,1.42264     ,0.120905   ,-0.118871    ,0.0997206   ,0.415116    ,1.71902     ,1.48935     ,0.237337    ,-0.51676    ,-0.353768   ,nan          ,nan          ,nan         ,0.0175081    ,-0.0370827   ,-0.030849    ,nan          ,nan          ,nan         ,0.0289212    ,-0.0519339   ,-0.027512    ,nan          ,nan          ,nan          ,0.028079     ,0.01067      ,-0.00587184 ,-0.00129622 ,0.0946533    ,0            ,0.0418058    ,0            ,0.0235212    ,       1 ,       0 ,       1 ,       0 ,       1 ,       0
 8.50716 ,0.4  , 1.94  ,     0 ,0.279987 ,-0        ,         0 ,-0       ,2.375   ,-0.275    ,0.105686    ,2.02865 ,-0.296537 ,0.0985634   ,1.675    ,-0.275    ,0           ,2.32251 ,0.252839  ,0.148951    ,2.075   ,0.325     ,0           ,1.62306  ,0.210117 ,0.131291    ,0.378011    ,0.790207    ,0.741487    ,0.213334   ,1.03393     ,0.635814   ,0.451034  ,1.80618     ,1.42806     ,0.162267   ,-0.176033    ,0.0707572   ,0.394618    ,1.73073     ,1.4885      ,0.290513    ,-0.477286   ,-0.349606   ,nan          ,nan          ,nan         ,0.0192274    ,-0.0240063   ,-0.0152948   ,nan          ,nan          ,nan         ,0.0330907    ,-0.0341048   ,-0.0160606   ,nan          ,nan          ,nan          ,0.0304598    ,0.0325702    ,0.0103329   ,-0.00129622 ,0.0984512    ,0            ,0.0419734    ,0            ,0.025605     ,       1 ,       0 ,       1 ,       0 ,       1 ,       0
 8.54705 ,0.45 , 1.945 ,     0 ,0.28081  ,-0        ,         0 ,-0       ,2.375   ,-0.275    ,0.105686    ,2.03754 ,-0.29549  ,0.10063     ,1.675    ,-0.275    ,0           ,2.33541 ,0.249029  ,0.150109    ,2.075   ,0.325     ,0           ,1.63503  ,0.209769 ,0.135292    ,0.357691    ,0.801483    ,0.735878    ,0.236684   ,1.01349     ,0.626938   ,0.427256  ,1.81458     ,1.4337      ,0.208303   ,-0.209647    ,0.0570292   ,0.37366     ,1.74257     ,1.48816     ,0.346981    ,-0.400076   ,-0.316829   ,nan          ,nan          ,nan         ,0.0207512    ,-0.0110215   ,5.02825e-05  ,nan          ,nan          ,nan         ,0.035953     ,-0.0165054   ,-0.0045903   ,nan          ,nan          ,nan          ,0.0317138    ,0.0523433    ,0.0257311   ,-0.00129622 ,0.100245     ,0            ,0.0444224    ,0            ,0.0296058    ,       1 ,       0 ,       1 ,       0 ,       1 ,       0
 8.58697 ,0.5  , 1.95  ,     0 ,0.281634 ,-0        ,         0 ,-0       ,2.375   ,-0.275    ,0.105686    ,2.0471  ,-0.295736 ,0.100817    ,1.675    ,-0.275    ,0           ,2.34892 ,0.245699  ,0.151388    ,2.075   ,0.325     ,0           ,1.64822  ,0.211726 ,0.140307    ,0.336959    ,0.813308    ,0.730958    ,0.261698   ,1.00816     ,0.63585    ,0.403117  ,1.82261     ,1.43955     ,0.257275   ,-0.220017    ,0.0585615   ,0.35224     ,1.75452     ,1.4883      ,0.404699    ,-0.288984   ,-0.256896   ,nan          ,nan          ,nan         ,0.0220794    ,0.00187154   ,0.0151863    ,nan          ,nan          ,nan         ,0.0375079    ,0.000864395  ,0.00689881   ,nan          ,nan          ,nan          ,0.0318412    ,0.0699894    ,0.0403227   ,-0.00129622 ,0.100138     ,0            ,0.0457021    ,0            ,0.0346207    ,       1 ,       0 ,       1 ,       0 ,       1 ,       0
 8.62668 ,0.55 , 1.955 ,     0 ,0.282458 ,-0        ,         0 ,-0       ,2.375   ,-0.275    ,0.105686    ,2.05741 ,-0.297241 ,0.0991882   ,1.675    ,-0.275    ,0           ,2.36287 ,0.242953  ,0.152831    ,2.075   ,0.325     ,0           ,1.66296  ,0.216111 ,0.145047    ,0.315815    ,0.825639    ,0.726718    ,0.288144   ,1.01783     ,0.662304   ,0.378641  ,1.83027     ,1.4456      ,0.307445   ,-0.207449    ,0.0753765   ,0.33036     ,1.76654     ,1.48891     ,0.461628    ,-0.147861   ,-0.171269   ,nan          ,nan          ,nan         ,0.0232002    ,0.0146843    ,0.0301067    ,nan          ,nan          ,nan         ,0.0377549    ,0.0180086    ,0.0183991    ,nan          ,nan          ,nan          ,0.0308419    ,0.0855084    ,0.0541077   ,-0.00129622 ,0.105943     ,0            ,0.0471451    ,0            ,0.0385697    ,       1 ,       0 ,       1 ,       0 ,       1 ,       0
 8.66679 ,0.6  , 1.96  ,     0 ,0.283281 ,-0        ,         0 ,-0       ,2.375   ,-0.275    ,0.105686    ,2.06852 ,-0.299889 ,0.095765    ,1.675    ,-0.275    ,0           ,2.37715 ,0.240963  ,0.154318    ,2.075   ,0.325     ,0           ,1.67943  ,0.222765 ,0.147959    ,0.294263    ,0.83843     ,0.723146    ,0.315763   ,1.04242     ,0.706038   ,0.353855  ,1.83753     ,1.45185     ,0.357073   ,-0.172234    ,0.107476    ,0.308023    ,1.7786      ,1.48997     ,0.515727    ,0.0194402   ,-0.0614071  ,nan          ,nan          ,nan         ,0.0240868    ,0.0274421    ,0.0447969    ,nan          ,nan          ,nan         ,0.0366929    ,0.0349357    ,0.0298947    ,nan          ,nan          ,nan          ,0.0287159    ,0.0989004    ,0.0670861   ,-0.00129622 ,0.0998904    ,0            ,0.0486319    ,0            ,0.0425633    ,       1 ,       0 ,       1 ,       0 ,       1 ,       0
 8.70679 ,0.65 , 1.965 ,     0 ,0.284105 ,-0        ,         0 ,-0       ,2.375   ,-0.275    ,0.105686    ,2.08046 ,-0.303487 ,0.0905287   ,1.675    ,-0.275    ,0           ,2.39166 ,0.239954  ,0.15557     ,2.075   ,0.325     ,0           ,1.6975   ,0.231196 ,0.147417    ,0.27231     ,0.85163     ,0.720228    ,0.344279   ,1.08187     ,0.766784   ,0.328786  ,1.84441     ,1.45829     ,0.404419   ,-0.114662    ,0.154855    ,0.285233    ,1.79068     ,1.49148     ,0.564989    ,0.209098    ,0.0712734   ,nan          ,nan          ,nan         ,0.0247382    ,0.0401459    ,0.0592563    ,nan          ,nan          ,nan         ,0.0343216    ,0.051646     ,0.0413852    ,nan          ,nan          ,nan          ,0.0255202    ,0.110216     ,0.0793353   ,-0.00129622 ,0.0899219    ,0            ,0.0498839    ,0            ,0.0432083    ,       1 ,       0 ,       1 ,       0 ,       1 ,       0
 8.74668 ,0.7  , 1.97  ,     0 ,0.284928 ,-0        ,         0 ,-0       ,2.375   ,-0.275    ,0.105686    ,2.09319 ,-0.30777  ,0.0834286   ,1.675    ,-0.275    ,0           ,2.40629 ,0.240189  ,0.15615     ,2.075   ,0.325     ,0           ,1.71653  ,0.240638 ,0.141968    ,0.249963    ,0.865187    ,0.717947    ,0.373418   ,1.13611     ,0.844271   ,0.303465  ,1.8509      ,1.46492     ,0.447743   ,-0.0350204   ,0.217504    ,0.261997    ,1.80274     ,1.4934      ,0.607552    ,0.417418    ,0.225554    ,nan          ,nan          ,nan         ,0.0251544    ,0.0527957    ,0.0734851    ,nan          ,nan          ,nan         ,0.0306412    ,0.0681393    ,0.0528705    ,nan          ,nan          ,nan          ,0.0213172    ,0.119511     ,0.0909404   ,-0.00129622 ,0.0811841    ,0            ,0.0482382    ,0            ,0.0434381    ,       1 ,       0 ,       1 ,       0 ,       1 ,       0
 8.78675 ,0.75 , 1.975 ,     0 ,0.285752 ,-0        ,         0 ,-0       ,2.375   ,-0.275    ,0.105686    ,2.10664 ,-0.312403 ,0.0743972   ,1.675    ,-0.275    ,0           ,2.42088 ,0.241929  ,0.155467    ,2.075   ,0.325     ,0           ,1.73534  ,0.250175 ,0.130587    ,0.227229    ,0.879043    ,0.716287    ,0.402905   ,1.20509     ,0.938231   ,0.277923  ,1.85699     ,1.47173     ,0.485304   ,0.0664023    ,0.295418    ,0.238323    ,1.81475     ,1.49573     ,0.641591    ,0.640741    ,0.400267    ,nan          ,nan          ,nan         ,0.0253354    ,0.0653915    ,0.0874831    ,nan          ,nan          ,nan         ,0.0256517    ,0.0844158    ,0.0643507    ,nan          ,nan          ,nan          ,0.016107     ,0.126784     ,0.101901    ,-0.00129622 ,0.0721001    ,0            ,0.0483985    ,0            ,0.0412173    ,       1 ,       0 ,       1 ,       0 ,       1 ,       0
 8.82687 ,0.8  , 1.98  ,     0 ,0.286575 ,-0        ,         0 ,-0       ,2.375   ,-0.275    ,0.105686    ,2.12063 ,-0.316985 ,0.0633717   ,1.675    ,-0.275    ,0           ,2.43517 ,0.245386  ,0.152788    ,2.075   ,0.325     ,0           ,1.75237  ,0.258912 ,0.112918    ,0.204121    ,0.89314     ,0.715227    ,0.432467   ,1.28873     ,1.04839    ,0.252194  ,1.8627      ,1.47873     ,0.515363   ,0.189318     ,0.388589    ,0.214221    ,1.82669     ,1.49845     ,0.665283    ,0.875406    ,0.594248    ,nan          ,nan          ,nan         ,0.0252813    ,0.0779333    ,0.10125      ,nan          ,nan          ,nan         ,0.0193531    ,0.100475     ,0.0758258    ,nan          ,nan          ,nan          ,0.00988952   ,0.132037     ,0.112218    ,-0.00129622 ,0.0605339    ,0            ,0.0464303    ,0            ,0.0351279    ,       1 ,       0 ,       1 ,       0 ,       1 ,       0
 8.86681 ,0.85 , 1.985 ,     0 ,0.287399 ,-0        ,         0 ,-0       ,2.375   ,-0.275    ,0.105686    ,2.13488 ,-0.321054 ,0.0503222   ,1.675    ,-0.275    ,0           ,2.44865 ,0.250664  ,0.14728     ,2.075   ,0.325     ,0           ,1.76591  ,0.26613  ,0.0894101   ,0.18065     ,0.907418    ,0.714747    ,0.461828   ,1.38699     ,1.17449    ,0.226311  ,1.86802     ,1.48592     ,0.536178   ,0.333438     ,0.497012    ,0.189705    ,1.83852     ,1.50154     ,0.676835    ,1.11772     ,0.806266    ,nan          ,nan          ,nan         ,0.024992     ,0.090421     ,0.114787     ,nan          ,nan          ,nan         ,0.0117453    ,0.116318     ,0.0872958    ,nan          ,nan          ,nan          ,0.00274948   ,0.135185     ,0.121729    ,-0.00129622 ,0.0472277    ,0            ,0.0415933    ,0            ,0.0315424    ,       1 ,       0 ,       1 ,       0 ,       1 ,       0
 8.90685 ,0.9  , 1.99  ,     0 ,0.288222 ,-0        ,         0 ,-0       ,2.375   ,-0.275    ,0.105686    ,2.14903 ,-0.324103 ,0.0352868   ,1.675    ,-0.275    ,0           ,2.46057 ,0.257682  ,0.138077    ,2.075   ,0.325     ,0           ,1.77455  ,0.271292 ,0.0613775   ,0.156831    ,0.921816    ,0.714825    ,0.490714   ,1.49978     ,1.31625    ,0.200311  ,1.87297     ,1.49329     ,0.546009   ,0.498474     ,0.620678    ,0.164791    ,1.85021     ,1.50499     ,0.674878    ,1.36358     ,1.03429     ,nan          ,nan          ,nan         ,0.0244674    ,0.102855     ,0.128093     ,nan          ,nan          ,nan         ,0.0028283    ,0.131944     ,0.0987606    ,nan          ,nan          ,nan          ,-0.00500956  ,0.135927     ,0.129853    ,-0.00129622 ,0.0322334    ,0            ,0.0325805    ,0            ,0.0316594    ,       1 ,       1 ,       1 ,       1 ,       1 ,       1
 8.94689 ,0.95 , 1.995 ,     0 ,0.289046 ,-0        ,         0 ,-0       ,2.375   ,-0.275    ,0.105686    ,2.16259 ,-0.325597 ,0.0184128   ,1.675    ,-0.275    ,0           ,2.46982 ,0.266064  ,0.124395    ,2.075   ,0.325     ,0           ,1.77754  ,0.274172 ,0.0308138   ,0.13268     ,0.93627     ,0.715438    ,0.518851   ,1.62706     ,1.47341    ,0.174228  ,1.87755     ,1.50085     ,0.543117   ,0.684138     ,0.759582    ,0.139495    ,1.86174     ,1.50877     ,0.658334    ,1.60857     ,1.27572     ,nan          ,nan          ,nan         ,0.0237078    ,0.115234     ,0.141168     ,nan          ,nan          ,nan         ,-0.00739779  ,0.147353     ,0.11022      ,nan          ,nan          ,nan          ,-0.0133604   ,0.134236     ,0.136538    ,-0.00129622 ,0.0169523    ,0            ,0.0154632    ,0            ,0.0190175    ,       1 ,       1 ,       1 ,       1 ,       1 ,       1
 8.99718 ,0    , 2     ,     0 ,0.289869 ,-0        ,         0 ,-0       ,2.375   ,-0.274998 ,0.105688    ,2.175   ,-0.325    ,0           ,1.675    ,-0.274999 ,1.56017e-06 ,2.475   ,0.275     ,0.105686    ,2.075   ,0.324999  ,1.5432e-06  ,1.775    ,0.275    ,0           ,0.108218    ,0.950721    ,0.71656     ,0.545964   ,1.76875     ,1.64569    ,0.148098  ,1.88177     ,1.50861     ,0.525761   ,0.890142     ,0.913716    ,0.113838    ,1.87308     ,1.51287     ,0.62613     ,1.84831     ,1.52796     ,0.0335173    ,-0.191649    ,-0.124204   ,nan          ,nan          ,nan          ,-0.00443872  ,-0.139038    ,-0.137481   ,nan          ,nan          ,nan          ,-1.00921e-06 ,-0.129793    ,-0.152929    ,nan          ,nan          ,nan         ,-0.0012944  ,0            ,8.98457e-07  ,-0.00129622  ,1.5432e-06   ,0            ,       1 ,       1 ,       1 ,       1 ,       1 ,       1
 9.02659 ,0.05 , 2.005 ,     0 ,0.289137 ,-0        ,         0 ,-0       ,2.38756 ,-0.270465 ,0.123643    ,2.175   ,-0.325    ,0           ,1.68047  ,-0.279888 ,0.0192708   ,2.475   ,0.275     ,0.105686    ,2.08035 ,0.324597  ,0.0166931   ,1.775    ,0.275    ,0           ,0.148324    ,0.717874    ,0.566749    ,0.528589   ,1.76667     ,1.62821    ,0.146795  ,1.7228      ,1.35074     ,0.508704   ,0.882391     ,0.89412     ,0.115896    ,1.74766     ,1.36842     ,0.605832    ,1.84739     ,1.51869     ,0.0294258    ,-0.173402    ,-0.110687   ,nan          ,nan          ,nan          ,0.0021525    ,-0.126135    ,-0.125813   ,nan          ,nan          ,nan          ,0.00404761   ,-0.120285    ,-0.135218    ,nan          ,nan          ,nan         ,0.0167932   ,-3.80959e-18 ,0.0156751    ,-0.00129622  ,0.0166931    ,-5.55112e-17 ,       0 ,       1 ,       0 ,       1 ,       0 ,       1
 9.06672 ,0.1  , 2.01  ,     0 ,0.288405 ,-0        ,         0 ,-0       ,2.39837 ,-0.263011 ,0.136551    ,2.175   ,-0.325    ,0           ,1.68693  ,-0.281459 ,0.0371348   ,2.475   ,0.275     ,0.105686    ,2.08637 ,0.323528  ,0.0318699   ,1.775    ,0.275    ,0           ,0.183458    ,0.508315    ,0.434112    ,0.510785   ,1.76494     ,1.61132    ,0.152989  ,1.57933     ,1.20702     ,0.491253   ,0.874918     ,0.874961    ,0.121839    ,1.6319      ,1.24147     ,0.585062    ,1.84632     ,1.50973     ,0.0257215    ,-0.155138    ,-0.097278   ,nan          ,nan          ,nan          ,0.00806668   ,-0.113168    ,-0.113872   ,nan          ,nan          ,nan          ,0.00774509   ,-0.110516    ,-0.118048    ,nan          ,nan          ,nan         ,0.0331869   ,0            ,0.0252307    ,-0.00129622  ,0.0318699    ,0            ,       0 ,       1 ,       0 ,       1 ,       0 ,       1
 9.10655 ,0.15 , 2.015 ,     0 ,0.287673 ,-0        ,         0 ,-0       ,2.40772 ,-0.254599 ,0.144935    ,2.175   ,-0.325    ,0           ,1.69433  ,-0.280544 ,0.0531052   ,2.475   ,0.275     ,0.105686    ,2.09301 ,0.32202   ,0.0452595   ,1.775    ,0.275    ,0           ,0.214114    ,0.322067    ,0.318511    ,0.492546   ,1.76355     ,1.59502    ,0.165868  ,1.45144     ,1.07778     ,0.473401   ,0.867712     ,0.856241    ,0.131314    ,1.52608     ,1.13146     ,0.563828    ,1.84507     ,1.50104     ,0.0224044    ,-0.136856    ,-0.0839774  ,nan          ,nan          ,nan          ,0.0133038    ,-0.10014     ,-0.101657   ,nan          ,nan          ,nan          ,0.0110914    ,-0.100486    ,-0.101422    ,nan          ,nan          ,nan         ,0.0475895   ,0            ,0.0279723    ,-0.00129622  ,0.0452595    ,0            ,       0 ,       1 ,       0 ,       1 ,       0 ,       1
 9.14693 ,0.2  , 2.02  ,     0 ,0.286941 ,-0        ,         0 ,-0       ,2.41599 ,-0.24657  ,0.149669    ,2.175   ,-0.325    ,0           ,1.70254  ,-0.277927 ,0.0669179   ,2.475   ,0.275     ,0.105686    ,2.1002  ,0.320312  ,0.0567216   ,1.775    ,0.275    ,0           ,0.240785    ,0.159152    ,0.219808    ,0.473865   ,1.76248     ,1.57928    ,0.184621  ,1.33922     ,0.963357    ,0.455145   ,0.860765     ,0.837959    ,0.143969    ,1.43044     ,1.03786     ,0.542136    ,1.84361     ,1.49263     ,0.0194745    ,-0.118557    ,-0.0707849  ,nan          ,nan          ,nan          ,0.0178639    ,-0.0870488   ,-0.0891673  ,nan          ,nan          ,nan          ,0.0140866    ,-0.0901942   ,-0.0853373   ,nan          ,nan          ,nan         ,0.0505702   ,3.80959e-18  ,0.0323147    ,-0.00129622  ,0.0567216    ,5.55112e-17  ,       0 ,       1 ,       0 ,       1 ,       0 ,       1
 9.18691 ,0.25 , 2.025 ,     0 ,0.286209 ,-0        ,         0 ,-0       ,2.42359 ,-0.239721 ,0.151749    ,2.175   ,-0.325    ,0           ,1.71141  ,-0.274309 ,0.0784762   ,2.475   ,0.275     ,0.105686    ,2.10792 ,0.318637  ,0.0662211   ,1.775    ,0.275    ,0           ,0.263965    ,0.0195907   ,0.137866    ,0.454736   ,1.7617      ,1.5641     ,0.208435  ,1.24273     ,0.86407     ,0.436481   ,0.854064     ,0.820113    ,0.159451    ,1.34525     ,0.960113    ,0.519996    ,1.84192     ,1.48447     ,0.0169318    ,-0.100241    ,-0.0577005  ,nan          ,nan          ,nan          ,0.021747     ,-0.0738955   ,-0.0764039  ,nan          ,nan          ,nan          ,0.0167306    ,-0.0796415   ,-0.0697954   ,nan          ,nan          ,nan         ,0.0556799   ,0            ,0.0233963    ,-0.00129622  ,0.0662211    ,0            ,       0 ,       1 ,       0 ,       1 ,       0 ,       1
 9.22652 ,0.3  , 2.03  ,     0 ,0.285477 ,-0        ,         0 ,-0       ,2.43084 ,-0.234429 ,0.152126    ,2.175   ,-0.325    ,0           ,1.72083  ,-0.270286 ,0.0877966   ,2.475   ,0.275     ,0.105686    ,2.11613 ,0.317199  ,0.073802    ,1.775    ,0.275    ,0           ,0.284149    ,-0.0965937  ,0.0725472   ,0.435154   ,1.76119     ,1.54944    ,0.2365    ,1.16204     ,0.78025     ,0.417405   ,0.847598     ,0.802703    ,0.177409    ,1.27078     ,0.897683    ,0.497423    ,1.83997     ,1.47656     ,0.0147762    ,-0.0819081   ,-0.0447243  ,nan          ,nan          ,nan          ,0.0249531    ,-0.0606798   ,-0.0633665  ,nan          ,nan          ,nan          ,0.0190235    ,-0.0688275   ,-0.0547959   ,nan          ,nan          ,nan         ,0.0591849   ,0            ,0.0274531    ,-0.00129622  ,0.073802     ,0            ,       0 ,       1 ,       0 ,       1 ,       0 ,       1
 9.26657 ,0.35 , 2.035 ,     0 ,0.284745 ,-0        ,         0 ,-0       ,2.43798 ,-0.230784 ,0.151612    ,2.175   ,-0.325    ,0           ,1.73069  ,-0.266344 ,0.0949605   ,2.475   ,0.275     ,0.105686    ,2.12481 ,0.316163  ,0.0795609   ,1.775    ,0.275    ,0           ,0.301829    ,-0.18938    ,0.0237124   ,0.415116   ,1.76092     ,1.53531    ,0.268002  ,1.09724     ,0.712226    ,0.397915   ,0.841353     ,0.785729    ,0.197491    ,1.20729     ,0.850023    ,0.47443     ,1.83775     ,1.46888     ,0.0130079    ,-0.0635577   ,-0.0318561  ,nan          ,nan          ,nan          ,0.0274821    ,-0.0474017   ,-0.0500551  ,nan          ,nan          ,nan          ,0.0209653    ,-0.0577523   ,-0.0403388   ,nan          ,nan          ,nan         ,0.0617742   ,0            ,0.0307343    ,-0.00129622  ,0.0806623    ,0            ,       0 ,       1 ,       0 ,       1 ,       0 ,       1
 9.30656 ,0.4  , 2.04  ,     0 ,0.284013 ,-0        ,         0 ,-0       ,2.44519 ,-0.228711 ,0.15084     ,2.175   ,-0.325    ,0           ,1.74095  ,-0.26286  ,0.100074    ,2.475   ,0.275     ,0.105686    ,2.13397 ,0.315647  ,0.0836237   ,1.775    ,0.275    ,0           ,0.317501    ,-0.258745   ,-0.00877561 ,0.394618   ,1.76087     ,1.52167    ,0.302131  ,1.0484      ,0.660328    ,0.378011   ,0.835312     ,0.769189    ,0.219344    ,1.15503     ,0.81659     ,0.451034    ,1.83522     ,1.46142     ,0.0116268    ,-0.04519     ,-0.0190962  ,nan          ,nan          ,nan          ,0.0293341    ,-0.0340612   ,-0.0364696  ,nan          ,nan          ,nan          ,0.0225559    ,-0.0464159   ,-0.0264242   ,nan          ,nan          ,nan         ,0.0639945   ,0            ,0.0334798    ,-0.00129622  ,0.0825242    ,5.55112e-17  ,       0 ,       1 ,       0 ,       1 ,       0 ,       1
 9.34701 ,0.45 , 2.045 ,     0 ,0.283281 ,-0        ,         0 ,-0       ,2.45258 ,-0.228061 ,0.150248    ,2.175   ,-0.325    ,0           ,1.75161  ,-0.26011  ,0.103235    ,2.475   ,0.275     ,0.105686    ,2.14361 ,0.315719  ,0.086124    ,1.775    ,0.275    ,0           ,0.331658    ,-0.304669   ,-0.0250549  ,0.37366    ,1.76102     ,1.50853    ,0.338074  ,1.01559     ,0.624882    ,0.357691   ,0.82946      ,0.753082    ,0.242616    ,1.11428     ,0.796841    ,0.427256    ,1.83238     ,1.45418     ,0.0106329    ,-0.026805    ,-0.00644433 ,nan          ,nan          ,nan          ,0.030509     ,-0.0206584   ,-0.0226101  ,nan          ,nan          ,nan          ,0.0237953    ,-0.0348182   ,-0.0130519   ,nan          ,nan          ,nan         ,0.0867685   ,0            ,0.0344166    ,-0.00129622  ,0.082897     ,0            ,       0 ,       1 ,       0 ,       1 ,       0 ,       1
 9.38672 ,0.5  , 2.05  ,     0 ,0.282549 ,-0        ,         0 ,-0       ,2.46024 ,-0.228678 ,0.150089    ,2.175   ,-0.325    ,0           ,1.76268  ,-0.258272 ,0.104512    ,2.475   ,0.275     ,0.105686    ,2.15371 ,0.316393  ,0.0871851   ,1.775    ,0.275    ,0           ,0.344794    ,-0.327128   ,-0.0252634  ,0.35224    ,1.76133     ,1.49585    ,0.375021  ,0.998884    ,0.606218    ,0.336959   ,0.823776     ,0.737404    ,0.266955    ,1.08528     ,0.79023     ,0.403117    ,1.8292      ,1.44713     ,0.0100262    ,-0.00840288  ,0.00609938  ,nan          ,nan          ,nan          ,0.0310072    ,-0.00719273  ,-0.00847712 ,nan          ,nan          ,nan          ,0.0246859    ,-0.022957    ,-0.000218313 ,nan          ,nan          ,nan         ,0.0860158   ,0            ,0.0380144    ,-0.00129622  ,0.083447     ,0            ,       0 ,       1 ,       0 ,       1 ,       0 ,       1
 9.42673 ,0.55 , 2.055 ,     0 ,0.281817 ,-0        ,         0 ,-0       ,2.46829 ,-0.230437 ,0.150437    ,2.175   ,-0.325    ,0           ,1.77419  ,-0.257438 ,0.103929    ,2.475   ,0.275     ,0.105686    ,2.16428 ,0.317642  ,0.0868941   ,1.775    ,0.275    ,0           ,0.3574      ,-0.326101   ,-0.00954272 ,0.33036    ,1.76178     ,1.48362    ,0.412166  ,0.998373    ,0.604652    ,0.315815   ,0.818239     ,0.722155    ,0.292082    ,1.06838     ,0.796337    ,0.378641    ,1.82566     ,1.44029     ,0.00979945   ,0.010014     ,0.0185267   ,nan          ,nan          ,nan          ,0.030844     ,0.00635637   ,0.00590444  ,nan          ,nan          ,nan          ,0.0254181    ,-0.010651    ,0.0123941    ,nan          ,nan          ,nan         ,0.0852743   ,0            ,0.0412916    ,-0.00129622  ,0.0771706    ,0            ,       0 ,       1 ,       0 ,       1 ,       0 ,       1
 9.46694 ,0.6  , 2.06  ,     0 ,0.281085 ,-0        ,         0 ,-0       ,2.47682 ,-0.233261 ,0.151198    ,2.175   ,-0.325    ,0           ,1.78614  ,-0.257613 ,0.101461    ,2.475   ,0.275     ,0.105686    ,2.17537 ,0.319405  ,0.0852729   ,1.775    ,0.275    ,0           ,0.369955    ,-0.301573   ,0.0219524   ,0.308023   ,1.76234     ,1.47183    ,0.448724  ,1.01416     ,0.620471    ,0.294263   ,0.812827     ,0.707331    ,0.317926    ,1.06411     ,0.815083    ,0.353855    ,1.82176     ,1.43363     ,0.00994638   ,0.0284434    ,0.0308303   ,nan          ,nan          ,nan          ,0.0300281    ,0.0200005    ,0.0205206   ,nan          ,nan          ,nan          ,0.0261131    ,0.00221561   ,0.0249874    ,nan          ,nan          ,nan         ,0.0844901   ,0            ,0.0442384    ,-0.00129622  ,0.0701063    ,0            ,       0 ,       1 ,       0 ,       1 ,       0 ,       1
 9.50668 ,0.65 , 2.065 ,     0 ,0.280353 ,-0        ,         0 ,-0       ,2.48597 ,-0.237112 ,0.152108    ,2.175   ,-0.325    ,0           ,1.7985   ,-0.258733 ,0.0970253   ,2.475   ,0.275     ,0.105686    ,2.18698 ,0.321574  ,0.0822985   ,1.775    ,0.275    ,0           ,0.382936    ,-0.253526   ,0.0690643   ,0.285233   ,1.76299     ,1.46046    ,0.483912  ,1.04637     ,0.653954    ,0.27231    ,0.807512     ,0.692927    ,0.344447    ,1.07301     ,0.84645     ,0.328786    ,1.81748     ,1.42716     ,0.010467     ,0.0468854    ,0.0430103   ,nan          ,nan          ,nan          ,0.0285593    ,0.0337395    ,0.0353715   ,nan          ,nan          ,nan          ,0.026771     ,0.0156427    ,0.0375615    ,nan          ,nan          ,nan         ,0.0834698   ,0            ,0.0467558    ,-0.00129622  ,0.0621841    ,0            ,       0 ,       1 ,       0 ,       1 ,       0 ,       1
 9.54673 ,0.7  , 2.07  ,     0 ,0.279621 ,-0        ,         0 ,-0       ,2.49588 ,-0.241965 ,0.152732    ,2.175   ,-0.325    ,0           ,1.81117  ,-0.260672 ,0.0904955   ,2.475   ,0.275     ,0.105686    ,2.19912 ,0.323977  ,0.0779037   ,1.775    ,0.275    ,0           ,0.396819    ,-0.181946   ,0.131635    ,0.261997   ,1.76368     ,1.4495     ,0.516948  ,1.09511     ,0.705385    ,0.249963   ,0.802269     ,0.67894     ,0.37161     ,1.09567     ,0.890417    ,0.303465    ,1.81281     ,1.42088     ,0.0113612    ,0.0653399    ,0.0550665   ,nan          ,nan          ,nan          ,0.0264377    ,0.0475736    ,0.050457    ,nan          ,nan          ,nan          ,0.0273917    ,0.0296302    ,0.0501166    ,nan          ,nan          ,nan         ,0.0818856   ,0            ,0.052573     ,-0.00129622  ,0.0533074    ,0            ,       0 ,       1 ,       0 ,       1 ,       0 ,       1
 9.58666 ,0.75 , 2.075 ,     0 ,0.278889 ,-0        ,         0 ,-0       ,2.50672 ,-0.24775  ,0.152454    ,2.175   ,-0.325    ,0           ,1.82396  ,-0.263247 ,0.0817107   ,2.475   ,0.275     ,0.105686    ,2.21174 ,0.32638   ,0.0719765   ,1.775    ,0.275    ,0           ,0.412081    ,-0.0868149  ,0.209507    ,0.238323   ,1.7644      ,1.43893    ,0.547049  ,1.16049     ,0.775044    ,0.227229   ,0.797066     ,0.665365    ,0.399377    ,1.13263     ,0.946967    ,0.277923    ,1.80774     ,1.41477     ,0.012629     ,0.0838069    ,0.066999    ,nan          ,nan          ,nan          ,0.0236633    ,0.0615026    ,0.0657771   ,nan          ,nan          ,nan          ,0.0279753    ,0.0441782    ,0.0626525    ,nan          ,nan          ,nan         ,0.0603212   ,0            ,0.0535818    ,-0.00129622  ,0.0472327    ,0            ,       0 ,       1 ,       0 ,       1 ,       0 ,       1
 9.62654 ,0.8  , 2.08  ,     0 ,0.278157 ,-0        ,         0 ,-0       ,2.5186  ,-0.254287 ,0.15048     ,2.175   ,-0.325    ,0           ,1.83657  ,-0.266218 ,0.070501    ,2.475   ,0.275     ,0.105686    ,2.22472 ,0.328478  ,0.0643652   ,1.775    ,0.275    ,0           ,0.429199    ,0.031882    ,0.302522    ,0.214221   ,1.76511     ,1.42873    ,0.573432  ,1.24263     ,0.863212    ,0.204121   ,0.791873     ,0.652196    ,0.42771     ,1.18447     ,1.01608     ,0.252194    ,1.80228     ,1.40885     ,0.0142705    ,0.102286     ,0.0788078   ,nan          ,nan          ,nan          ,0.0202361    ,0.0755267    ,0.0813318   ,nan          ,nan          ,nan          ,0.0285216    ,0.0592868    ,0.0751693    ,nan          ,nan          ,nan         ,0.0520191   ,0            ,0.0527825    ,-0.00129622  ,0.0416663    ,0            ,       0 ,       1 ,       0 ,       1 ,       0 ,       1
 9.66652 ,0.85 , 2.085 ,     0 ,0.277425 ,-0        ,         0 ,-0       ,2.5316  ,-0.261186 ,0.145853    ,2.175   ,-0.325    ,0           ,1.84858  ,-0.269286 ,0.0567229   ,2.475   ,0.275     ,0.105686    ,2.23788 ,0.329891  ,0.0548924   ,1.775    ,0.275    ,0           ,0.44865     ,0.174161    ,0.410522    ,0.189705   ,1.76578     ,1.41888    ,0.595314  ,1.34164     ,0.970171    ,0.18065    ,0.786654     ,0.639425    ,0.456573    ,1.25174     ,1.09773     ,0.226311    ,1.79641     ,1.4031      ,0.0162856    ,0.120779     ,0.0904929   ,nan          ,nan          ,nan          ,0.0161561    ,0.0896457    ,0.0971212   ,nan          ,nan          ,nan          ,0.0290309    ,0.0749558    ,0.0876669    ,nan          ,nan          ,nan         ,0.0470527   ,0            ,0.0462266    ,-0.00129622  ,0.0351872    ,0            ,       0 ,       1 ,       0 ,       1 ,       0 ,       1
 9.70651 ,0.9  , 2.09  ,     0 ,0.276693 ,-0        ,         0 ,-0       ,2.54562 ,-0.267747 ,0.137515    ,2.175   ,-0.325    ,0           ,1.85944  ,-0.272085 ,0.0403059   ,2.475   ,0.275     ,0.105686    ,2.25094 ,0.330157  ,0.0433782   ,1.775    ,0.275    ,0           ,0.470909    ,0.340038    ,0.53335     ,0.164791   ,1.76637     ,1.40938    ,0.611913  ,1.45764     ,1.0962      ,0.156831   ,0.781374     ,0.627047    ,0.485927    ,1.335       ,1.19191     ,0.200311    ,1.79014     ,1.39754     ,0.0186744    ,0.139283     ,0.102054    ,nan          ,nan          ,nan          ,0.0114232    ,0.10386      ,0.113145    ,nan          ,nan          ,nan          ,0.0295029    ,0.0911853    ,0.100145     ,nan          ,nan          ,nan         ,0.0392666   ,0            ,0.039933     ,-0.00129622  ,0.0400324    ,0            ,       1 ,       1 ,       1 ,       1 ,       1 ,       1
 9.7466  ,0.95 , 2.095 ,     0 ,0.275961 ,-0        ,         0 ,-0       ,2.56033 ,-0.272869 ,0.124413    ,2.175   ,-0.325    ,0           ,1.86848  ,-0.274169 ,0.0213111   ,2.475   ,0.275     ,0.105686    ,2.2635  ,0.328733  ,0.0296765   ,1.775    ,0.275    ,0           ,0.496454    ,0.529529    ,0.670848    ,0.139495   ,1.76686     ,1.40019    ,0.622446  ,1.59074     ,1.24159     ,0.13268    ,0.775996     ,0.615053    ,0.515737    ,1.43482     ,1.2986      ,0.174228    ,1.78346     ,1.39217     ,0.0214368    ,0.1578       ,0.113492    ,nan          ,nan          ,nan          ,0.00603757   ,0.118169     ,0.129404    ,nan          ,nan          ,nan          ,0.0299378    ,0.107975     ,0.112605     ,nan          ,nan          ,nan         ,0.0157382   ,0            ,0.0213111    ,-0.00129622  ,0.0262126    ,0            ,       1 ,       1 ,       1 ,       1 ,       1 ,       1
 9.79501 ,0    , 2.1   ,     0 ,0.275229 ,-0        ,         0 ,-0       ,2.575   ,-0.275    ,0.105686    ,2.175   ,-0.324998 ,1.60674e-06 ,1.875    ,-0.275    ,0           ,2.475   ,0.274997  ,0.105687    ,2.275   ,0.325     ,0.0137255   ,1.775    ,0.274999 ,1.62512e-06 ,0.525761    ,0.74265     ,0.822857    ,0.113838   ,1.76721     ,1.39131    ,0.62613   ,1.74104     ,1.40661     ,0.108218   ,0.770478     ,0.603436    ,0.545964    ,1.55176     ,1.41777     ,0.148098    ,1.7764      ,1.38699     ,nan          ,nan          ,nan         ,-0.0302155   ,-0.121664    ,-0.139277    ,nan          ,nan          ,nan         ,0.0122784    ,-0.209585    ,-0.149164    ,nan          ,nan          ,nan          ,0.0290624    ,-0.12174     ,-0.140216   ,-0.0017449  ,7.64865e-07  ,0            ,-0.00129439  ,-0.00262134  ,8.33118e-07  ,       1 ,       1 ,       1 ,       1 ,       1 ,       1
 9.82668 ,0.05 , 2.105 ,     0 ,0.275343 ,-0        ,         0 ,-0       ,2.575   ,-0.275    ,0.105686    ,2.17144 ,-0.327204 ,0.0310091   ,1.875    ,-0.275    ,0           ,2.48353 ,0.258149  ,0.128831    ,2.275   ,0.325     ,0.0137255   ,1.78615  ,0.274096 ,0.0186451   ,0.508704    ,0.74124     ,0.807401    ,0.0683422  ,1.53903     ,1.14709    ,0.605832  ,1.74655     ,1.40444     ,0.136808   ,0.413216     ,0.34853     ,0.528589    ,1.55648     ,1.40725     ,0.181105    ,1.64553     ,1.23731     ,nan          ,nan          ,nan         ,-0.0197939   ,-0.127757    ,-0.128081    ,nan          ,nan          ,nan         ,0.0183702    ,-0.175651    ,-0.125729    ,nan          ,nan          ,nan          ,0.0295423    ,-0.110721    ,-0.12572    ,-0.0017449  ,0.0203177    ,0            ,0.0248113    ,-0.00262134  ,0.0171442    ,       1 ,       0 ,       1 ,       0 ,       1 ,       0
 9.86676 ,0.1  , 2.11  ,     0 ,0.275457 ,-0        ,         0 ,-0       ,2.575   ,-0.275    ,0.105686    ,2.17119 ,-0.327259 ,0.0603584   ,1.875    ,-0.275    ,0           ,2.49233 ,0.237545  ,0.138542    ,2.275   ,0.325     ,0.0137255   ,1.79702  ,0.271731 ,0.0355461   ,0.491253    ,0.740352    ,0.792499    ,0.0407857  ,1.30187     ,0.923428   ,0.585062  ,1.75187     ,1.40256     ,0.175802   ,0.117656     ,0.136046    ,0.510785    ,1.56155     ,1.39729     ,0.214537    ,1.52717     ,1.10389     ,nan          ,nan          ,nan         ,-0.0105756   ,-0.131492    ,-0.116766    ,nan          ,nan          ,nan         ,0.0234898    ,-0.143091    ,-0.103447    ,nan          ,nan          ,nan          ,0.0298159    ,-0.0995306   ,-0.111309   ,-0.0017449  ,0.030834     ,0            ,0.0431559    ,-0.00262134  ,0.0286762    ,       1 ,       0 ,       1 ,       0 ,       1 ,       0
 9.90665 ,0.15 , 2.115 ,     0 ,0.275572 ,-0        ,         0 ,-0       ,2.575   ,-0.275    ,0.105686    ,2.17387 ,-0.324511 ,0.0863068   ,1.875    ,-0.275    ,0           ,2.50123 ,0.218055  ,0.139391    ,2.275   ,0.325     ,0.0137255   ,1.80755  ,0.268412 ,0.050444    ,0.473401    ,0.739987    ,0.778157    ,0.0289703  ,1.06004     ,0.720546   ,0.563828  ,1.75697     ,1.40095     ,0.223395   ,-0.118752    ,-0.036155   ,0.492546    ,1.56694     ,1.38788     ,0.24816     ,1.4215      ,0.986655    ,nan          ,nan          ,nan         ,-0.00256055  ,-0.13287     ,-0.105331    ,nan          ,nan          ,nan         ,0.0276373    ,-0.111905    ,-0.0823188   ,nan          ,nan          ,nan          ,0.0298833    ,-0.0881701   ,-0.0969847  ,-0.0017449  ,0.0307171    ,0            ,0.048163     ,-0.00262134  ,0.0463613    ,       1 ,       0 ,       1 ,       0 ,       1 ,       0
 9.94686 ,0.2  , 2.12  ,     0 ,0.275686 ,-0        ,         0 ,-0       ,2.575   ,-0.275    ,0.105686    ,2.17903 ,-0.319186 ,0.107507    ,1.875    ,-0.275    ,0           ,2.51024 ,0.201351  ,0.135787    ,2.275   ,0.325     ,0.0137255   ,1.81774  ,0.264614 ,0.0632119   ,0.455145    ,0.740142    ,0.76438     ,0.0306978  ,0.817853    ,0.538661   ,0.542136  ,1.76182     ,1.39961     ,0.277783   ,-0.298558    ,-0.170214   ,0.473865    ,1.57264     ,1.379       ,0.281744    ,1.32871     ,0.885494    ,nan          ,nan          ,nan         ,0.00425204   ,-0.131887    ,-0.0937767   ,nan          ,nan          ,nan         ,0.0308127    ,-0.0820936   ,-0.0623434   ,nan          ,nan          ,nan          ,0.0297445    ,-0.0766389   ,-0.0827466  ,-0.0017449  ,0.0339206    ,0            ,0.0524627    ,-0.00262134  ,0.0595012    ,       1 ,       0 ,       1 ,       0 ,       1 ,       0
 9.98681 ,0.25 , 2.125 ,     0 ,0.275801 ,-0        ,         0 ,-0       ,2.575   ,-0.275    ,0.105686    ,2.18611 ,-0.312204 ,0.123201    ,1.875    ,-0.275    ,0           ,2.51933 ,0.187363  ,0.131035    ,2.275   ,0.325     ,0.0137255   ,1.82764  ,0.260757 ,0.0738242   ,0.436481    ,0.740811    ,0.751172    ,0.0438685  ,0.579887    ,0.378084   ,0.519996  ,1.76641     ,1.39851     ,0.337163   ,-0.424313    ,-0.268272   ,0.454735    ,1.57862     ,1.37065     ,0.315055    ,1.249       ,0.800313    ,nan          ,nan          ,nan         ,0.0100099    ,-0.128125    ,-0.0819631   ,nan          ,nan          ,nan         ,0.033016     ,-0.0536562   ,-0.0435212   ,nan          ,nan          ,nan          ,0.0293994    ,-0.064937    ,-0.0685947  ,-0.0017449  ,0.0334463    ,0            ,0.0625546    ,-0.00262134  ,0.0707522    ,       1 ,       0 ,       1 ,       0 ,       1 ,       0
10.0267  ,0.3  , 2.13  ,     0 ,0.275915 ,-0        ,         0 ,-0       ,2.575   ,-0.275    ,0.105686    ,2.19463 ,-0.304847 ,0.133364    ,1.875    ,-0.275    ,0           ,2.52839 ,0.175416  ,0.127227    ,2.275   ,0.325     ,0.0137255   ,1.83734  ,0.25719  ,0.0823241   ,0.417405    ,0.741987    ,0.738539    ,0.0666949  ,0.351616    ,0.23942    ,0.497423  ,1.77072     ,1.39764     ,0.399729   ,-0.498567    ,-0.332468   ,0.435154    ,1.58486     ,1.36281     ,0.347861    ,1.18256     ,0.731016    ,nan          ,nan          ,nan         ,0.0148233    ,-0.121272    ,-0.0697863   ,nan          ,nan          ,nan         ,0.0342471    ,-0.026593    ,-0.0258521   ,nan          ,nan          ,nan          ,0.0288481    ,-0.0530645   ,-0.054529   ,-0.0017449  ,0.034917     ,0            ,0.0696135    ,-0.00262134  ,0.0765235    ,       1 ,       0 ,       1 ,       0 ,       1 ,       0
10.0667  ,0.35 , 2.135 ,     0 ,0.276029 ,-0        ,         0 ,-0       ,2.575   ,-0.275    ,0.105686    ,2.20424 ,-0.298413 ,0.138753    ,1.875    ,-0.275    ,0           ,2.20424 ,-0.298413 ,0.138753    ,2.275   ,0.325     ,0.0137255   ,1.84695  ,0.254183 ,0.088795    ,0.397915    ,0.743662    ,0.726482    ,0.097452   ,0.138689    ,0.123333   ,0.47443   ,1.77471     ,1.397       ,0.463678   ,-0.523872    ,-0.364941   ,0.415116    ,1.59134     ,1.35547     ,0.379931    ,1.12959     ,0.677506    ,nan          ,nan          ,nan         ,0.0186924    ,-0.111327    ,-0.0572465   ,nan          ,nan          ,nan         ,0.0345036    ,-0.000925363 ,-0.00932564  ,nan          ,nan          ,nan          ,0.0280906    ,-0.0410213   ,-0.0405496  ,-0.0017449  ,0.0441435    ,0            ,0.0441435    ,-0.00262134  ,0.0851091    ,       1 ,       0 ,       1 ,       0 ,       1 ,       0
10.1068  ,0.4  , 2.14  ,     0 ,0.276144 ,-0        ,         0 ,-0       ,2.575   ,-0.275    ,0.105686    ,2.21479 ,-0.293838 ,0.140716    ,1.875    ,-0.275    ,0           ,2.54597 ,0.1557    ,0.126097    ,2.275   ,0.325     ,0.0137255   ,1.85657  ,0.251931 ,0.0933357   ,0.378011    ,0.745821    ,0.715004    ,0.134415   ,-0.0532463  ,0.0304851  ,0.451034  ,1.77838     ,1.39657     ,0.527119   ,-0.503524    ,-0.367465   ,0.394618    ,1.59802     ,1.34863     ,0.411031    ,1.09027     ,0.639684    ,nan          ,nan          ,nan         ,0.021617     ,-0.0982903   ,-0.0443435   ,nan          ,nan          ,nan         ,0.0336719    ,0.0223704    ,0.00653845   ,nan          ,nan          ,nan          ,0.0271269    ,-0.0288075   ,-0.0266564  ,-0.0017449  ,0.0444306    ,0            ,0.0862642    ,-0.00262134  ,0.0904904    ,       1 ,       0 ,       1 ,       0 ,       1 ,       0
10.1469  ,0.45 , 2.145 ,     0 ,0.276258 ,-0        ,         0 ,-0       ,2.575   ,-0.275    ,0.105686    ,2.22626 ,-0.291478 ,0.140862    ,1.875    ,-0.275    ,0           ,2.55489 ,0.148397  ,0.128873    ,2.275   ,0.325     ,0.0137255   ,1.86633  ,0.250554 ,0.0960402   ,0.357691    ,0.74845     ,0.704106    ,0.175862   ,-0.218559   ,-0.038467  ,0.427256  ,1.78171     ,1.39634     ,0.587949   ,-0.442633    ,-0.34092    ,0.37366     ,1.60488     ,1.34227     ,0.440931    ,1.06479     ,0.617455    ,nan          ,nan          ,nan         ,0.0236157    ,-0.082229    ,-0.0311067   ,nan          ,nan          ,nan         ,0.0316906    ,0.0427656    ,0.0220003    ,nan          ,nan          ,nan          ,0.0259569    ,-0.016423    ,-0.0128494  ,-0.0017449  ,0.0429968    ,0            ,0.102033     ,-0.00262134  ,0.0947009    ,       1 ,       0 ,       1 ,       0 ,       1 ,       0
10.1868  ,0.5  , 2.15  ,     0 ,0.276373 ,-0        ,         0 ,-0       ,2.575   ,-0.275    ,0.105686    ,2.23866 ,-0.291101 ,0.140684    ,1.875    ,-0.275    ,0           ,2.56475 ,0.143729  ,0.133012    ,2.275   ,0.325     ,0.0137255   ,1.87629  ,0.250107 ,0.0969813   ,0.336959    ,0.751531    ,0.693789    ,0.220249   ,-0.352257   ,-0.0831476 ,0.403117  ,1.78467     ,1.39631     ,0.644035   ,-0.346583    ,-0.286054   ,0.35224     ,1.61188     ,1.33637     ,0.469397    ,1.05335     ,0.61072     ,nan          ,nan          ,nan         ,0.0248613    ,-0.0637705   ,-0.0178113   ,nan          ,nan          ,nan         ,0.0285596    ,0.0602602    ,0.0370599    ,nan          ,nan          ,nan          ,0.0245807    ,-0.00386778  ,0.000871655 ,-0.0017449  ,0.0412665    ,0            ,0.110222     ,-0.00262134  ,0.0971804    ,       1 ,       0 ,       1 ,       0 ,       1 ,       0
10.2265  ,0.55 , 2.155 ,     0 ,0.276487 ,-0        ,         0 ,-0       ,2.575   ,-0.275    ,0.105686    ,2.25194 ,-0.292093 ,0.141278    ,1.875    ,-0.275    ,0           ,2.57635 ,0.142343  ,0.13731     ,2.275   ,0.325     ,0.0137255   ,1.88652  ,0.250593 ,0.0961944   ,0.315815    ,0.75504     ,0.68405     ,0.266263   ,-0.450186   ,-0.103548  ,0.378641  ,1.78726     ,1.39646     ,0.693244   ,-0.220756    ,-0.203612   ,0.33036     ,1.61901     ,1.33092     ,0.496201    ,1.05615     ,0.619442    ,nan          ,nan          ,nan         ,0.0253964    ,-0.0430694   ,-0.00452507  ,nan          ,nan          ,nan         ,0.0242789    ,0.0748542    ,0.0517172    ,nan          ,nan          ,nan          ,0.0230039    ,0.008871     ,0.0146522   ,-0.0017449  ,0.0371056    ,0            ,0.117944     ,-0.00262134  ,0.0979727    ,       1 ,       0 ,       1 ,       0 ,       1 ,       0
10.2665  ,0.6  , 2.16  ,     0 ,0.276601 ,-0        ,         0 ,-0       ,2.575   ,-0.275    ,0.105686    ,2.26593 ,-0.293772 ,0.143208    ,1.875    ,-0.275    ,0           ,2.59032 ,0.144697  ,0.140288    ,2.275   ,0.325     ,0.0137255   ,1.89704  ,0.251992 ,0.0936572   ,0.294263    ,0.758953    ,0.674886    ,0.312605   ,-0.508251   ,-0.099686  ,0.353855  ,1.78948     ,1.3968      ,0.733432   ,-0.0705141   ,-0.0943478  ,0.308023    ,1.62623     ,1.32591     ,0.521119    ,1.0734      ,0.643779    ,nan          ,nan          ,nan         ,0.025221     ,-0.0201258   ,0.00875204   ,nan          ,nan          ,nan         ,0.0188054    ,0.0866519    ,0.0659424    ,nan          ,nan          ,nan          ,0.0212313    ,0.0218042    ,0.0286145   ,-0.0017449  ,0.0381176    ,0            ,0.124328     ,-0.00262134  ,0.0970608    ,       1 ,       0 ,       1 ,       0 ,       1 ,       0
10.3066  ,0.65 , 2.165 ,     0 ,0.276716 ,-0        ,         0 ,-0       ,2.575   ,-0.275    ,0.105686    ,2.28035 ,-0.295653 ,0.146498    ,1.875    ,-0.275    ,0           ,2.60671 ,0.151014  ,0.140419    ,2.275   ,0.325     ,0.0137255   ,1.90785  ,0.254236 ,0.0893049   ,0.27231     ,0.76324     ,0.666295    ,0.357978   ,-0.522353   ,-0.0715773 ,0.328786  ,1.7913      ,1.39731     ,0.761964   ,0.0999719    ,0.0406452   ,0.285233    ,1.63351     ,1.32132     ,0.543931    ,1.10532     ,0.683937    ,nan          ,nan          ,nan         ,0.0243352    ,0.00506042   ,0.02202      ,nan          ,nan          ,nan         ,0.0116365    ,0.096868     ,0.0793871    ,nan          ,nan          ,nan          ,0.0192628    ,0.0349318    ,0.0427585   ,-0.0017449  ,0.0404605    ,0            ,0.121279     ,-0.00262134  ,0.0893049    ,       1 ,       0 ,       1 ,       0 ,       1 ,       0
10.3467  ,0.7  , 2.17  ,     0 ,0.27683  ,-0        ,         0 ,-0       ,2.575   ,-0.275    ,0.105686    ,2.29495 ,-0.297612 ,0.150643    ,1.875    ,-0.275    ,0           ,2.62473 ,0.161399  ,0.136318    ,2.275   ,0.325     ,0.0137255   ,1.91887  ,0.257202 ,0.0830394   ,0.249963    ,0.76787     ,0.658268    ,0.401084   ,-0.488397   ,-0.0192389 ,0.303465  ,1.79272     ,1.39799     ,0.775485   ,0.288273     ,0.199773    ,0.261997    ,1.64081     ,1.31713     ,0.564417    ,1.15212     ,0.740121    ,nan          ,nan          ,nan         ,0.0227394    ,0.0324743    ,0.0352788    ,nan          ,nan          ,nan         ,0.00262807   ,0.105851     ,0.0919514    ,nan          ,nan          ,nan          ,0.0170984    ,0.0482539    ,0.0570842   ,-0.0017449  ,0.0436465    ,0            ,0.119277     ,-0.00262134  ,0.0830394    ,       1 ,       0 ,       1 ,       0 ,       1 ,       0
10.3866  ,0.75 , 2.175 ,     0 ,0.276944 ,-0        ,         0 ,-0       ,2.575   ,-0.275    ,0.105686    ,2.3096  ,-0.299975 ,0.154643    ,1.875    ,-0.275    ,0           ,2.64279 ,0.176032  ,0.126883    ,2.275   ,0.325     ,0.0137255   ,1.92994  ,0.260706 ,0.0747399   ,0.227229    ,0.772807    ,0.6508      ,0.440663   ,-0.403419   ,0.0573076  ,0.277923  ,1.79374     ,1.39884     ,0.770581   ,0.492101     ,0.381402    ,0.238323    ,1.64811     ,1.31334     ,0.582356    ,1.21404     ,0.812534    ,nan          ,nan          ,nan         ,0.0204896    ,0.0604723    ,0.0485213    ,nan          ,nan          ,nan         ,-0.00821983  ,0.1136       ,0.103635     ,nan          ,nan          ,nan          ,0.0147382    ,0.0617704    ,0.0715916   ,-0.0017449  ,0.0489568    ,0            ,0.111684     ,-0.00262134  ,0.0747399    ,       1 ,       0 ,       1 ,       0 ,       1 ,       0
10.4267  ,0.8  , 2.18  ,     0 ,0.277059 ,-0        ,         0 ,-0       ,2.575   ,-0.275    ,0.105686    ,2.32436 ,-0.303464 ,0.157086    ,1.875    ,-0.275    ,0           ,2.65863 ,0.195108  ,0.111479    ,2.275   ,0.325     ,0.0137255   ,1.94084  ,0.264502 ,0.0642813   ,0.204121    ,0.778011    ,0.643881    ,0.47557    ,-0.267777   ,0.158026   ,0.252194  ,1.79437     ,1.39986     ,0.743859   ,0.709163     ,0.583895    ,0.214221    ,1.65537     ,1.30992     ,0.597527    ,1.29128     ,0.901382    ,nan          ,nan          ,nan         ,0.0176238    ,0.0879407    ,0.0617427    ,nan          ,nan          ,nan         ,-0.0207413   ,0.120099     ,0.114418     ,nan          ,nan          ,nan          ,0.0121821    ,0.0754814    ,0.0862807   ,-0.0017449  ,0.0513993    ,0            ,0.103214     ,-0.00262134  ,0.0642813    ,       1 ,       0 ,       1 ,       0 ,       1 ,       0
10.4667  ,0.85 , 2.185 ,     0 ,0.277173 ,-0        ,         0 ,-0       ,2.575   ,-0.275    ,0.105686    ,2.33926 ,-0.308598 ,0.155985    ,1.875    ,-0.275    ,0           ,2.66984 ,0.217797  ,0.0901373   ,2.275   ,0.325     ,0.0137255   ,1.95124  ,0.268271 ,0.0515614   ,0.18065     ,0.783441    ,0.6375      ,0.504679   ,-0.0824399  ,0.282879   ,0.226311  ,1.79459     ,1.40104     ,0.696      ,0.936769     ,0.805084    ,0.189705    ,1.66256     ,1.30687     ,0.609711    ,1.38406     ,1.00687     ,nan          ,nan          ,nan         ,0.014142     ,0.114879     ,0.074943     ,nan          ,nan          ,nan         ,-0.029872    ,0.124852     ,0.123636     ,nan          ,nan          ,nan          ,0.00943016   ,0.0893867    ,0.101151    ,-0.0017449  ,0.050299     ,0            ,0.075634     ,-0.00262134  ,0.0515614    ,       1 ,       0 ,       1 ,       0 ,       1 ,       0
10.5068  ,0.9  , 2.19  ,     0 ,0.277288 ,-0        ,         0 ,-0       ,2.575   ,-0.275    ,0.105686    ,2.3538  ,-0.315178 ,0.148788    ,1.875    ,-0.275    ,0           ,2.67554 ,0.240988  ,0.0637379   ,2.275   ,0.325     ,0.0137255   ,1.96074  ,0.271615 ,0.0365378   ,0.156831    ,0.789053    ,0.631646    ,0.526864   ,0.151626    ,0.431826   ,0.200311  ,1.79443     ,1.4024      ,0.636553   ,1.17136      ,1.04164     ,0.164791    ,1.66964     ,1.30415     ,0.618686    ,1.49261     ,1.1292      ,nan          ,nan          ,nan         ,0.0100441    ,0.141289     ,0.0881223    ,nan          ,nan          ,nan         ,-0.0332287   ,0.127625     ,0.13098      ,nan          ,nan          ,nan          ,0.00648234   ,0.103487     ,0.116204    ,-0.0017449  ,0.0431018    ,0            ,0.0532474    ,-0.00262134  ,0.0365378    ,       1 ,       1 ,       1 ,       1 ,       1 ,       1
10.5467  ,0.95 , 2.195 ,     0 ,0.277402 ,-0        ,         0 ,-0       ,2.575   ,-0.275    ,0.105686    ,2.3666  ,-0.321735 ,0.132722    ,1.875    ,-0.275    ,0           ,2.67647 ,0.261078  ,0.0339003   ,2.275   ,0.325     ,0.0137255   ,1.96884  ,0.274048 ,0.0192752   ,0.13268     ,0.794799    ,0.626305    ,0.541001   ,0.433452    ,0.604831   ,0.174228  ,1.79387     ,1.40394     ,0.576235   ,1.40926      ,1.29009     ,0.139495    ,1.67658     ,1.30176     ,0.624233    ,1.61714     ,1.26858     ,nan          ,nan          ,nan         ,0.00533023   ,0.167168     ,0.10128      ,nan          ,nan          ,nan         ,-0.0308114   ,0.128418     ,0.136449     ,nan          ,nan          ,nan          ,0.00333865   ,0.117781     ,0.131438    ,-0.0017449  ,0.0270362    ,0            ,0.0305401    ,-0.00262134  ,0.0192751    ,       1 ,       1 ,       1 ,       1 ,       1 ,       1
10.6025  ,0    , 2.2   ,     0 ,0.277516 ,-0        ,         0 ,-0       ,2.575   ,-0.274997 ,0.105687    ,2.375   ,-0.325    ,0.105686    ,1.875    ,-0.274999 ,1.61627e-06 ,2.675   ,0.275     ,0.0027451   ,2.275   ,0.324998  ,0.0137271   ,1.975    ,0.275    ,0           ,0.108217    ,0.800632    ,0.621462    ,0.545964   ,0.762071    ,0.801853   ,0.148098  ,1.79293     ,1.40565     ,0.525761   ,1.64679      ,1.54695     ,0.113838    ,1.68335     ,1.29967     ,0.62613     ,1.75787     ,1.42521     ,-0.0358697   ,-0.207605    ,-0.137146   ,nan          ,nan          ,nan          ,9.59571e-07  ,-0.129975    ,-0.147304   ,nan          ,nan          ,nan          ,-0.032662    ,-0.128503    ,-0.12483     ,nan          ,nan          ,nan         ,-0.00174472 ,-0.000817281 ,1.61627e-06  ,-0.000610919 ,-0.00262083  ,0            ,       1 ,       1 ,       1 ,       1 ,       1 ,       1
10.6266  ,0.05 , 2.205 ,     0 ,0.277539 ,-0        ,         0 ,-0       ,2.5702  ,-0.268795 ,0.12917     ,2.375   ,-0.325    ,0.105686    ,1.88049  ,-0.27388  ,0.0206331   ,2.675   ,0.275     ,0.0027451   ,2.27221 ,0.331329  ,0.0383129   ,1.975    ,0.275    ,0           ,0.0613257   ,0.445943    ,0.387189    ,0.528589   ,0.761096    ,0.786229   ,0.151559  ,1.6457      ,1.2395      ,0.508704   ,1.64975      ,1.53536     ,0.0708062   ,1.48512     ,1.11506     ,0.605832    ,1.76267     ,1.42231     ,-0.0150664   ,-0.174344    ,-0.11512    ,nan          ,nan          ,nan          ,0.00571953   ,-0.117623    ,-0.132133   ,nan          ,nan          ,nan          ,-0.023666    ,-0.13018     ,-0.116287    ,nan          ,nan          ,nan         ,0.0237995   ,-0.000817281 ,0.0206331    ,-0.000610919 ,0.0259157    ,0            ,       0 ,       1 ,       0 ,       1 ,       0 ,       1
10.6666  ,0.1  , 2.21  ,     0 ,0.277562 ,-0        ,         0 ,-0       ,2.57247 ,-0.256287 ,0.140213    ,2.375   ,-0.325    ,0.105686    ,1.8869   ,-0.270979 ,0.0393281   ,2.675   ,0.275     ,0.0027451   ,2.27154 ,0.334607  ,0.061487    ,1.975    ,0.275    ,0           ,0.0504501   ,0.151616    ,0.192963    ,0.510785   ,0.760676    ,0.771168   ,0.161463  ,1.51321     ,1.09135     ,0.491253   ,1.65303      ,1.52433     ,0.0410563   ,1.28575     ,0.943899    ,0.585062    ,1.76728     ,1.4197      ,0.00288798   ,-0.142649    ,-0.0940496  ,nan          ,nan          ,nan          ,0.0108372    ,-0.105185    ,-0.117025   ,nan          ,nan          ,nan          ,-0.0153092   ,-0.129982    ,-0.107257    ,nan          ,nan          ,nan         ,0.0346929   ,-0.000817281 ,0.0423844    ,-0.000610919 ,0.0373978    ,0            ,       0 ,       1 ,       0 ,       1 ,       0 ,       1
10.7067  ,0.15 , 2.215 ,     0 ,0.277585 ,-0        ,         0 ,-0       ,2.58011 ,-0.243044 ,0.142789    ,2.375   ,-0.325    ,0.105686    ,1.89411  ,-0.266958 ,0.0557439   ,2.675   ,0.275     ,0.0027451   ,2.27312 ,0.334995  ,0.082312    ,1.975    ,0.275    ,0           ,0.0702955   ,-0.0852623  ,0.0370101   ,0.492546   ,0.760811    ,0.756677   ,0.177097  ,1.39555     ,0.961135    ,0.473401   ,1.65662      ,1.51385     ,0.0236098   ,1.08813     ,0.786934    ,0.563828    ,1.77168     ,1.41735     ,0.0179933    ,-0.112522    ,-0.0739342  ,nan          ,nan          ,nan          ,0.0153541    ,-0.0926598   ,-0.101982   ,nan          ,nan          ,nan          ,-0.00759142  ,-0.127908    ,-0.0977383   ,nan          ,nan          ,nan         ,0.0367668   ,-0.000817281 ,0.0557552    ,-0.000610919 ,0.0229101    ,0            ,       0 ,       1 ,       0 ,       1 ,       0 ,       1
10.7471  ,0.2  , 2.22  ,     0 ,0.277608 ,-0        ,         0 ,-0       ,2.5914  ,-0.2311   ,0.14089     ,2.375   ,-0.325    ,0.105686    ,1.90198  ,-0.26242  ,0.0697247   ,2.675   ,0.275     ,0.0027451   ,2.27689 ,0.333018  ,0.100082    ,1.975    ,0.275    ,0           ,0.115567    ,-0.267603   ,-0.0824457  ,0.473865   ,0.761498    ,0.742763   ,0.197745  ,1.29285     ,0.848767    ,0.455145   ,1.66049      ,1.50389     ,0.0174884   ,0.895111    ,0.644914    ,0.542136    ,1.77584     ,1.41527     ,0.0302497    ,-0.0839601   ,-0.054774   ,nan          ,nan          ,nan          ,0.01927      ,-0.0800482   ,-0.0870024  ,nan          ,nan          ,nan          ,-0.00051282  ,-0.123958    ,-0.0877322   ,nan          ,nan          ,nan         ,0.0341272   ,-0.000817281 ,0.0697247    ,-0.000610919 ,0.0268667    ,0            ,       0 ,       1 ,       0 ,       1 ,       0 ,       1
10.7866  ,0.25 , 2.225 ,     0 ,0.277631 ,-0        ,         0 ,-0       ,2.60511 ,-0.220591 ,0.137567    ,2.375   ,-0.325    ,0.105686    ,1.91042  ,-0.257884 ,0.0812508   ,2.675   ,0.275     ,0.0027451   ,2.28263 ,0.329432  ,0.114417    ,1.975    ,0.275    ,0           ,0.18097     ,-0.398317   ,-0.167179   ,0.454735   ,0.762733    ,0.729429   ,0.222692  ,1.2052      ,0.754176    ,0.436481   ,1.66462      ,1.49446     ,0.0217213   ,0.709581    ,0.518562    ,0.519996    ,1.77973     ,1.41343     ,0.0396571    ,-0.0569652   ,-0.0365688  ,nan          ,nan          ,nan          ,0.0225851    ,-0.0673499   ,-0.0720868  ,nan          ,nan          ,nan          ,0.00594828   ,-0.11812     ,-0.0773021   ,nan          ,nan          ,nan         ,0.0318811   ,-0.000817281 ,0.0801206    ,-0.000610919 ,0.02872      ,0            ,       0 ,       1 ,       0 ,       1 ,       0 ,       1
10.8267  ,0.3  , 2.23  ,     0 ,0.277654 ,-0        ,         0 ,-0       ,2.62039 ,-0.210966 ,0.134766    ,2.375   ,-0.325    ,0.105686    ,1.91936  ,-0.253771 ,0.090392    ,2.675   ,0.275     ,0.0027451   ,2.29009 ,0.325019  ,0.125311    ,1.975    ,0.275    ,0           ,0.26121     ,-0.480316   ,-0.218966   ,0.435154   ,0.764507    ,0.716681   ,0.251224  ,1.13269     ,0.677285    ,0.417405   ,1.66899      ,1.48553     ,0.0354185   ,0.534461    ,0.408364    ,0.497423    ,1.78335     ,1.41183     ,0.0462155    ,-0.0315368   ,-0.0193189  ,nan          ,nan          ,nan          ,0.0252993    ,-0.054565    ,-0.0572352  ,nan          ,nan          ,nan          ,0.0118556    ,-0.110356    ,-0.0666363   ,nan          ,nan          ,nan         ,0.0290799   ,-0.000817281 ,0.0876465    ,-0.000610919 ,0.0350204    ,0            ,       0 ,       1 ,       0 ,       1 ,       0 ,       1
10.8667  ,0.35 , 2.235 ,     0 ,0.277676 ,-0        ,         0 ,-0       ,2.63655 ,-0.201725 ,0.133501    ,2.375   ,-0.325    ,0.105686    ,1.92877  ,-0.250399 ,0.0972667   ,2.675   ,0.275     ,0.0027451   ,2.29902 ,0.320475  ,0.133086    ,1.975    ,0.275    ,0           ,0.350991    ,-0.516511   ,-0.23958    ,0.415116   ,0.76681     ,0.704521   ,0.282627  ,1.07545     ,0.618018    ,0.397915   ,1.67358      ,1.4771      ,0.0577379   ,0.372702    ,0.314664    ,0.47443     ,1.78666     ,1.41045     ,0.0499249    ,-0.00767484  ,-0.00302398 ,nan          ,nan          ,nan          ,0.0274126    ,-0.0416934   ,-0.0424475  ,nan          ,nan          ,nan          ,0.0172135    ,-0.100663    ,-0.0557471   ,nan          ,nan          ,nan         ,0.0278147   ,-0.000817281 ,0.0937979    ,-0.000610919 ,0.0383526    ,0            ,       0 ,       1 ,       0 ,       1 ,       0 ,       1
10.907   ,0.4  , 2.24  ,     0 ,0.277699 ,-0        ,         0 ,-0       ,2.65305 ,-0.192774 ,0.134085    ,2.375   ,-0.325    ,0.105686    ,1.93867  ,-0.247991 ,0.102008    ,2.675   ,0.275     ,0.0027451   ,2.30924 ,0.316331  ,0.138314    ,1.975    ,0.275    ,0           ,0.444933    ,-0.509837   ,-0.23078    ,0.394618   ,0.769628    ,0.692953   ,0.316187  ,1.03356     ,0.5763      ,0.378011   ,1.67835      ,1.46915     ,0.0878384   ,0.227257    ,0.237804    ,0.451034    ,1.78965     ,1.40927     ,0.0506251    ,0.0145762    ,0.01235     ,nan          ,nan          ,nan          ,0.0289251    ,-0.0287352   ,-0.0277238  ,nan          ,nan          ,nan          ,0.0220217    ,-0.0890412   ,-0.0446346   ,nan          ,nan          ,nan         ,0.0283989   ,-0.000817281 ,0.0948765    ,-0.000610919 ,0.0409736    ,0            ,       0 ,       1 ,       0 ,       1 ,       0 ,       1
10.9468  ,0.45 , 2.245 ,     0 ,0.277722 ,-0        ,         0 ,-0       ,2.66955 ,-0.184576 ,0.136311    ,2.375   ,-0.325    ,0.105686    ,1.94909  ,-0.246674 ,0.104736    ,2.675   ,0.275     ,0.0027451   ,2.32063 ,0.312891  ,0.141691    ,1.975    ,0.275    ,0           ,0.537129    ,-0.463377   ,-0.194208   ,0.37366    ,0.772944    ,0.681975   ,0.351187  ,1.00714     ,0.552053    ,0.357691   ,1.6833       ,1.46167     ,0.124879    ,0.101079    ,0.178125    ,0.427256    ,1.79229     ,1.4083      ,0.0480397    ,0.0351398    ,0.0268622   ,nan          ,nan          ,nan          ,0.0298367    ,-0.0156904   ,-0.0130641  ,nan          ,nan          ,nan          ,0.0262804    ,-0.0754908   ,-0.0332986   ,nan          ,nan          ,nan         ,0.030625    ,-0.000817281 ,0.102495     ,-0.000610919 ,0.0422549    ,0            ,       0 ,       1 ,       0 ,       1 ,       0 ,       1
10.9869  ,0.5  , 2.25  ,     0 ,0.277745 ,-0        ,         0 ,-0       ,2.68599 ,-0.178012 ,0.139546    ,2.375   ,-0.325    ,0.105686    ,1.96006  ,-0.246491 ,0.105541    ,2.675   ,0.275     ,0.0027451   ,2.33312 ,0.310239  ,0.143924    ,1.975    ,0.275    ,0           ,0.621461    ,-0.380267   ,-0.131465   ,0.35224    ,0.776736    ,0.671589   ,0.386914  ,0.996278    ,0.545202    ,0.336959   ,1.68838      ,1.45466     ,0.167907    ,-0.00292145 ,0.136002    ,0.403117    ,1.79459     ,1.40753     ,0.0421639    ,0.0540145    ,0.0405137   ,nan          ,nan          ,nan          ,0.0301474    ,-0.00255896  ,0.00153171  ,nan          ,nan          ,nan          ,0.0297464    ,-0.060104    ,-0.0216709   ,nan          ,nan          ,nan         ,0.0338601   ,-0.000817281 ,0.101977     ,-0.000610919 ,0.0424405    ,0            ,       0 ,       1 ,       0 ,       1 ,       0 ,       1
11.0266  ,0.55 , 2.255 ,     0 ,0.277768 ,-0        ,         0 ,-0       ,2.7025  ,-0.174186 ,0.142786    ,2.375   ,-0.325    ,0.105686    ,1.97163  ,-0.247416 ,0.104468    ,2.675   ,0.275     ,0.0027451   ,2.3466  ,0.308384  ,0.145629    ,1.975    ,0.275    ,0           ,0.691815    ,-0.263648   ,-0.0441497  ,0.33036    ,0.780979    ,0.661792   ,0.422653  ,1.00108     ,0.555683    ,0.315815   ,1.69358      ,1.44808     ,0.215355    ,-0.0820686  ,0.111981    ,0.378641    ,1.79651     ,1.40694     ,0.0329976    ,0.0712004    ,0.0533044   ,nan          ,nan          ,nan          ,0.0298552    ,0.0106459    ,0.0160947   ,nan          ,nan          ,nan          ,0.0320514    ,-0.0430204   ,-0.00964792  ,nan          ,nan          ,nan         ,0.0356227   ,-0.000817281 ,0.103363     ,-0.000610919 ,0.042116     ,0            ,       0 ,       1 ,       0 ,       1 ,       0 ,       1
11.0669  ,0.6  , 2.26  ,     0 ,0.277791 ,-0        ,         0 ,-0       ,2.71908 ,-0.174325 ,0.144717    ,2.375   ,-0.325    ,0.105686    ,1.98378  ,-0.249368 ,0.101507    ,2.675   ,0.275     ,0.0027451   ,2.36092 ,0.30728   ,0.147247    ,1.975    ,0.275    ,0           ,0.742081    ,-0.116659   ,0.0661374   ,0.308023   ,0.785643    ,0.652579   ,0.457684  ,1.02162     ,0.583482    ,0.294263   ,1.69887      ,1.44194     ,0.265441    ,-0.133767   ,0.106667    ,0.353855    ,1.79805     ,1.40652     ,0.0205941    ,0.0866888    ,0.0652348   ,nan          ,nan          ,nan          ,0.0289579    ,0.0239113    ,0.0306552   ,nan          ,nan          ,nan          ,0.0331917    ,-0.0242416   ,0.00277134   ,nan          ,nan          ,nan         ,0.0386414   ,-0.000817281 ,0.103157     ,-0.000610919 ,0.0413217    ,0            ,       0 ,       1 ,       0 ,       1 ,       0 ,       1
11.1068  ,0.65 , 2.265 ,     0 ,0.277814 ,-0        ,         0 ,-0       ,2.73546 ,-0.179399 ,0.143835    ,2.375   ,-0.325    ,0.105686    ,1.99646  ,-0.252209 ,0.0966011   ,2.675   ,0.275     ,0.0027451   ,2.37593 ,0.306877  ,0.148977    ,1.975    ,0.275    ,0           ,0.768316    ,0.0572038   ,0.197812    ,0.285233   ,0.790694    ,0.643945   ,0.491289  ,1.05798     ,0.628595    ,0.27231    ,1.70422      ,1.43621     ,0.31638     ,-0.155421   ,0.120667    ,0.328786    ,1.79921     ,1.40629     ,0.00785917   ,0.1          ,0.0763257   ,nan          ,nan          ,nan          ,0.0274556    ,0.0372373    ,0.0452133   ,nan          ,nan          ,nan          ,0.0331672    ,-0.00376751  ,0.0155869    ,nan          ,nan          ,nan         ,0.0388355   ,-0.000817281 ,0.0966011    ,-0.000610919 ,0.0420397    ,0            ,       0 ,       1 ,       0 ,       1 ,       0 ,       1
11.1468  ,0.7  , 2.27  ,     0 ,0.277837 ,-0        ,         0 ,-0       ,2.7512  ,-0.189391 ,0.138689    ,2.375   ,-0.325    ,0.105686    ,2.00952  ,-0.255752 ,0.0896494   ,2.675   ,0.275     ,0.0027451   ,2.39147 ,0.307206  ,0.150722    ,1.975    ,0.275    ,0           ,0.772118    ,0.253528    ,0.349331    ,0.261997   ,0.796095    ,0.635882   ,0.522747  ,1.11021     ,0.691019    ,0.249963   ,1.7096       ,1.43089     ,0.366391    ,-0.144436   ,0.154589    ,0.303465    ,1.79997     ,1.40622     ,-0.00354501  ,0.11086      ,0.0865888   ,nan          ,nan          ,nan          ,0.0253483    ,0.0506239    ,0.0597688   ,nan          ,nan          ,nan          ,0.031978     ,0.0184019    ,0.0287988    ,nan          ,nan          ,nan         ,0.0324855   ,-0.000817281 ,0.0901251    ,-0.000610919 ,0.0427865    ,0            ,       0 ,       1 ,       0 ,       1 ,       0 ,       1
11.1868  ,0.75 , 2.275 ,     0 ,0.277859 ,-0        ,         0 ,-0       ,2.76521 ,-0.203753 ,0.128146    ,2.375   ,-0.325    ,0.105686    ,2.02274  ,-0.259762 ,0.0805272   ,2.675   ,0.275     ,0.0027451   ,2.40736 ,0.308399  ,0.152039    ,1.975    ,0.275    ,0           ,0.755963    ,0.467757    ,0.519155    ,0.238323   ,0.801802    ,0.62838    ,0.551339  ,1.17841     ,0.770752    ,0.227229   ,1.71499      ,1.42596     ,0.413686    ,-0.0981778  ,0.209024    ,0.277923    ,1.80034     ,1.40633     ,-0.0136185   ,0.119268     ,0.0960243   ,nan          ,nan          ,nan          ,0.022636     ,0.064071     ,0.074322    ,nan          ,nan          ,nan          ,0.0296166    ,0.0423625    ,0.04237      ,nan          ,nan          ,nan         ,0.0308275   ,-0.000817281 ,0.0805968    ,-0.000610919 ,0.0463526    ,0            ,       0 ,       1 ,       0 ,       1 ,       0 ,       1
11.2265  ,0.8  , 2.28  ,     0 ,0.277882 ,-0        ,         0 ,-0       ,2.77596 ,-0.221458 ,0.111658    ,2.375   ,-0.325    ,0.105686    ,2.03575  ,-0.263956 ,0.0691078   ,2.675   ,0.275     ,0.0027451   ,2.42339 ,0.310628  ,0.152051    ,1.975    ,0.275    ,0           ,0.722324    ,0.695336    ,0.705745    ,0.214221   ,0.807771    ,0.621428   ,0.576346  ,1.26263     ,0.867791    ,0.204121   ,1.72036      ,1.4214      ,0.456458    ,-0.0137252  ,0.284453    ,0.252194    ,1.8003      ,1.4066      ,-0.0223399   ,0.125233     ,0.104627    ,nan          ,nan          ,nan          ,0.0193186    ,0.0775787    ,0.0888726   ,nan          ,nan          ,nan          ,0.0260682    ,0.0683079    ,0.0562259    ,nan          ,nan          ,nan         ,0.0287928   ,-0.000817281 ,0.0691078    ,-0.000610919 ,0.0463652    ,0            ,       0 ,       1 ,       0 ,       1 ,       0 ,       1
11.2667  ,0.85 , 2.285 ,     0 ,0.277905 ,-0        ,         0 ,-0       ,2.7821  ,-0.240648 ,0.089413    ,2.375   ,-0.325    ,0.105686    ,2.04811  ,-0.268004 ,0.0552957   ,2.675   ,0.275     ,0.0027451   ,2.43919 ,0.314002  ,0.1494      ,1.975    ,0.275    ,0           ,0.674945    ,0.932176    ,0.907236    ,0.189705   ,0.81395     ,0.615012   ,0.597048  ,1.36295     ,0.982133    ,0.18065    ,1.72568      ,1.4172      ,0.49289     ,0.111968    ,0.381309    ,0.226311    ,1.79987     ,1.40704     ,-0.0279363   ,0.129406     ,0.111939    ,nan          ,nan          ,nan          ,0.0153963    ,0.0911469    ,0.103421    ,nan          ,nan          ,nan          ,0.0213324    ,0.0962438    ,0.0703645    ,nan          ,nan          ,nan         ,0.0279888   ,-0.000817281 ,0.0552957    ,-0.000610919 ,0.0437133    ,0            ,       0 ,       1 ,       0 ,       1 ,       0 ,       1
11.3065  ,0.9  , 2.29  ,     0 ,0.277928 ,-0        ,         0 ,-0       ,2.78324 ,-0.258102 ,0.0622803   ,2.375   ,-0.325    ,0.105686    ,2.05923  ,-0.271514 ,0.0390706   ,2.675   ,0.275     ,0.0027451   ,2.45408 ,0.318336  ,0.142234    ,1.975    ,0.275    ,0           ,0.621119    ,1.17549     ,1.12085     ,0.164791   ,0.820287    ,0.609117   ,0.612726  ,1.47944     ,1.11377     ,0.156831   ,1.73092      ,1.41334     ,0.521163    ,0.281948    ,0.500024    ,0.200311    ,1.79904     ,1.40765     ,-0.0292775   ,0.132201     ,0.11767     ,nan          ,nan          ,nan          ,0.0108689    ,0.104776     ,0.117966    ,nan          ,nan          ,nan          ,0.0154092    ,0.12617      ,0.0847857    ,nan          ,nan          ,nan         ,0.03425     ,-0.000817281 ,0.0416338    ,-0.000610919 ,0.0365476    ,0            ,       1 ,       1 ,       1 ,       1 ,       1 ,       1
11.3466  ,0.95 , 2.295 ,     0 ,0.277951 ,-0        ,         0 ,-0       ,2.78024 ,-0.270456 ,0.0317998   ,2.375   ,-0.325    ,0.105686    ,2.06844  ,-0.274026 ,0.0205402   ,2.675   ,0.275     ,0.0027451   ,2.46676 ,0.322733  ,0.128354    ,1.975    ,0.275    ,0           ,0.568755    ,1.42272     ,1.34364     ,0.139495   ,0.826726    ,0.603725   ,0.62266   ,1.61218     ,1.26271     ,0.13268    ,1.73605      ,1.40982     ,0.53946     ,0.499262    ,0.641031    ,0.174228    ,1.79783     ,1.40844     ,-0.0263636   ,0.133619     ,0.121821    ,nan          ,nan          ,nan          ,0.00573651   ,0.118465     ,0.13251     ,nan          ,nan          ,nan          ,0.00829845   ,0.158086     ,0.0994894    ,nan          ,nan          ,nan         ,0.0243801   ,-0.000817281 ,0.0205402    ,-0.000610919 ,0.0226679    ,0            ,       1 ,       1 ,       1 ,       1 ,       1 ,       1
11.3937  ,0    , 2.3   ,     0 ,0.277974 ,-0        ,         0 ,-0       ,2.775   ,-0.275    ,0           ,2.375   ,-0.324997 ,0.105688    ,2.075    ,-0.275    ,0           ,2.675   ,0.274998  ,0.00274665  ,2.475   ,0.325     ,0.105686    ,1.975    ,0.274999 ,1.61444e-06 ,0.525761    ,1.67131     ,1.57268     ,0.113838   ,0.833208    ,0.59882    ,0.62613   ,1.76123     ,1.42894     ,0.108217   ,1.74104      ,1.40661     ,0.545964    ,0.766958    ,0.804762    ,0.148098    ,1.79624     ,1.4094      ,nan          ,nan          ,nan         ,-3.87325e-07 ,-0.238928    ,-0.14636     ,nan          ,nan          ,nan         ,0.0204118    ,-0.113609    ,-0.142929    ,nan          ,nan          ,nan          ,9.62032e-07  ,-0.129918    ,-0.14749    ,0           ,-0.000816202 ,0            ,-0.000609084 ,8.60177e-09  ,1.61444e-06  ,       1 ,       1 ,       1 ,       1 ,       1 ,       1
11.4269  ,0.05 , 2.305 ,     0 ,0.277859 ,-0        ,         0 ,-0       ,2.775   ,-0.275    ,0           ,2.37992 ,-0.321253 ,0.124861    ,2.075    ,-0.275    ,0           ,2.68478 ,0.267292  ,0.0268157   ,2.475   ,0.325     ,0.105686    ,1.98046  ,0.273896 ,0.0203889   ,0.508704    ,1.67318     ,1.55999     ,0.115681   ,0.542948    ,0.419943   ,0.605832  ,1.76502     ,1.42492     ,0.136747   ,1.57512      ,1.20663     ,0.528589    ,0.764573    ,0.788297    ,0.151375    ,1.64985     ,1.24394     ,nan          ,nan          ,nan         ,0.00279277   ,-0.206412    ,-0.127993    ,nan          ,nan          ,nan         ,0.0190814    ,-0.115534    ,-0.133501    ,nan          ,nan          ,nan          ,0.00545088   ,-0.117767    ,-0.132491   ,0           ,0.0156017    ,0            ,0.0241078    ,8.60177e-09  ,0.0203889    ,       1 ,       0 ,       1 ,       0 ,       1 ,       0
11.4666  ,0.1  , 2.31  ,     0 ,0.277745 ,-0        ,         0 ,-0       ,2.775   ,-0.275    ,0           ,2.38495 ,-0.313084 ,0.136211    ,2.075    ,-0.275    ,0           ,2.69384 ,0.259449  ,0.0499616   ,2.475   ,0.325     ,0.105686    ,1.98678  ,0.271027 ,0.0388894   ,0.491253    ,1.67539     ,1.54786     ,0.121034   ,0.293997    ,0.26471    ,0.585062  ,1.76862     ,1.42119     ,0.163547   ,1.40765      ,1.02066     ,0.510785    ,0.762695    ,0.772368    ,0.160764    ,1.51789     ,1.09618     ,nan          ,nan          ,nan         ,0.00537987   ,-0.175589    ,-0.110109    ,nan          ,nan          ,nan         ,0.0180211    ,-0.115748    ,-0.123559    ,nan          ,nan          ,nan          ,0.0103444    ,-0.105511    ,-0.11754    ,0           ,0.0305246    ,0            ,0.0361671    ,8.60177e-09  ,0.0388894    ,       1 ,       0 ,       1 ,       0 ,       1 ,       0
11.5067  ,0.15 , 2.315 ,     0 ,0.277631 ,-0        ,         0 ,-0       ,2.775   ,-0.275    ,0           ,2.3903  ,-0.303766 ,0.141386    ,2.075    ,-0.275    ,0           ,2.7022  ,0.25109   ,0.0712315   ,2.475   ,0.325     ,0.105686    ,1.99385  ,0.267038 ,0.0551585   ,0.473401    ,1.67789     ,1.53628     ,0.129626   ,0.0841464   ,0.132488   ,0.563828  ,1.77201     ,1.41773     ,0.18901    ,1.2411       ,0.849436    ,0.492546    ,0.761324    ,0.756982    ,0.175609    ,1.40047     ,0.966067    ,nan          ,nan          ,nan         ,0.00776089   ,-0.146459    ,-0.0927079   ,nan          ,nan          ,nan         ,0.0172309    ,-0.114253    ,-0.113105    ,nan          ,nan          ,nan          ,0.0146816    ,-0.0931503   ,-0.102639   ,0           ,0.0356997    ,0            ,0.0480772    ,8.60177e-09  ,0.0551585    ,       1 ,       0 ,       1 ,       0 ,       1 ,       0
11.547   ,0.2  , 2.32  ,     0 ,0.277516 ,-0        ,         0 ,-0       ,2.775   ,-0.275    ,0           ,2.39609 ,-0.295101 ,0.142388    ,2.075    ,-0.275    ,0           ,2.70991 ,0.242181  ,0.089885    ,2.475   ,0.325     ,0.105686    ,2.00156  ,0.262521 ,0.069034    ,0.455145    ,1.68069     ,1.52523     ,0.14119    ,-0.0888118  ,0.0226492  ,0.542136  ,1.77517     ,1.41452     ,0.213524   ,1.07796      ,0.693708    ,0.473865    ,0.760457    ,0.742144    ,0.195251    ,1.29773     ,0.853534    ,nan          ,nan          ,nan         ,0.00993585   ,-0.119022    ,-0.0757901   ,nan          ,nan          ,nan         ,0.0167108    ,-0.111048    ,-0.102137    ,nan          ,nan          ,nan          ,0.0184623    ,-0.0806848   ,-0.0877856  ,0           ,0.0367661    ,0            ,0.0603851    ,8.60177e-09  ,0.069034     ,       1 ,       0 ,       1 ,       0 ,       1 ,       0
11.587   ,0.25 , 2.325 ,     0 ,0.277402 ,-0        ,         0 ,-0       ,2.775   ,-0.275    ,0           ,2.40233 ,-0.28787  ,0.141033    ,2.075    ,-0.275    ,0           ,2.71707 ,0.232976  ,0.105438    ,2.475   ,0.325     ,0.105686    ,2.00981  ,0.257989 ,0.0804884   ,0.436481    ,1.68374     ,1.5147      ,0.155457   ,-0.227085   ,-0.0654381 ,0.519996  ,1.77807     ,1.41156     ,0.23746    ,0.920669     ,0.55421     ,0.454735    ,0.760091    ,0.72786     ,0.219033    ,1.20978     ,0.758529    ,nan          ,nan          ,nan         ,0.0119047    ,-0.0932768   ,-0.0593555   ,nan          ,nan          ,nan         ,0.016393     ,-0.10617     ,-0.0906723   ,nan          ,nan          ,nan          ,0.0216867    ,-0.0681144   ,-0.0729813  ,0           ,0.0399734    ,0            ,0.0724357    ,8.60177e-09  ,0.0804884    ,       1 ,       0 ,       1 ,       0 ,       1 ,       0
11.6268  ,0.3  , 2.33  ,     0 ,0.277288 ,-0        ,         0 ,-0       ,2.775   ,-0.275    ,0           ,2.40904 ,-0.282272 ,0.138742    ,2.075    ,-0.275    ,0           ,2.72381 ,0.223947  ,0.117695    ,2.475   ,0.325     ,0.105686    ,2.01854  ,0.253862 ,0.0895836   ,0.417405    ,1.68704     ,1.50468     ,0.172157   ,-0.332882   ,-0.132404  ,0.497423  ,1.78069     ,1.40884     ,0.260925   ,0.771565     ,0.431621    ,0.435154    ,0.760219    ,0.714133    ,0.246298    ,1.13675     ,0.680993    ,nan          ,nan          ,nan         ,0.0136676    ,-0.0692249   ,-0.0434041   ,nan          ,nan          ,nan         ,0.0160445    ,-0.0997427   ,-0.0787608   ,nan          ,nan          ,nan          ,0.0243547    ,-0.0554392   ,-0.0582258  ,0           ,0.0398344    ,0            ,0.0830934    ,8.60177e-09  ,0.0895837    ,       1 ,       0 ,       1 ,       0 ,       1 ,       0
11.6667  ,0.35 , 2.335 ,     0 ,0.277173 ,-0        ,         0 ,-0       ,2.775   ,-0.275    ,0           ,2.41623 ,-0.278237 ,0.13651     ,2.075    ,-0.275    ,0           ,2.73031 ,0.215663  ,0.126738    ,2.475   ,0.325     ,0.105686    ,2.02774  ,0.25046  ,0.0964316   ,0.397915    ,1.69055     ,1.49515     ,0.191022   ,-0.408411   ,-0.178878  ,0.47443   ,1.78301     ,1.40633     ,0.28385    ,0.63287      ,0.32658     ,0.415116    ,0.760831    ,0.700967    ,0.276387    ,1.07877     ,0.620868    ,nan          ,nan          ,nan         ,0.0152243    ,-0.0468658   ,-0.0279359   ,nan          ,nan          ,nan         ,0.0156458    ,-0.0917773   ,-0.0664074   ,nan          ,nan          ,nan          ,0.0264663    ,-0.0426592   ,-0.043519   ,0           ,0.0396028    ,0            ,0.0841619    ,8.60177e-09  ,0.0964316    ,       1 ,       0 ,       1 ,       0 ,       1 ,       0
11.707   ,0.4  , 2.34  ,     0 ,0.277059 ,-0        ,         0 ,-0       ,2.775   ,-0.275    ,0           ,2.42389 ,-0.275638 ,0.134961    ,2.075    ,-0.275    ,0           ,2.73679 ,0.208673  ,0.132887    ,2.475   ,0.325     ,0.105686    ,2.03741  ,0.24801  ,0.101161    ,0.378011    ,1.69426     ,1.48611     ,0.211784   ,-0.455879   ,-0.205491  ,0.451034  ,1.78501     ,1.40404     ,0.306162   ,0.506809     ,0.239728    ,0.394618    ,0.761916    ,0.688364    ,0.308643    ,1.03595     ,0.578098    ,nan          ,nan          ,nan         ,0.016575     ,-0.0261994   ,-0.0129509   ,nan          ,nan          ,nan         ,0.0151969    ,-0.0822735   ,-0.053612    ,nan          ,nan          ,nan          ,0.0280215    ,-0.0297745   ,-0.028861   ,0           ,0.0397488    ,0            ,0.0926729    ,8.60177e-09  ,0.101161     ,       1 ,       0 ,       1 ,       0 ,       1 ,       0
11.747   ,0.45 , 2.345 ,     0 ,0.276944 ,-0        ,         0 ,-0       ,2.775   ,-0.275    ,0           ,2.43206 ,-0.274391 ,0.134423    ,2.075    ,-0.275    ,0           ,2.74349 ,0.203438  ,0.136639    ,2.475   ,0.325     ,0.105686    ,2.0476   ,0.246647 ,0.103889    ,0.357691    ,1.69814     ,1.47754     ,0.234172   ,-0.477494   ,-0.212874  ,0.427256  ,1.78667     ,1.40194     ,0.327788   ,0.395607     ,0.171702    ,0.37366     ,0.763457    ,0.676327    ,0.342408    ,1.00842     ,0.552624    ,nan          ,nan          ,nan         ,0.0177196    ,-0.00722576  ,0.00155087   ,nan          ,nan          ,nan         ,0.0146977    ,-0.0712315   ,-0.0403746   ,nan          ,nan          ,nan          ,0.0290204    ,-0.0167849   ,-0.0142517  ,0           ,0.0405245    ,0            ,0.0986592    ,8.60177e-09  ,0.103889     ,       1 ,       0 ,       1 ,       0 ,       1 ,       0
11.787   ,0.5  , 2.35  ,     0 ,0.27683  ,-0        ,         0 ,-0       ,2.775   ,-0.275    ,0           ,2.44081 ,-0.2745   ,0.134997    ,2.075    ,-0.275    ,0           ,2.75065 ,0.200285  ,0.13859     ,2.475   ,0.325     ,0.105686    ,2.05835  ,0.24642  ,0.104708    ,0.336959    ,1.70216     ,1.46942     ,0.25792    ,-0.475465   ,-0.201656  ,0.403117  ,1.78798     ,1.40004     ,0.348673   ,0.301506     ,0.123157    ,0.35224     ,0.765436    ,0.664854    ,0.377025    ,0.996313    ,0.544389    ,nan          ,nan          ,nan         ,0.0186582    ,0.0100551    ,0.0155695    ,nan          ,nan          ,nan         ,0.01419      ,-0.0586074   ,-0.0266608   ,nan          ,nan          ,nan          ,0.0294628    ,-0.00369051  ,0.000308841 ,0           ,0.0420103    ,0            ,0.102621     ,8.60177e-09  ,0.108256     ,       1 ,       0 ,       1 ,       0 ,       1 ,       0
11.8267  ,0.55 , 2.355 ,     0 ,0.276716 ,-0        ,         0 ,-0       ,2.775   ,-0.275    ,0           ,2.45024 ,-0.276034 ,0.136609    ,2.075    ,-0.275    ,0           ,2.75851 ,0.199395  ,0.139348    ,2.475   ,0.325     ,0.105686    ,2.0697   ,0.24731  ,0.103661    ,0.315815    ,1.7063      ,1.46175     ,0.28277    ,-0.451861   ,-0.172469  ,0.378641  ,1.78892     ,1.39833     ,0.368873   ,0.226869     ,0.0948388   ,0.33036     ,0.767831    ,0.653946    ,0.411838    ,0.999735    ,0.553349    ,nan          ,nan          ,nan         ,0.0194327    ,0.0261034    ,0.0290993    ,nan          ,nan          ,nan         ,0.0137538    ,-0.0443176   ,-0.0124044   ,nan          ,nan          ,nan          ,0.0293509    ,0.00949302   ,0.0148548   ,0           ,0.0475707    ,0            ,0.10337      ,8.60177e-09  ,0.104994     ,       1 ,       0 ,       1 ,       0 ,       1 ,       0
11.8665  ,0.6  , 2.36  ,     0 ,0.276601 ,-0        ,         0 ,-0       ,2.775   ,-0.275    ,0           ,2.46045 ,-0.278956 ,0.139031    ,2.075    ,-0.275    ,0           ,2.76726 ,0.200822  ,0.139449    ,2.475   ,0.325     ,0.105686    ,2.08165  ,0.249241 ,0.100744    ,0.294263    ,1.71053     ,1.4545      ,0.308601   ,-0.407275   ,-0.125963  ,0.353855  ,1.78948     ,1.3968      ,0.388496   ,0.174106     ,0.0875352   ,0.308023    ,0.770613    ,0.643599    ,0.446191    ,1.01878     ,0.579511    ,nan          ,nan          ,nan         ,0.0201695    ,0.0423016    ,0.0421234    ,nan          ,nan          ,nan         ,0.013391     ,-0.0283601   ,0.0023962    ,nan          ,nan          ,nan          ,0.0286865    ,0.0227518    ,0.0294165   ,0           ,0.0481217    ,0            ,0.0988335    ,8.60177e-09  ,0.100003     ,       1 ,       0 ,       1 ,       0 ,       1 ,       0
11.9067  ,0.65 , 2.365 ,     0 ,0.276487 ,-0        ,         0 ,-0       ,2.775   ,-0.275    ,0           ,2.47156 ,-0.283172 ,0.141874    ,2.075    ,-0.275    ,0           ,2.77705 ,0.204524  ,0.139275    ,2.475   ,0.325     ,0.105686    ,2.09416  ,0.25208  ,0.0958985   ,0.27231     ,1.71483     ,1.44768     ,0.335374   ,-0.341402   ,-0.0628003 ,0.328786  ,1.78965     ,1.39544     ,0.407647   ,0.145631     ,0.102033    ,0.285233    ,0.773754    ,0.633808    ,0.479433    ,1.05355     ,0.622893    ,nan          ,nan          ,nan         ,0.0208771    ,0.058743     ,0.0546408    ,nan          ,nan          ,nan         ,0.0131015    ,-0.0107348   ,0.017741     ,nan          ,nan          ,nan          ,0.0274695    ,0.0360858    ,0.043994    ,0           ,0.0484905    ,0            ,0.0939018    ,8.60177e-09  ,0.094581     ,       1 ,       0 ,       1 ,       0 ,       1 ,       0
11.9469  ,0.7  , 2.37  ,     0 ,0.276373 ,-0        ,         0 ,-0       ,2.775   ,-0.275    ,0           ,2.48368 ,-0.288592 ,0.144571    ,2.075    ,-0.275    ,0           ,2.788   ,0.210395  ,0.138977    ,2.475   ,0.325     ,0.105686    ,2.10712  ,0.255638 ,0.0890274   ,0.249963    ,1.71916     ,1.44125     ,0.363051   ,-0.253924   ,0.0163597  ,0.303465  ,1.78942     ,1.39425     ,0.426432   ,0.143856     ,0.13912     ,0.261997    ,0.777218    ,0.624568    ,0.510909    ,1.10412     ,0.683515    ,nan          ,nan          ,nan         ,0.0215555    ,0.0754275    ,0.0666514    ,nan          ,nan          ,nan         ,0.0128855    ,0.00855823   ,0.03363      ,nan          ,nan          ,nan          ,0.0256999    ,0.0494951    ,0.0585872   ,0           ,0.0483384    ,0            ,0.0871528    ,8.60177e-09  ,0.0886804    ,       1 ,       0 ,       1 ,       0 ,       1 ,       0
11.9868  ,0.75 , 2.375 ,     0 ,0.276258 ,-0        ,         0 ,-0       ,2.775   ,-0.275    ,0           ,2.49692 ,-0.29508  ,0.146371    ,2.075    ,-0.275    ,0           ,2.80021 ,0.218291  ,0.138395    ,2.475   ,0.325     ,0.105686    ,2.12032  ,0.259677 ,0.0800056   ,0.227229    ,1.72351     ,1.43521     ,0.391594   ,-0.144525   ,0.110855   ,0.277923  ,1.7888      ,1.39323     ,0.444936   ,0.171198     ,0.199576    ,0.238323    ,0.780967    ,0.61587     ,0.539968    ,1.17058     ,0.761395    ,nan          ,nan          ,nan         ,0.0222047    ,0.0923552    ,0.0781552    ,nan          ,nan          ,nan         ,0.0126795    ,0.0295329    ,0.0500439    ,nan          ,nan          ,nan          ,0.0233778    ,0.0629796    ,0.0731963   ,0           ,0.0472231    ,0            ,0.0653573    ,8.60177e-09  ,0.0782115    ,       1 ,       0 ,       1 ,       0 ,       1 ,       0
12.0269  ,0.8  , 2.38  ,     0 ,0.276144 ,-0        ,         0 ,-0       ,2.775   ,-0.275    ,0           ,2.51132 ,-0.302376 ,0.146341    ,2.075    ,-0.275    ,0           ,2.8137  ,0.228031  ,0.136999    ,2.475   ,0.325     ,0.105686    ,2.13345  ,0.263906 ,0.0687033   ,0.204121    ,1.72784     ,1.42955     ,0.420965   ,-0.012888   ,0.220026   ,0.252194  ,1.78777     ,1.39238     ,0.463023   ,0.230122     ,0.284114    ,0.214221    ,0.784959    ,0.607705    ,0.565955    ,1.25303     ,0.856552    ,nan          ,nan          ,nan         ,0.0228248    ,0.109526     ,0.0891521    ,nan          ,nan          ,nan         ,0.0122975    ,0.0522298    ,0.0669258    ,nan          ,nan          ,nan          ,0.0205031    ,0.0765394    ,0.087821    ,0           ,0.0491224    ,0            ,0.0559446    ,8.60177e-09  ,0.0661805    ,       1 ,       0 ,       1 ,       0 ,       1 ,       0
12.0665  ,0.85 , 2.385 ,     0 ,0.276029 ,-0        ,         0 ,-0       ,2.775   ,-0.275    ,0           ,2.52681 ,-0.310005 ,0.14339     ,2.075    ,-0.275    ,0           ,2.82837 ,0.239338  ,0.133819    ,2.475   ,0.325     ,0.105686    ,2.14607  ,0.267984 ,0.055018    ,0.18065     ,1.73212     ,1.42424     ,0.451125   ,0.141305    ,0.343209   ,0.226311  ,1.78634     ,1.3917      ,0.480421   ,0.323122     ,0.393406    ,0.189705    ,0.789147    ,0.600061    ,0.588218    ,1.35154     ,0.969004    ,nan          ,nan          ,nan         ,0.0234156    ,0.12694      ,0.0996423    ,nan          ,nan          ,nan         ,0.0117274    ,0.0766515    ,0.0842721    ,nan          ,nan          ,nan          ,0.0170759    ,0.0901744    ,0.102462    ,0           ,0.045964     ,0            ,0.0441778    ,8.60177e-09  ,0.0515872    ,       1 ,       0 ,       1 ,       0 ,       1 ,       0
12.1069  ,0.9  , 2.39  ,     0 ,0.275915 ,-0        ,         0 ,-0       ,2.775   ,-0.275    ,0           ,2.54308 ,-0.31718  ,0.13634     ,2.075    ,-0.275    ,0           ,2.84396 ,0.251705  ,0.127424    ,2.475   ,0.325     ,0.105686    ,2.15765  ,0.271513 ,0.0389164   ,0.156831    ,1.73633     ,1.41927     ,0.482037   ,0.318371    ,0.479746   ,0.200311  ,1.78452     ,1.3912      ,0.496858   ,0.452694     ,0.528124    ,0.164791    ,0.793481    ,0.592925    ,0.606103    ,1.46622     ,1.09877     ,nan          ,nan          ,nan         ,0.0239772    ,0.144597     ,0.109626     ,nan          ,nan          ,nan         ,0.0109691    ,0.102798     ,0.102083     ,nan          ,nan          ,nan          ,0.0130962    ,0.103885     ,0.117118    ,0           ,0.0397791    ,0            ,0.038927     ,8.60177e-09  ,0.0321054    ,       1 ,       1 ,       1 ,       1 ,       1 ,       1
12.1468  ,0.95 , 2.395 ,     0 ,0.275801 ,-0        ,         0 ,-0       ,2.775   ,-0.275    ,0           ,2.55952 ,-0.322719 ,0.124061    ,2.075    ,-0.275    ,0           ,2.85989 ,0.264168  ,0.115978    ,2.475   ,0.325     ,0.105686    ,2.16753  ,0.27403  ,0.0204872   ,0.13268     ,1.74044     ,1.41464     ,0.513663   ,0.518627    ,0.628974   ,0.174228  ,1.78231     ,1.39087     ,0.512062   ,0.621333     ,0.688939    ,0.139495    ,0.797909    ,0.586282    ,0.618958    ,1.59715     ,1.24587     ,nan          ,nan          ,nan         ,0.0245097    ,0.162497     ,0.119102     ,nan          ,nan          ,nan         ,0.0100226    ,0.13067      ,0.120358     ,nan          ,nan          ,nan          ,0.0085639    ,0.11767      ,0.13179     ,0           ,0.0157428    ,0            ,0.0226481    ,8.60177e-09  ,0.0177947    ,       1 ,       1 ,       1 ,       1 ,       1 ,       1
12.2015  ,0    , 2.4   ,     0 ,0.275686 ,-0        ,         0 ,-0       ,2.775   ,-0.274998 ,1.54702e-06 ,2.575   ,-0.325    ,0.105686    ,2.075    ,-0.274999 ,1.62339e-06 ,2.875   ,0.275     ,0.097451    ,2.475   ,0.324997  ,0.105688    ,2.175    ,0.275    ,0           ,0.108217    ,1.74441     ,1.41032     ,0.545964   ,0.74239     ,0.790232   ,0.148098  ,1.77971     ,1.39072     ,0.525761   ,0.831534     ,0.876524    ,0.113838    ,0.802375    ,0.580116    ,0.62613     ,1.74441     ,1.41032     ,0.0280188    ,-0.13111     ,-0.134899   ,nan          ,nan          ,nan          ,9.49731e-07  ,-0.130223    ,-0.146578   ,nan          ,nan          ,nan          ,-3.75226e-07 ,-0.246398    ,-0.148021    ,nan          ,nan          ,nan         ,1.50443e-06 ,-0.0017449   ,1.62339e-06  ,0.000614848  ,1.2321e-06   ,0            ,       1 ,       1 ,       1 ,       1 ,       1 ,       1
12.2266  ,0.05 , 2.405 ,     0 ,0.276475 ,-0        ,         0 ,-0       ,2.78528 ,-0.273871 ,0.0166205   ,2.575   ,-0.325    ,0.105686    ,2.08042  ,-0.273785 ,0.0286608   ,2.875   ,0.275     ,0.097451    ,2.48025 ,0.320256  ,0.126822    ,2.175    ,0.275    ,0           ,0.134762    ,1.62403     ,1.28614     ,0.528589   ,0.749499    ,0.779364   ,0.151289  ,1.57719     ,1.16888     ,0.508704   ,0.838223     ,0.866095    ,0.117993    ,0.479347    ,0.384009    ,0.605832    ,1.75487     ,1.41364     ,0.0274122    ,-0.120293    ,-0.124358   ,nan          ,nan          ,nan          ,0.00402347   ,-0.129452    ,-0.137984   ,nan          ,nan          ,nan          ,0.00574298   ,-0.209288    ,-0.1285      ,nan          ,nan          ,nan         ,0.0150347   ,-0.0017449   ,0.0285505    ,0.000614848  ,0.0211355    ,0            ,       0 ,       1 ,       0 ,       1 ,       0 ,       1
12.2667  ,0.1  , 2.41  ,     0 ,0.277265 ,-0        ,         0 ,-0       ,2.79514 ,-0.270856 ,0.0320114   ,2.575   ,-0.325    ,0.105686    ,2.08655  ,-0.270014 ,0.0560366   ,2.875   ,0.275     ,0.097451    ,2.48617 ,0.310132  ,0.138429    ,2.175    ,0.275    ,0           ,0.160725    ,1.51397     ,1.17219     ,0.510785   ,0.757391    ,0.769218   ,0.16042   ,1.37686     ,0.960999    ,0.491253   ,0.845571     ,0.85634     ,0.129811    ,0.207448    ,0.215189    ,0.585062    ,1.7651      ,1.41727     ,0.0268033    ,-0.109552    ,-0.113559   ,nan          ,nan          ,nan          ,0.00762508   ,-0.127422    ,-0.128664   ,nan          ,nan          ,nan          ,0.010802     ,-0.174329    ,-0.109559    ,nan          ,nan          ,nan         ,0.0356098   ,-0.0017449   ,0.0542198    ,0.000614848  ,0.0327423    ,0            ,       0 ,       1 ,       0 ,       1 ,       0 ,       1
12.3065  ,0.15 , 2.415 ,     0 ,0.278054 ,-0        ,         0 ,-0       ,2.80455 ,-0.266487 ,0.0459842   ,2.575   ,-0.325    ,0.105686    ,2.09314  ,-0.263825 ,0.0808939   ,2.875   ,0.275     ,0.097451    ,2.49282 ,0.298772  ,0.142903    ,2.175    ,0.275    ,0           ,0.186103    ,1.41416     ,1.06871     ,0.492546   ,0.766057    ,0.759799   ,0.174837  ,1.18068     ,0.768211    ,0.473401   ,0.853564     ,0.847262    ,0.148323    ,-0.0163761  ,0.0728332   ,0.563828    ,1.7751      ,1.42119     ,0.0261921    ,-0.0988874   ,-0.102502   ,nan          ,nan          ,nan          ,0.0108058    ,-0.124135    ,-0.118618   ,nan          ,nan          ,nan          ,0.0151768    ,-0.141523    ,-0.0911979   ,nan          ,nan          ,nan         ,0.0469991   ,-0.0017449   ,0.0735689    ,0.000614848  ,0.0368261    ,0            ,       0 ,       1 ,       0 ,       1 ,       0 ,       1
12.3467  ,0.2  , 2.42  ,     0 ,0.278843 ,-0        ,         0 ,-0       ,2.81352 ,-0.261261 ,0.058434    ,2.575   ,-0.325    ,0.105686    ,2.09998  ,-0.255745 ,0.102272    ,2.875   ,0.275     ,0.097451    ,2.50014 ,0.288185  ,0.142969    ,2.175    ,0.275    ,0           ,0.210895    ,1.32453     ,0.975931    ,0.473865   ,0.775481    ,0.751111   ,0.193883  ,0.990592    ,0.591646    ,0.455145   ,0.862184     ,0.83886     ,0.172556    ,-0.195179   ,-0.043883   ,0.542136    ,1.78483     ,1.42539     ,0.0255786    ,-0.0882982   ,-0.0911874  ,nan          ,nan          ,nan          ,0.0135655    ,-0.11959     ,-0.107846   ,nan          ,nan          ,nan          ,0.0188673    ,-0.110869    ,-0.0734173   ,nan          ,nan          ,nan         ,0.0585714   ,-0.0017449   ,0.0870946    ,0.000614848  ,0.0409342    ,0            ,       0 ,       1 ,       0 ,       1 ,       0 ,       1
12.387   ,0.25 , 2.425 ,     0 ,0.279632 ,-0        ,         0 ,-0       ,2.82208 ,-0.255624 ,0.0693208   ,2.575   ,-0.325    ,0.105686    ,2.10692  ,-0.246572 ,0.119565    ,2.875   ,0.275     ,0.097451    ,2.50802 ,0.279046  ,0.140929    ,2.175    ,0.275    ,0           ,0.235098    ,1.245       ,0.894118    ,0.454735   ,0.785644    ,0.743155   ,0.216891  ,0.808697    ,0.432418    ,0.436481   ,0.87141      ,0.831133    ,0.20154     ,-0.332015   ,-0.135782   ,0.519996    ,1.79428     ,1.42985     ,0.0249627    ,-0.0777847   ,-0.0796147  ,nan          ,nan          ,nan          ,0.0158837    ,-0.113538    ,-0.096383   ,nan          ,nan          ,nan          ,0.0218735    ,-0.082368    ,-0.0562169   ,nan          ,nan          ,nan         ,0.0690326   ,-0.0017449   ,0.0722214    ,0.000614848  ,0.0406443    ,0            ,       0 ,       1 ,       0 ,       1 ,       0 ,       1
12.4267  ,0.3  , 2.43  ,     0 ,0.280422 ,-0        ,         0 ,-0       ,2.83032 ,-0.249968 ,0.0786505   ,2.575   ,-0.325    ,0.105686    ,2.11387  ,-0.237191 ,0.132577    ,2.875   ,0.275     ,0.097451    ,2.51637 ,0.271385  ,0.138447    ,2.175    ,0.275    ,0           ,0.25871     ,1.1755      ,0.823512    ,0.435154   ,0.796521    ,0.735931   ,0.243151  ,0.637622    ,0.291561    ,0.417405   ,0.881217     ,0.82408     ,0.234304    ,-0.429938   ,-0.203688   ,0.497423    ,1.80342     ,1.43456     ,0.0243445    ,-0.067347    ,-0.0677841  ,nan          ,nan          ,nan          ,0.0177376    ,-0.105704    ,-0.0842698  ,nan          ,nan          ,nan          ,0.0241954    ,-0.0560189   ,-0.0395967   ,nan          ,nan          ,nan         ,0.0702222   ,-0.0017449   ,0.0797941    ,0.000614848  ,0.039782     ,0            ,       0 ,       1 ,       0 ,       1 ,       0 ,       1
12.4666  ,0.35 , 2.435 ,     0 ,0.281211 ,-0        ,         0 ,-0       ,2.83835 ,-0.244628 ,0.0864589   ,2.575   ,-0.325    ,0.105686    ,2.12087  ,-0.228505 ,0.141518    ,2.875   ,0.275     ,0.097451    ,2.5251  ,0.265035  ,0.136584    ,2.175    ,0.275    ,0           ,0.281729    ,1.11597     ,0.76436     ,0.415116   ,0.808083    ,0.729435   ,0.271938  ,0.480145    ,0.17009     ,0.397915   ,0.891578     ,0.817694    ,0.269877    ,-0.492002   ,-0.248423   ,0.47443     ,1.81223     ,1.43951     ,0.023724     ,-0.0569851   ,-0.0556956  ,nan          ,nan          ,nan          ,0.019127     ,-0.0960883   ,-0.071506   ,nan          ,nan          ,nan          ,0.025833     ,-0.0318221   ,-0.0235567   ,nan          ,nan          ,nan         ,0.0778593   ,-0.0017449   ,0.0804724    ,0.000614848  ,0.0393707    ,0            ,       0 ,       1 ,       0 ,       1 ,       0 ,       1
12.5066  ,0.4  , 2.44  ,     0 ,0.282    ,-0        ,         0 ,-0       ,2.84626 ,-0.239885 ,0.0927983   ,2.575   ,-0.325    ,0.105686    ,2.12806  ,-0.221313 ,0.146951    ,2.875   ,0.275     ,0.097451    ,2.53417 ,0.259881  ,0.135917    ,2.175    ,0.275    ,0           ,0.304153    ,1.06633     ,0.716909    ,0.394618   ,0.820295    ,0.723664   ,0.302528  ,0.339044    ,0.0690169   ,0.378011   ,0.902459     ,0.811971    ,0.307288    ,-0.52126    ,-0.27081    ,0.451034    ,1.82071     ,1.44469     ,0.0231012    ,-0.0466989   ,-0.0433492  ,nan          ,nan          ,nan          ,0.0200521    ,-0.0846902   ,-0.0580918  ,nan          ,nan          ,nan          ,0.0267862    ,-0.00977767  ,-0.00809692  ,nan          ,nan          ,nan         ,0.0848892   ,-0.0017449   ,0.0787025    ,0.000614848  ,0.0399709    ,0            ,       0 ,       1 ,       0 ,       1 ,       0 ,       1
12.547   ,0.45 , 2.445 ,     0 ,0.282789 ,-0        ,         0 ,-0       ,2.8542  ,-0.235966 ,0.0977277   ,2.575   ,-0.325    ,0.105686    ,2.13566  ,-0.21621  ,0.149673    ,2.875   ,0.275     ,0.097451    ,2.54361 ,0.255955  ,0.13666     ,2.175    ,0.275    ,0           ,0.325979    ,1.02649     ,0.681407    ,0.37366    ,0.833115    ,0.718608   ,0.3342    ,0.217095    ,-0.0106444  ,0.357691   ,0.913826     ,0.806903    ,0.345566    ,-0.520766   ,-0.271674   ,0.427256    ,1.82884     ,1.45009     ,0.0224761    ,-0.0364885   ,-0.0307448  ,nan          ,nan          ,nan          ,0.0205243    ,-0.0715078   ,-0.0440365  ,nan          ,nan          ,nan          ,0.0270553    ,0.0101145    ,0.00678267   ,nan          ,nan          ,nan         ,0.0828437   ,-0.0017449   ,0.0751104    ,0.000614848  ,0.0417826    ,0            ,       0 ,       1 ,       0 ,       1 ,       0 ,       1
12.5869  ,0.5  , 2.45  ,     0 ,0.283578 ,-0        ,         0 ,-0       ,2.86228 ,-0.233055 ,0.101305    ,2.575   ,-0.325    ,0.105686    ,2.14392  ,-0.213517 ,0.150595    ,2.875   ,0.275     ,0.097451    ,2.5535  ,0.253437  ,0.138752    ,2.175    ,0.275    ,0           ,0.347205    ,0.996407    ,0.6581      ,0.35224    ,0.8465      ,0.71426    ,0.366368  ,0.117103    ,-0.0679942  ,0.336959   ,0.925639     ,0.80248     ,0.383741    ,-0.493575   ,-0.251837   ,0.403117    ,1.8366      ,1.45569     ,0.0218486    ,-0.0263538   ,-0.0178827  ,nan          ,nan          ,nan          ,0.0207204    ,-0.0565061   ,-0.029486   ,nan          ,nan          ,nan          ,0.02664      ,0.0278543    ,0.0210821    ,nan          ,nan          ,nan         ,0.0842449   ,-0.0017449   ,0.0703248    ,0.000614848  ,0.0468182    ,0            ,       0 ,       1 ,       0 ,       1 ,       0 ,       1
12.6267  ,0.55 , 2.455 ,     0 ,0.284368 ,-0        ,         0 ,-0       ,2.87064 ,-0.231294 ,0.103582    ,2.575   ,-0.325    ,0.105686    ,2.15309  ,-0.213284 ,0.150607    ,2.875   ,0.275     ,0.097451    ,2.56402 ,0.252612  ,0.141919    ,2.175    ,0.275    ,0           ,0.367829    ,0.975988    ,0.647232    ,0.33036    ,0.8604      ,0.710605   ,0.398673  ,0.0419182   ,-0.10232    ,0.315815   ,0.937857     ,0.798691    ,0.420841    ,-0.442728   ,-0.212123   ,0.378641    ,1.84399     ,1.4615      ,0.021218     ,-0.0163016   ,-0.00477157 ,nan          ,nan          ,nan          ,0.0207004    ,-0.0396733   ,-0.0144899  ,nan          ,nan          ,nan          ,0.0255403    ,0.0435238    ,0.0347981    ,nan          ,nan          ,nan         ,0.0841391   ,-0.0017449   ,0.0592724    ,0.000614848  ,0.0492737    ,0            ,       0 ,       1 ,       0 ,       1 ,       0 ,       1
12.6668  ,0.6  , 2.46  ,     0 ,0.285157 ,-0        ,         0 ,-0       ,2.8794  ,-0.230787 ,0.104605    ,2.575   ,-0.325    ,0.105686    ,2.16334  ,-0.215385 ,0.150434    ,2.875   ,0.275     ,0.097451    ,2.57535 ,0.253713  ,0.145726    ,2.175    ,0.275    ,0           ,0.387847    ,0.965154    ,0.649037    ,0.308023   ,0.874759    ,0.707629   ,0.430778  ,-0.00560618 ,-0.112927   ,0.294263   ,0.950434     ,0.795522    ,0.455894    ,-0.370399   ,-0.153389   ,0.353855    ,1.85099     ,1.46751     ,0.0205837    ,-0.00633614  ,0.00858231  ,nan          ,nan          ,nan          ,0.0204643    ,-0.0210094   ,0.000951804 ,nan          ,nan          ,nan          ,0.0237556    ,0.0583594    ,0.0478834    ,nan          ,nan          ,nan         ,0.0824603   ,-0.0017449   ,0.055231     ,0.000614848  ,0.0518268    ,0            ,       0 ,       1 ,       0 ,       1 ,       0 ,       1
12.7067  ,0.65 , 2.465 ,     0 ,0.285946 ,-0        ,         0 ,-0       ,2.88867 ,-0.231608 ,0.104407    ,2.575   ,-0.325    ,0.105686    ,2.1748   ,-0.219604 ,0.150536    ,2.875   ,0.275     ,0.097451    ,2.58758 ,0.256834  ,0.149583    ,2.175    ,0.275    ,0           ,0.407256    ,0.963823    ,0.663749    ,0.285233   ,0.889518    ,0.705314   ,0.462347  ,-0.0226162  ,-0.0991217  ,0.27231    ,0.963324     ,0.79296     ,0.487929    ,-0.277316   ,-0.0765473  ,0.328786    ,1.85761     ,1.4737      ,0.0199457    ,0.00354248   ,0.022179    ,nan          ,nan          ,nan          ,0.0200121    ,-0.000514363 ,0.0168391   ,nan          ,nan          ,nan          ,0.0212854    ,0.0727766    ,0.0603222    ,nan          ,nan          ,nan         ,0.0791566   ,-0.0017449   ,0.0510345    ,0.000614848  ,0.0540325    ,0            ,       0 ,       1 ,       0 ,       1 ,       0 ,       1
12.7471  ,0.7  , 2.47  ,     0 ,0.286735 ,-0        ,         0 ,-0       ,2.89856 ,-0.2338   ,0.103019    ,2.575   ,-0.325    ,0.105686    ,2.18756  ,-0.225711 ,0.151015    ,2.875   ,0.275     ,0.097451    ,2.60073 ,0.262033  ,0.152747    ,2.175    ,0.275    ,0           ,0.426052    ,0.971912    ,0.691599    ,0.261997   ,0.904617    ,0.703641   ,0.493043  ,-0.00625818 ,-0.0602087  ,0.249963   ,0.976475     ,0.790988    ,0.515973    ,-0.164074   ,0.0174849   ,0.303465    ,1.86385     ,1.48008     ,0.019304     ,0.0133343    ,0.0360185   ,nan          ,nan          ,nan          ,0.0193439    ,0.0218117    ,0.033172    ,nan          ,nan          ,nan          ,0.0181299    ,0.0867755    ,0.0721143    ,nan          ,nan          ,nan         ,0.0741895   ,-0.0017449   ,0.0467101    ,0.000614848  ,0.0584225    ,0            ,       0 ,       1 ,       0 ,       1 ,       0 ,       1
12.7867  ,0.75 , 2.475 ,     0 ,0.287525 ,-0        ,         0 ,-0       ,2.90916 ,-0.237382 ,0.100462    ,2.575   ,-0.325    ,0.105686    ,2.20165  ,-0.233479 ,0.151533    ,2.875   ,0.275     ,0.097451    ,2.61468 ,0.269303  ,0.154334    ,2.175    ,0.275    ,0           ,0.444232    ,0.989337    ,0.73282     ,0.238323   ,0.919989    ,0.702589   ,0.522491  ,0.0463668   ,0.0044765   ,0.227229   ,0.989837     ,0.789588    ,0.539053    ,-0.031266   ,0.12779     ,0.277923    ,1.86969     ,1.48664     ,0.0186586    ,0.0230392    ,0.0501007   ,nan          ,nan          ,nan          ,0.0183691    ,0.0460756    ,0.0498807   ,nan          ,nan          ,nan          ,0.0142889    ,0.100356     ,0.0832597    ,nan          ,nan          ,nan         ,0.0496484   ,-0.0017449   ,0.0479364    ,0.000614848  ,0.0564624    ,0            ,       0 ,       1 ,       0 ,       1 ,       0 ,       1
12.8272  ,0.8  , 2.48  ,     0 ,0.288314 ,-0        ,         0 ,-0       ,2.92056 ,-0.242347 ,0.09676     ,2.575   ,-0.325    ,0.105686    ,2.21695  ,-0.242612 ,0.151229    ,2.875   ,0.275     ,0.097451    ,2.62911 ,0.278522  ,0.153362    ,2.175    ,0.275    ,0           ,0.461791    ,1.01602     ,0.787644    ,0.214221   ,0.935565    ,0.702133   ,0.550046  ,0.138476    ,0.0953906   ,0.204121   ,1.00335      ,0.788742    ,0.556197    ,0.120515    ,0.25345     ,0.252194    ,1.87515     ,1.49339     ,0.0180096    ,0.0326574    ,0.0644258   ,nan          ,nan          ,nan          ,0.0169109    ,0.0724861    ,0.0668284   ,nan          ,nan          ,nan          ,0.00976261   ,0.113518     ,0.0937586    ,nan          ,nan          ,nan         ,0.0388744   ,-0.0017449   ,0.0472274    ,0.000614848  ,0.0518115    ,0            ,       0 ,       1 ,       0 ,       1 ,       0 ,       1
12.8667  ,0.85 , 2.485 ,     0 ,0.289103 ,-0        ,         0 ,-0       ,2.93281 ,-0.248664 ,0.0919432   ,2.575   ,-0.325    ,0.105686    ,2.23312  ,-0.252651 ,0.148643    ,2.875   ,0.275     ,0.097451    ,2.64341 ,0.289396  ,0.14882     ,2.175    ,0.275    ,0           ,0.478728    ,1.05186     ,0.856305    ,0.189705   ,0.951278    ,0.702248   ,0.574948  ,0.273422    ,0.212901    ,0.18065    ,1.01697      ,0.78843     ,0.566433    ,0.290674    ,0.393549    ,0.226311    ,1.88023     ,1.50032     ,0.0173568    ,0.0421887    ,0.0789936   ,nan          ,nan          ,nan          ,0.0149646    ,0.101049     ,0.0840114   ,nan          ,nan          ,nan          ,0.0045509    ,0.126262     ,0.103611     ,nan          ,nan          ,nan         ,0.0264372   ,-0.0017449   ,0.0470987    ,0.000614848  ,0.0438618    ,0            ,       0 ,       1 ,       0 ,       1 ,       0 ,       1
12.9068  ,0.9  , 2.49  ,     0 ,0.289892 ,-0        ,         0 ,-0       ,2.94597 ,-0.256274 ,0.0860556   ,2.575   ,-0.325    ,0.105686    ,2.2494   ,-0.262743 ,0.14173     ,2.875   ,0.275     ,0.097451    ,2.65667 ,0.301391  ,0.139773    ,2.175    ,0.275    ,0           ,0.495037    ,1.0968      ,0.939034    ,0.164791   ,0.967056    ,0.702909   ,0.596437  ,0.454559    ,0.357374    ,0.156831   ,1.03064      ,0.78863     ,0.568788    ,0.478618    ,0.547168    ,0.200311    ,1.88493     ,1.50744     ,0.0167003    ,0.0516332    ,0.0938043   ,nan          ,nan          ,nan          ,0.0125302    ,0.131763     ,0.10143     ,nan          ,nan          ,nan          ,-0.00134619  ,0.138588     ,0.112816     ,nan          ,nan          ,nan         ,0.0304772   ,-0.0017449   ,0.0390833    ,0.000614848  ,0.0356371    ,0            ,       1 ,       1 ,       1 ,       1 ,       1 ,       1
12.9468  ,0.95 , 2.495 ,     0 ,0.290681 ,-0        ,         0 ,-0       ,2.96003 ,-0.265091 ,0.0791649   ,2.575   ,-0.325    ,0.105686    ,2.26426  ,-0.271207 ,0.1281      ,2.875   ,0.275     ,0.097451    ,2.66767 ,0.313667  ,0.125504    ,2.175    ,0.275    ,0           ,0.510716    ,1.15074     ,1.03606     ,0.139495   ,0.982828    ,0.704086   ,0.613751  ,0.685242    ,0.529177    ,0.13268    ,1.0443       ,0.789322    ,0.562289    ,0.683755    ,0.713389    ,0.174228    ,1.88928     ,1.51475     ,0.0160402    ,0.0609909    ,0.108858    ,nan          ,nan          ,nan          ,0.00960769   ,0.16463      ,0.119084    ,nan          ,nan          ,nan          ,-0.00792868  ,0.150495     ,0.121375     ,nan          ,nan          ,nan         ,0.0191421   ,-0.0017449   ,0.0231186    ,0.000614848  ,0.020562     ,0            ,       1 ,       1 ,       1 ,       1 ,       1 ,       1
13.0019  ,0    , 2.5   ,     0 ,0.291471 ,-0        ,         0 ,-0       ,2.975   ,-0.275    ,0.0713725   ,2.575   ,-0.324998 ,0.105688    ,2.275    ,-0.275    ,0.105686    ,2.875   ,0.274998  ,0.0974524   ,2.675   ,0.325     ,0.105686    ,2.175    ,0.274999 ,1.55187e-06 ,0.525761    ,1.2136      ,1.14763     ,0.113838   ,0.998525    ,0.705753   ,0.62613   ,0.968824    ,0.728677    ,0.108217   ,1.0579       ,0.790483    ,0.545964    ,0.905489    ,0.891297    ,0.148098    ,1.89327     ,1.52226     ,nan          ,nan          ,nan         ,-0.0376437   ,-0.177168    ,-0.13381     ,nan          ,nan          ,nan         ,-0.0276975   ,-0.138802    ,-0.13708     ,nan          ,nan          ,nan          ,-0.00453359  ,-0.129363    ,-0.153482   ,-0.0106863  ,-0.00174449  ,-0.00115557  ,0.000616057  ,-0.0017449   ,1.38604e-06  ,       1 ,       1 ,       1 ,       1 ,       1 ,       1
13.0268  ,0.05 , 2.505 ,     0 ,0.292946 ,-0        ,         0 ,-0       ,2.975   ,-0.275    ,0.0713725   ,2.56759 ,-0.318264 ,0.135435    ,2.275    ,-0.275    ,0.105686    ,2.87367 ,0.266429  ,0.116373    ,2.675   ,0.325     ,0.105686    ,2.17948  ,0.274312 ,0.0260614   ,0.508704    ,1.22815     ,1.14475     ,0.0505442  ,0.647431    ,0.442557   ,0.605832  ,0.990375    ,0.735269    ,0.0802392  ,0.891853     ,0.631032    ,0.528589    ,0.920946    ,0.886416    ,0.14594     ,1.71763     ,1.31899     ,nan          ,nan          ,nan         ,-0.0231207   ,-0.158626    ,-0.118037    ,nan          ,nan          ,nan         ,-0.0168842   ,-0.124753    ,-0.116171    ,nan          ,nan          ,nan          ,0.00129495   ,-0.125979    ,-0.142205   ,-0.0106863  ,0.0302353    ,-0.00115557  ,0.0180235    ,-0.0017449   ,0.0195557    ,       1 ,       0 ,       1 ,       0 ,       1 ,       0
13.0669  ,0.1  , 2.51  ,     0 ,0.294422 ,-0        ,         0 ,-0       ,2.975   ,-0.275    ,0.0713725   ,2.56619 ,-0.303352 ,0.15285     ,2.275    ,-0.275    ,0.105686    ,2.87522 ,0.257566  ,0.131053    ,2.675   ,0.325     ,0.105686    ,2.18519  ,0.272138 ,0.0511868   ,0.491253    ,1.24316     ,1.14256     ,0.0164322  ,0.336576    ,0.212686   ,0.585062  ,1.01167     ,0.742341    ,0.0652341  ,0.743537     ,0.497323    ,0.510785    ,0.93713     ,0.882342    ,0.151388    ,1.54746     ,1.13145     ,nan          ,nan          ,nan         ,-0.00971384  ,-0.138657    ,-0.101914    ,nan          ,nan          ,nan         ,-0.00710532  ,-0.110658    ,-0.0962207   ,nan          ,nan          ,nan          ,0.0065338    ,-0.121417    ,-0.130607   ,-0.0106863  ,0.0477418    ,-0.00115557  ,0.0350188    ,-0.0017449   ,0.0328113    ,       1 ,       0 ,       1 ,       0 ,       1 ,       0
13.1068  ,0.15 , 2.515 ,     0 ,0.295897 ,-0        ,         0 ,-0       ,2.975   ,-0.275    ,0.0713725   ,2.56985 ,-0.286374 ,0.159847    ,2.275    ,-0.275    ,0.105686    ,2.8791  ,0.249412  ,0.142012    ,2.675   ,0.325     ,0.105686    ,2.1919   ,0.268508 ,0.0745085   ,0.473401    ,1.25858     ,1.14105     ,0.00916987 ,0.0689384   ,0.0168737  ,0.563828  ,1.03264     ,0.74986     ,0.061899   ,0.61301      ,0.388149    ,0.492546    ,0.954002    ,0.879068    ,0.163632    ,1.38437     ,0.960074    ,nan          ,nan          ,nan         ,0.00257702   ,-0.117261    ,-0.0854401   ,nan          ,nan          ,nan         ,0.00163914   ,-0.0965158   ,-0.0772281   ,nan          ,nan          ,nan          ,0.0111829    ,-0.115678    ,-0.118687   ,-0.0106863  ,0.054499     ,-0.00115557  ,0.0418197    ,-0.0017449   ,0.0443597    ,       1 ,       0 ,       1 ,       0 ,       1 ,       0
13.147   ,0.2  , 2.52  ,     0 ,0.297373 ,-0        ,         0 ,-0       ,2.975   ,-0.275    ,0.0713725   ,2.57698 ,-0.270718 ,0.159816    ,2.275    ,-0.275    ,0.105686    ,2.88486 ,0.242628  ,0.149916    ,2.675   ,0.325     ,0.105686    ,2.19938  ,0.263681 ,0.0953785   ,0.455145    ,1.27439     ,1.1402      ,0.026425   ,-0.152499   ,-0.144148  ,0.542136  ,1.05323     ,0.757797    ,0.0689304  ,0.500332     ,0.302302    ,0.473865    ,0.97152     ,0.876584    ,0.181862    ,1.22998     ,0.805303    ,nan          ,nan          ,nan         ,0.0137518    ,-0.0944391   ,-0.068616    ,nan          ,nan          ,nan         ,0.00934919   ,-0.0823277   ,-0.0591937   ,nan          ,nan          ,nan          ,0.0152424    ,-0.108762    ,-0.106445   ,-0.0106863  ,0.0540001    ,-0.00115557  ,0.0493904    ,-0.0017449   ,0.0370689    ,       1 ,       0 ,       1 ,       0 ,       1 ,       0
13.1867  ,0.25 , 2.525 ,     0 ,0.298848 ,-0        ,         0 ,-0       ,2.975   ,-0.275    ,0.0713725   ,2.58637 ,-0.257503 ,0.156349    ,2.275    ,-0.275    ,0.105686    ,2.89213 ,0.237586  ,0.155474    ,2.675   ,0.325     ,0.105686    ,2.20743  ,0.258079 ,0.113392    ,0.436481    ,1.29054     ,1.14002     ,0.0658654  ,-0.324756   ,-0.269648  ,0.519996  ,1.07339     ,0.766122    ,0.0850249  ,0.40556      ,0.238575    ,0.454735    ,0.989637    ,0.874879    ,0.205267    ,1.0859      ,0.667581    ,nan          ,nan          ,nan         ,0.0238106    ,-0.0701904   ,-0.0514415   ,nan          ,nan          ,nan         ,0.0160248    ,-0.0680932   ,-0.0421176   ,nan          ,nan          ,nan          ,0.0187122    ,-0.100668    ,-0.0938818  ,-0.0106863  ,0.0499164    ,-0.00115557  ,0.0544045    ,-0.0017449   ,0.0384599    ,       1 ,       0 ,       1 ,       0 ,       1 ,       0
13.2265  ,0.3  , 2.53  ,     0 ,0.300324 ,-0        ,         0 ,-0       ,2.975   ,-0.275    ,0.0713725   ,2.59731 ,-0.246394 ,0.152472    ,2.275    ,-0.275    ,0.105686    ,2.9007  ,0.23443   ,0.159354    ,2.675   ,0.325     ,0.105686    ,2.21589  ,0.252218 ,0.128386    ,0.417405    ,1.307       ,1.14048     ,0.125159   ,-0.444851   ,-0.358893  ,0.497423  ,1.09307     ,0.77481     ,0.108879   ,0.328753     ,0.195761    ,0.435154    ,1.0083      ,0.873941    ,0.233035    ,0.953761    ,0.547349    ,nan          ,nan          ,nan         ,0.0327534    ,-0.0445151   ,-0.0339168   ,nan          ,nan          ,nan         ,0.021666     ,-0.0538124   ,-0.0259997   ,nan          ,nan          ,nan          ,0.0215922    ,-0.0913959   ,-0.0809967  ,-0.0106863  ,0.0453209    ,-0.00115557  ,0.059508     ,-0.0017449   ,0.0398505    ,       1 ,       0 ,       1 ,       0 ,       1 ,       0
13.2665  ,0.35 , 2.535 ,     0 ,0.301799 ,-0        ,         0 ,-0       ,2.975   ,-0.275    ,0.0713725   ,2.60936 ,-0.236442 ,0.15034     ,2.275    ,-0.275    ,0.105686    ,2.91048 ,0.233128  ,0.162132    ,2.675   ,0.325     ,0.105686    ,2.22468  ,0.246628 ,0.140412    ,0.397915    ,1.32374     ,1.14157     ,0.201974   ,-0.509804   ,-0.411152  ,0.47443   ,1.11222     ,0.783834    ,0.13919    ,0.26997      ,0.172653    ,0.415116    ,1.02746     ,0.873753    ,0.264358    ,0.835175    ,0.445051    ,nan          ,nan          ,nan         ,0.0405801    ,-0.0174133   ,-0.0160416   ,nan          ,nan          ,nan         ,0.0262729    ,-0.0394852   ,-0.01084     ,nan          ,nan          ,nan          ,0.0238826    ,-0.0809465   ,-0.0677898  ,-0.0106863  ,0.0446541    ,-0.00115557  ,0.0604753    ,-0.0017449   ,0.0452354    ,       1 ,       0 ,       1 ,       0 ,       1 ,       0
13.3065  ,0.4  , 2.54  ,     0 ,0.303275 ,-0        ,         0 ,-0       ,2.975   ,-0.275    ,0.0713725   ,2.62215 ,-0.226819 ,0.151187    ,2.275    ,-0.275    ,0.105686    ,2.92142 ,0.233526  ,0.164252    ,2.675   ,0.325     ,0.105686    ,2.23379  ,0.241797 ,0.149692    ,0.378011    ,1.34071     ,1.14328     ,0.293672   ,-0.51714    ,-0.425788  ,0.451034  ,1.13082     ,0.793172    ,0.174654   ,0.229268     ,0.168042    ,0.394618    ,1.04707     ,0.874298    ,0.298423    ,0.731762    ,0.361128    ,nan          ,nan          ,nan         ,0.0466511    ,0.0100509    ,0.00198164   ,nan          ,nan          ,nan         ,0.0298453    ,-0.0251116   ,0.00336151   ,nan          ,nan          ,nan          ,0.0255832    ,-0.0693195   ,-0.0542613  ,-0.0106863  ,0.0455005    ,-0.00115557  ,0.0606101    ,-0.0017449   ,0.0500587    ,       1 ,       0 ,       1 ,       0 ,       1 ,       0
13.3469  ,0.45 , 2.545 ,     0 ,0.30475  ,-0        ,         0 ,-0       ,2.975   ,-0.275    ,0.0713725   ,2.63534 ,-0.217855 ,0.155119    ,2.275    ,-0.275    ,0.105686    ,2.93352 ,0.23539   ,0.166005    ,2.675   ,0.325     ,0.105686    ,2.2433   ,0.238117 ,0.156562    ,0.357691    ,1.35787     ,1.14558     ,0.394294   ,-0.469917   ,-0.403217  ,0.427256  ,1.14883     ,0.802801    ,0.213967   ,0.206707     ,0.180721    ,0.37366     ,1.06705     ,0.875556    ,0.334421    ,0.645141    ,0.296023    ,nan          ,nan          ,nan         ,0.0490129    ,0.0346276    ,0.0195355    ,nan          ,nan          ,nan         ,0.0323833    ,-0.0106916   ,0.0166048    ,nan          ,nan          ,nan          ,0.0266942    ,-0.056515    ,-0.0404111  ,-0.0106863  ,0.0494325    ,-0.00115557  ,0.0601546    ,-0.0017449   ,0.0531297    ,       1 ,       0 ,       1 ,       0 ,       1 ,       0
13.3869  ,0.5  , 2.55  ,     0 ,0.306225 ,-0        ,         0 ,-0       ,2.975   ,-0.275    ,0.0713725   ,2.64911 ,-0.210773 ,0.16126     ,2.275    ,-0.275    ,0.105686    ,2.94675 ,0.238447  ,0.167523    ,2.675   ,0.325     ,0.105686    ,2.25331  ,0.235866 ,0.161404    ,0.336959    ,1.37519     ,1.14847     ,0.495833   ,-0.37459    ,-0.344501  ,0.403117  ,1.16623     ,0.812704    ,0.255826   ,0.202345     ,0.209484    ,0.35224     ,1.08735     ,0.877507    ,0.371541    ,0.57693     ,0.250177    ,nan          ,nan          ,nan         ,0.0475299    ,0.0560911    ,0.036577     ,nan          ,nan          ,nan         ,0.0338869    ,0.00377473   ,0.0288898    ,nan          ,nan          ,nan          ,0.0272155    ,-0.0425328   ,-0.0262392  ,-0.0106863  ,0.0555739    ,-0.00115557  ,0.0592409    ,-0.0017449   ,0.0578546    ,       1 ,       0 ,       1 ,       0 ,       1 ,       0
13.4267  ,0.55 , 2.555 ,     0 ,0.307701 ,-0        ,         0 ,-0       ,2.975   ,-0.275    ,0.0713725   ,2.66421 ,-0.206891 ,0.168011    ,2.275    ,-0.275    ,0.105686    ,2.96103 ,0.242412  ,0.168775    ,2.675   ,0.325     ,0.105686    ,2.26395  ,0.235201 ,0.16458     ,0.315815    ,1.39262     ,1.15192     ,0.590257   ,-0.237665   ,-0.250708  ,0.378641  ,1.183       ,0.822864    ,0.298928   ,0.216239     ,0.253122    ,0.33036     ,1.1079      ,0.880127    ,0.408972    ,0.528748    ,0.224033    ,nan          ,nan          ,nan         ,0.0422021    ,0.0744414    ,0.0531063    ,nan          ,nan          ,nan         ,0.0343537    ,0.0182878    ,0.0402158    ,nan          ,nan          ,nan          ,0.0271471    ,-0.0273733   ,-0.011746   ,-0.0106863  ,0.0623244    ,-0.00115557  ,0.0628628    ,-0.0017449   ,0.0602889    ,       1 ,       0 ,       1 ,       0 ,       1 ,       0
13.4668  ,0.6  , 2.56  ,     0 ,0.309176 ,-0        ,         0 ,-0       ,2.975   ,-0.275    ,0.0713725   ,2.6815  ,-0.207306 ,0.173221    ,2.275    ,-0.275    ,0.105686    ,2.97624 ,0.247017  ,0.169574    ,2.675   ,0.325     ,0.105686    ,2.27535  ,0.23617  ,0.166374    ,0.294263    ,1.41013     ,1.15591     ,0.66953    ,-0.0656462  ,-0.122911  ,0.353855  ,1.19913     ,0.833266    ,0.341961   ,0.248451     ,0.310426    ,0.308023    ,1.12865     ,0.883392    ,0.445904    ,0.502215    ,0.218032    ,nan          ,nan          ,nan         ,0.0330369    ,0.0896814    ,0.0691226    ,nan          ,nan          ,nan         ,0.0337764    ,0.032849     ,0.0505798    ,nan          ,nan          ,nan          ,0.0264891    ,-0.0110364   ,0.00306854  ,-0.0106863  ,0.0675347    ,-0.00115557  ,0.0623611    ,-0.0017449   ,0.0613976    ,       1 ,       0 ,       1 ,       0 ,       1 ,       0
13.5068  ,0.65 , 2.565 ,     0 ,0.310652 ,-0        ,         0 ,-0       ,2.975   ,-0.275    ,0.0713725   ,2.70129 ,-0.212691 ,0.174513    ,2.275    ,-0.275    ,0.105686    ,2.99212 ,0.252016  ,0.16959     ,2.675   ,0.325     ,0.105686    ,2.28758  ,0.238726 ,0.166927    ,0.27231     ,1.42767     ,1.16044     ,0.727092   ,0.135499    ,0.0377015  ,0.328786  ,1.2146      ,0.843897    ,0.383607   ,0.29904      ,0.380182    ,0.285233    ,1.14953     ,0.887277    ,0.481526    ,0.498947    ,0.232616    ,nan          ,nan          ,nan         ,0.0219979    ,0.10253      ,0.0844677    ,nan          ,nan          ,nan         ,0.0321544    ,0.0474584    ,0.0599816    ,nan          ,nan          ,nan          ,0.0252416    ,0.00647783   ,0.0182043   ,-0.0106863  ,0.0672699    ,-0.00115557  ,0.0639037    ,-0.0017449   ,0.0613165    ,       1 ,       0 ,       1 ,       0 ,       1 ,       0
13.5468  ,0.7  , 2.57  ,     0 ,0.312127 ,-0        ,         0 ,-0       ,2.975   ,-0.275    ,0.0713725   ,2.72285 ,-0.222868 ,0.169685    ,2.275    ,-0.275    ,0.105686    ,3.00833 ,0.257191  ,0.16837     ,2.675   ,0.325     ,0.105686    ,2.30063  ,0.242747 ,0.166199    ,0.249963    ,1.4452      ,1.16547     ,0.761223   ,0.361578    ,0.22955    ,0.303465  ,1.22943     ,0.854749    ,0.422552   ,0.368069     ,0.461178    ,0.261997    ,1.17048     ,0.891754    ,0.515028    ,0.520563    ,0.268227    ,nan          ,nan          ,nan         ,0.0106111    ,0.113545     ,0.0990185    ,nan          ,nan          ,nan         ,0.0294876    ,0.062116     ,0.0684212    ,nan          ,nan          ,nan          ,0.0234044    ,0.0251694    ,0.0336614   ,-0.0106863  ,0.0638578    ,-0.00115557  ,0.0626833    ,-0.0017449   ,0.0605127    ,       1 ,       0 ,       1 ,       0 ,       1 ,       0
13.5867  ,0.75 , 2.575 ,     0 ,0.313603 ,-0        ,         0 ,-0       ,2.975   ,-0.275    ,0.0713725   ,2.74431 ,-0.23743  ,0.157076    ,2.275    ,-0.275    ,0.105686    ,3.0244  ,0.262329  ,0.165369    ,2.675   ,0.325     ,0.105686    ,2.31442  ,0.24803  ,0.163924    ,0.227229    ,1.46269     ,1.171       ,0.771197   ,0.60876     ,0.450975   ,0.277923  ,1.2436      ,0.865812    ,0.457479   ,0.455596     ,0.552202    ,0.238323    ,1.19143     ,0.896797    ,0.5456      ,0.568682    ,0.325306    ,nan          ,nan          ,nan         ,-0.00112328  ,0.122728     ,0.112775     ,nan          ,nan          ,nan         ,0.0257761    ,0.0768218    ,0.0758986    ,nan          ,nan          ,nan          ,0.0209776    ,0.0450383    ,0.0494397   ,-0.0106863  ,0.0526575    ,-0.00115557  ,0.0596824    ,-0.0017449   ,0.0582376    ,       1 ,       0 ,       1 ,       0 ,       1 ,       0
13.627   ,0.8  , 2.58  ,     0 ,0.315078 ,-0        ,         0 ,-0       ,2.975   ,-0.275    ,0.0713725   ,2.76283 ,-0.255813 ,0.13599     ,2.275    ,-0.275    ,0.105686    ,3.03969 ,0.267193  ,0.159996    ,2.675   ,0.325     ,0.105686    ,2.32865  ,0.254275 ,0.159596    ,0.204121    ,1.48009     ,1.17699     ,0.756347   ,0.873208    ,0.70031    ,0.252194  ,1.25713     ,0.877082    ,0.48707    ,0.561683     ,0.652041    ,0.214221    ,1.21232     ,0.902377    ,0.57243     ,0.644922    ,0.404294    ,nan          ,nan          ,nan         ,-0.01296     ,0.130047     ,0.125715     ,nan          ,nan          ,nan         ,0.0210198    ,0.0915757    ,0.0824138    ,nan          ,nan          ,nan          ,0.0179612    ,0.0660846    ,0.0655393   ,-0.0106863  ,0.0355037    ,-0.00115557  ,0.0543095    ,-0.0017449   ,0.0523092    ,       1 ,       0 ,       1 ,       0 ,       1 ,       0
13.6671  ,0.85 , 2.585 ,     0 ,0.316554 ,-0        ,         0 ,-0       ,2.975   ,-0.275    ,0.0713725   ,2.77563 ,-0.276499 ,0.107066    ,2.275    ,-0.275    ,0.105686    ,3.05341 ,0.271471  ,0.151677    ,2.675   ,0.325     ,0.105686    ,2.34285  ,0.261022 ,0.152481    ,0.18065     ,1.49737     ,1.18343     ,0.719153   ,1.1507      ,0.975606   ,0.226311  ,1.27003     ,0.888556    ,0.510011   ,0.686391     ,0.759484    ,0.189705    ,1.23308     ,0.908466    ,0.594709    ,0.750902    ,0.505634    ,nan          ,nan          ,nan         ,-0.0220424   ,0.135151     ,0.13758      ,nan          ,nan          ,nan         ,0.0152188    ,0.106378     ,0.0879669    ,nan          ,nan          ,nan          ,0.0143551    ,0.0883082    ,0.0819602   ,-0.0106863  ,0.0273343    ,-0.00115557  ,0.0443419    ,-0.0017449   ,0.0447051    ,       1 ,       0 ,       1 ,       0 ,       1 ,       0
13.7067  ,0.9  , 2.59  ,     0 ,0.318029 ,-0        ,         0 ,-0       ,2.975   ,-0.275    ,0.0713725   ,2.78134 ,-0.29663  ,0.0724241   ,2.275    ,-0.275    ,0.105686    ,3.0646  ,0.274708  ,0.139948    ,2.675   ,0.325     ,0.105686    ,2.35619  ,0.267557 ,0.141682    ,0.156831    ,1.5145      ,1.1903      ,0.666714   ,1.43643     ,1.27449    ,0.200311  ,1.28232     ,0.900231    ,0.524984   ,0.82978      ,0.873318    ,0.164791    ,1.25368     ,0.915036    ,0.611625    ,0.88824     ,0.629767    ,nan          ,nan          ,nan         ,-0.0275518   ,0.137938     ,0.148296     ,nan          ,nan          ,nan         ,0.00837306   ,0.121228     ,0.0925577    ,nan          ,nan          ,nan          ,0.0101595    ,0.111709     ,0.0987023   ,-0.0106863  ,0.0353583    ,-0.00115557  ,0.0335603    ,-0.0017449   ,0.0359954    ,       1 ,       1 ,       1 ,       1 ,       1 ,       1
13.7467  ,0.95 , 2.595 ,     0 ,0.319505 ,-0        ,         0 ,-0       ,2.975   ,-0.275    ,0.0713725   ,2.78039 ,-0.313383 ,0.0353969   ,2.275    ,-0.275    ,0.105686    ,3.07218 ,0.276219  ,0.124571    ,2.675   ,0.325     ,0.105686    ,2.36746  ,0.272774 ,0.126293    ,0.13268     ,1.53143     ,1.19759     ,0.606496   ,1.72556     ,1.59458    ,0.174228  ,1.294       ,0.912108    ,0.530672   ,0.991912     ,0.99233     ,0.139495    ,1.27403     ,0.922058    ,0.622369    ,1.05855     ,0.777135    ,nan          ,nan          ,nan         ,-0.0294881   ,0.138408     ,0.157862     ,nan          ,nan          ,nan         ,0.00048258   ,0.136127     ,0.0961864    ,nan          ,nan          ,nan          ,0.00537427   ,0.136288     ,0.115766    ,-0.0106863  ,0.0240458    ,-0.00115557  ,0.0135198    ,-0.0017449   ,0.0206067    ,       1 ,       1 ,       1 ,       1 ,       1 ,       1
13.7934  ,0    , 2.6   ,     0 ,0.32098  ,-0        ,         0 ,-0       ,2.975   ,-0.274998 ,0.0713741   ,2.775   ,-0.325    ,0           ,2.275    ,-0.274998 ,0.105688    ,3.075   ,0.275     ,0.105686    ,2.675   ,0.324998  ,0.105688    ,2.375    ,0.275    ,0.105686    ,0.108217    ,1.54814     ,1.20526     ,0.545964   ,2.01326     ,1.93345    ,0.148098  ,1.30512     ,0.92419     ,0.525761   ,1.17285      ,1.11531     ,0.113838    ,1.2941      ,0.929505    ,0.62613     ,1.26346     ,0.948179    ,-0.0476615   ,-0.032562    ,-0.0985868  ,nan          ,nan          ,nan          ,-0.00807516  ,-0.161184    ,-0.134691   ,nan          ,nan          ,nan          ,0.00430345   ,-0.123622    ,-0.135705    ,nan          ,nan          ,nan         ,-0.0106854  ,0            ,-0.00115409  ,-0.00115606  ,-0.00174313  ,8.60177e-09  ,       1 ,       1 ,       1 ,       1 ,       1 ,       1
13.8268  ,0.05 , 2.605 ,     0 ,0.321049 ,-0        ,         0 ,-0       ,2.96963 ,-0.26389  ,0.0829625   ,2.775   ,-0.325    ,0           ,2.27876  ,-0.270936 ,0.130685    ,3.075   ,0.275     ,0.105686    ,2.68046 ,0.316173  ,0.12379     ,2.375    ,0.275    ,0.105686    ,0.0599168   ,1.50277     ,1.0938      ,0.528589   ,2.01631     ,1.92214    ,0.144731  ,1.07591     ,0.727359    ,0.508704   ,1.17533      ,1.10263     ,0.121774    ,1.15293     ,0.778885    ,0.605832    ,1.26946     ,0.944925    ,-0.0326992   ,-0.0423819   ,-0.0863999  ,nan          ,nan          ,nan          ,0.00350727   ,-0.132834    ,-0.117539   ,nan          ,nan          ,nan          ,0.00904011   ,-0.115248    ,-0.11931     ,nan          ,nan          ,nan         ,0.018318    ,1.06668e-17  ,0.0247518    ,-0.00115606  ,0.0135123    ,8.60177e-09  ,       0 ,       1 ,       0 ,       1 ,       0 ,       1
13.8667  ,0.1  , 2.61  ,     0 ,0.321118 ,-0        ,         0 ,-0       ,2.96861 ,-0.256474 ,0.0942407   ,2.775   ,-0.325    ,0           ,2.28479  ,-0.261542 ,0.149615    ,3.075   ,0.275     ,0.105686    ,2.6867  ,0.307218  ,0.138964    ,2.375    ,0.275    ,0.105686    ,0.0288254   ,1.44672     ,0.996781    ,0.510785   ,2.01971     ,1.91148    ,0.158255  ,0.889595    ,0.557333    ,0.491253   ,1.17823      ,1.0905      ,0.134987    ,1.02199     ,0.647433    ,0.585062    ,1.27527     ,0.942014    ,-0.0191109   ,-0.0502911   ,-0.0746285  ,nan          ,nan          ,nan          ,0.0135697    ,-0.106216    ,-0.100342   ,nan          ,nan          ,nan          ,0.0132356    ,-0.106298    ,-0.103259    ,nan          ,nan          ,nan         ,0.0291692   ,0            ,0.0432861    ,-0.00115606  ,0.034445     ,8.60177e-09  ,       0 ,       1 ,       0 ,       1 ,       0 ,       1
13.9067  ,0.15 , 2.615 ,     0 ,0.321186 ,-0        ,         0 ,-0       ,2.97079 ,-0.252183 ,0.1045      ,2.775   ,-0.325    ,0           ,2.29261  ,-0.250047 ,0.163292    ,3.075   ,0.275     ,0.105686    ,2.69356 ,0.298575  ,0.151208    ,2.375    ,0.275    ,0.105686    ,0.0132869   ,1.38229     ,0.913701    ,0.492546   ,2.02343     ,1.90144    ,0.186296  ,0.743473    ,0.41418     ,0.473401   ,1.18153      ,1.07891     ,0.152838    ,0.901963    ,0.534742    ,0.563828    ,1.28087     ,0.939432    ,-0.0068967   ,-0.0562898   ,-0.0632725  ,nan          ,nan          ,nan          ,0.022112     ,-0.0813278   ,-0.0830997  ,nan          ,nan          ,nan          ,0.01689      ,-0.096774    ,-0.0875523   ,nan          ,nan          ,nan         ,0.0370085   ,0            ,0.0564494    ,-0.00115606  ,0.0416658    ,8.60177e-09  ,       0 ,       1 ,       0 ,       1 ,       0 ,       1
13.9471  ,0.2  , 2.62  ,     0 ,0.321255 ,-0        ,         0 ,-0       ,2.97549 ,-0.250422 ,0.113414    ,2.775   ,-0.325    ,0           ,2.30164  ,-0.238575 ,0.172911    ,3.075   ,0.275     ,0.105686    ,2.70092 ,0.290654  ,0.160688    ,2.375    ,0.275    ,0.105686    ,0.0116448   ,1.31177     ,0.84406     ,0.473865   ,2.02744     ,1.89201    ,0.226483  ,0.634842    ,0.297973    ,0.455145   ,1.18521      ,1.06787     ,0.174686    ,0.793531    ,0.440405    ,0.542136    ,1.28621     ,0.937162    ,0.00394352   ,-0.0603779   ,-0.0523319  ,nan          ,nan          ,nan          ,0.0291344    ,-0.058171    ,-0.0658116  ,nan          ,nan          ,nan          ,0.0200032    ,-0.0866747   ,-0.0721904   ,nan          ,nan          ,nan         ,0.0420643   ,-1.06668e-17 ,0.0656904    ,-0.00115606  ,0.0519358    ,8.60177e-09  ,       0 ,       1 ,       0 ,       1 ,       0 ,       1
13.9868  ,0.25 , 2.625 ,     0 ,0.321324 ,-0        ,         0 ,-0       ,2.98231 ,-0.250665 ,0.12091     ,2.775   ,-0.325    ,0           ,2.3115   ,-0.228439 ,0.179585    ,3.075   ,0.275     ,0.105686    ,2.70872 ,0.283801  ,0.167689    ,2.375    ,0.275    ,0.105686    ,0.0222428   ,1.23748     ,0.787358    ,0.454735   ,2.03173     ,1.88317    ,0.276444  ,0.561       ,0.208783    ,0.436481   ,1.18927      ,1.05736     ,0.199893    ,0.697372    ,0.364016    ,0.519996    ,1.29127     ,0.935192    ,0.0134097    ,-0.0625554   ,-0.0418067  ,nan          ,nan          ,nan          ,0.0346367    ,-0.0367451   ,-0.0484781  ,nan          ,nan          ,nan          ,0.0225752    ,-0.0760003   ,-0.0571728   ,nan          ,nan          ,nan         ,0.044606    ,0            ,0.0734585    ,-0.00115606  ,0.0599497    ,8.60177e-09  ,       0 ,       1 ,       0 ,       1 ,       0 ,       1
14.0267  ,0.3  , 2.63  ,     0 ,0.321392 ,-0        ,         0 ,-0       ,2.99105 ,-0.252467 ,0.127079    ,2.775   ,-0.325    ,0           ,2.32206  ,-0.2204   ,0.184118    ,3.075   ,0.275     ,0.105686    ,2.71698 ,0.278281  ,0.172568    ,2.375    ,0.275    ,0.105686    ,0.0434244   ,1.16171     ,0.743095    ,0.435154   ,2.03626     ,1.87489    ,0.333806  ,0.519247    ,0.14668     ,0.417405   ,1.19366      ,1.04738     ,0.22782     ,0.614164    ,0.305166    ,0.497423    ,1.29602     ,0.933505    ,0.0215019    ,-0.0628223   ,-0.0316969  ,nan          ,nan          ,nan          ,0.0386189    ,-0.0170502   ,-0.031099   ,nan          ,nan          ,nan          ,0.0246061    ,-0.0647509   ,-0.0424998   ,nan          ,nan          ,nan         ,0.0350484   ,0            ,0.0783359    ,-0.00115606  ,0.0658526    ,8.60177e-09  ,       0 ,       1 ,       0 ,       1 ,       0 ,       1
14.0667  ,0.35 , 2.635 ,     0 ,0.321461 ,-0        ,         0 ,-0       ,3.00157 ,-0.255446 ,0.132108    ,2.775   ,-0.325    ,0           ,2.3334   ,-0.214832 ,0.186944    ,3.075   ,0.275     ,0.105686    ,2.72574 ,0.274271  ,0.175708    ,2.375    ,0.275    ,0.105686    ,0.0735332   ,1.08678     ,0.710768    ,0.415116   ,2.04102     ,1.86716    ,0.396168  ,0.506942    ,0.111679    ,0.397915   ,1.19838      ,1.03793     ,0.257826    ,0.544588    ,0.26345     ,0.47443     ,1.30041     ,0.932091    ,0.0282201    ,-0.0611786   ,-0.0220025  ,nan          ,nan          ,nan          ,0.0410128    ,0.00106244   ,-0.0138114  ,nan          ,nan          ,nan          ,0.0260959    ,-0.0529264   ,-0.0281712   ,nan          ,nan          ,nan         ,0.0292433   ,0            ,0.0815314    ,-0.00115606  ,0.0745422    ,8.60177e-09  ,       0 ,       1 ,       0 ,       1 ,       0 ,       1
14.1072  ,0.4  , 2.64  ,     0 ,0.321529 ,-0        ,         0 ,-0       ,3.0138  ,-0.259252 ,0.136219    ,2.775   ,-0.325    ,0           ,2.34568  ,-0.21173  ,0.188192    ,3.075   ,0.275     ,0.105686    ,2.73507 ,0.271862  ,0.17748     ,2.375    ,0.275    ,0.105686    ,0.110913    ,1.01498     ,0.689878    ,0.394618   ,2.04597     ,1.85997    ,0.460921  ,0.521901    ,0.103374    ,0.378011   ,1.2034       ,1.02899     ,0.289273    ,0.489322    ,0.23846     ,0.451034    ,1.30443     ,0.930935    ,0.0335642    ,-0.0576243   ,-0.0127235  ,nan          ,nan          ,nan          ,0.0416796    ,0.0178948    ,0.00310624  ,nan          ,nan          ,nan          ,0.0270445    ,-0.0405269   ,-0.014187    ,nan          ,nan          ,nan         ,0.0323026   ,0            ,0.083179     ,-0.00115606  ,0.0768676    ,8.60177e-09  ,       0 ,       1 ,       0 ,       1 ,       0 ,       1
14.147   ,0.45 , 2.645 ,     0 ,0.321598 ,-0        ,         0 ,-0       ,3.02762 ,-0.263545 ,0.139632    ,2.775   ,-0.325    ,0           ,2.35903  ,-0.210874 ,0.18773     ,3.075   ,0.275     ,0.105686    ,2.74505 ,0.271063  ,0.178209    ,2.375    ,0.275    ,0.105686    ,0.153907    ,0.948611    ,0.679924    ,0.37366    ,2.05109     ,1.85328    ,0.525363  ,0.562137    ,0.121178    ,0.357691   ,1.20869      ,1.02056     ,0.321521    ,0.449047    ,0.22979     ,0.427256    ,1.30805     ,0.930027    ,0.0375344    ,-0.0521594   ,-0.00385985 ,nan          ,nan          ,nan          ,0.040615     ,0.0334556    ,0.0196458   ,nan          ,nan          ,nan          ,0.0274519    ,-0.0275523   ,-0.000547373 ,nan          ,nan          ,nan         ,0.0345262   ,0            ,0.0852796    ,-0.00115606  ,0.0777729    ,8.60177e-09  ,       0 ,       1 ,       0 ,       1 ,       0 ,       1
14.1871  ,0.5  , 2.65  ,     0 ,0.321667 ,-0        ,         0 ,-0       ,3.04288 ,-0.26799  ,0.142513    ,2.775   ,-0.325    ,0           ,2.37349  ,-0.211951 ,0.185222    ,3.075   ,0.275     ,0.105686    ,2.75574 ,0.271821  ,0.178138    ,2.375    ,0.275    ,0.105686    ,0.200858    ,0.889984    ,0.680405    ,0.35224    ,2.05636     ,1.84708    ,0.586794  ,0.625666    ,0.164499    ,0.336959   ,1.21422      ,1.01263     ,0.35393     ,0.424441    ,0.237031    ,0.403117    ,1.31124     ,0.929356    ,0.0401306    ,-0.0447836   ,0.00458984  ,nan          ,nan          ,nan          ,0.0378192    ,0.0477449    ,0.0358073   ,nan          ,nan          ,nan          ,0.0273182    ,-0.0140027   ,0.0127478    ,nan          ,nan          ,nan         ,0.036113    ,0            ,0.0837735    ,-0.00115606  ,0.0775071    ,8.60177e-09  ,       0 ,       1 ,       0 ,       1 ,       0 ,       1
14.2266  ,0.55 , 2.655 ,     0 ,0.321735 ,-0        ,         0 ,-0       ,3.05934 ,-0.272275 ,0.144938    ,2.775   ,-0.325    ,0           ,2.38893  ,-0.21462  ,0.180201    ,3.075   ,0.275     ,0.105686    ,2.7672  ,0.274035  ,0.177414    ,2.375    ,0.275    ,0.105686    ,0.250115    ,0.841411    ,0.690853    ,0.33036    ,2.06173     ,1.84136    ,0.64251   ,0.710504    ,0.232748    ,0.315815   ,1.21997      ,1.00519     ,0.385862    ,0.416184    ,0.259779    ,0.378641    ,1.314       ,0.928914    ,0.0413594    ,-0.0354779   ,0.0126922   ,nan          ,nan          ,nan          ,0.0332922    ,0.0607628    ,0.0515908   ,nan          ,nan          ,nan          ,0.0266426    ,0.000121534  ,0.0257007    ,nan          ,nan          ,nan         ,0.0392513   ,0            ,0.0798775    ,-0.00115606  ,0.0762354    ,8.60177e-09  ,       0 ,       1 ,       0 ,       1 ,       0 ,       1
14.2665  ,0.6  , 2.66  ,     0 ,0.321804 ,-0        ,         0 ,-0       ,3.07668 ,-0.276138 ,0.146863    ,2.775   ,-0.325    ,0           ,2.40498  ,-0.218574 ,0.172171    ,3.075   ,0.275     ,0.105686    ,2.7794  ,0.277574  ,0.176064    ,2.375    ,0.275    ,0.105686    ,0.300031    ,0.805224    ,0.710882    ,0.308023   ,2.0672      ,1.8361     ,0.689887  ,0.814656    ,0.32531     ,0.294263   ,1.2259       ,0.998234    ,0.416675    ,0.424954    ,0.29763     ,0.353855    ,1.31629     ,0.928694    ,0.0412242    ,-0.0242322   ,0.0204831   ,nan          ,nan          ,nan          ,0.0272495    ,0.0724804    ,0.0669264   ,nan          ,nan          ,nan          ,0.0254244    ,0.0148199    ,0.0383134    ,nan          ,nan          ,nan         ,0.041177    ,0            ,0.0671765    ,-0.00115606  ,0.0740176    ,8.60177e-09  ,       0 ,       1 ,       0 ,       1 ,       0 ,       1
14.3066  ,0.65 , 2.665 ,     0 ,0.321873 ,-0        ,         0 ,-0       ,3.09448 ,-0.279384 ,0.148112    ,2.775   ,-0.325    ,0           ,2.42109  ,-0.223531 ,0.160723    ,3.075   ,0.275     ,0.105686    ,2.79228 ,0.282283  ,0.173982    ,2.375    ,0.275    ,0.105686    ,0.348961    ,0.783765    ,0.740114    ,0.285233   ,2.07273     ,1.83127    ,0.727123  ,0.936018    ,0.441303    ,0.27231    ,1.23198      ,0.991743    ,0.445728    ,0.45143     ,0.350182    ,0.328786    ,1.31811     ,0.928689    ,0.0397249    ,-0.0110466   ,0.0279627   ,nan          ,nan          ,nan          ,0.0203291    ,0.0828126    ,0.0816072   ,nan          ,nan          ,nan          ,0.0236635    ,0.0300924    ,0.0505858    ,nan          ,nan          ,nan         ,0.0424254   ,0            ,0.0635978    ,-0.00115606  ,0.0651664    ,8.60177e-09  ,       0 ,       1 ,       0 ,       1 ,       0 ,       1
14.3471  ,0.7  , 2.67  ,     0 ,0.321941 ,-0        ,         0 ,-0       ,3.11221 ,-0.281891 ,0.148362    ,2.775   ,-0.325    ,0           ,2.43655  ,-0.229272 ,0.145624    ,3.075   ,0.275     ,0.105686    ,2.8057  ,0.287985  ,0.17093     ,2.375    ,0.275    ,0.105686    ,0.395262    ,0.77937     ,0.778176    ,0.261997   ,2.0783      ,1.82686    ,0.752907  ,1.07242     ,0.579687    ,0.249963   ,1.23818      ,0.985709    ,0.47238     ,0.496291    ,0.417033    ,0.303465    ,1.31945     ,0.928894    ,0.0368616    ,0.00407896   ,0.0351308   ,nan          ,nan          ,nan          ,0.0125731    ,0.0917538    ,0.0956198   ,nan          ,nan          ,nan          ,0.02136      ,0.0459391    ,0.062518     ,nan          ,nan          ,nan         ,0.0418355   ,0            ,0.0569315    ,-0.00115606  ,0.0635982    ,8.60177e-09  ,       0 ,       1 ,       0 ,       1 ,       0 ,       1
14.3866  ,0.75 , 2.675 ,     0 ,0.32201  ,-0        ,         0 ,-0       ,3.12924 ,-0.283607 ,0.147155    ,2.775   ,-0.325    ,0           ,2.45051  ,-0.235683 ,0.126883    ,3.075   ,0.275     ,0.105686    ,2.81942 ,0.294477  ,0.166534    ,2.375    ,0.275    ,0.105686    ,0.437289    ,0.794379    ,0.824692    ,0.238323   ,2.08387     ,1.82284    ,0.765934  ,1.22169     ,0.739418    ,0.227229   ,1.24446      ,0.980118    ,0.495989    ,0.560214    ,0.497782    ,0.277923    ,1.3203      ,0.929308    ,0.0326343    ,0.0211445    ,0.0419875   ,nan          ,nan          ,nan          ,0.00398131   ,0.099304     ,0.108964    ,nan          ,nan          ,nan          ,0.0185139    ,0.06236      ,0.07411      ,nan          ,nan          ,nan         ,0.0417473   ,0            ,0.0670442    ,-0.00115606  ,0.0591737    ,8.60177e-09  ,       0 ,       1 ,       0 ,       1 ,       0 ,       1
14.427   ,0.8  , 2.68  ,     0 ,0.322078 ,-0        ,         0 ,-0       ,3.14487 ,-0.28451  ,0.143917    ,2.775   ,-0.325    ,0           ,2.46204  ,-0.242735 ,0.104808    ,3.075   ,0.275     ,0.105686    ,2.8331  ,0.301495  ,0.160305    ,2.375    ,0.275    ,0.105686    ,0.473397    ,0.83113     ,0.879286    ,0.214221   ,2.08942     ,1.81921    ,0.764924  ,1.38166     ,0.919455    ,0.204121   ,1.25078      ,0.974958    ,0.515915    ,0.643877    ,0.592026    ,0.252194    ,1.32066     ,0.92993     ,0.027043     ,0.04015      ,0.0485329   ,nan          ,nan          ,nan          ,-0.00532741  ,0.105479     ,0.121647    ,nan          ,nan          ,nan          ,0.0151251    ,0.079355     ,0.0853618    ,nan          ,nan          ,nan         ,0.0395354   ,0            ,0.0409229    ,-0.00115606  ,0.0561621    ,8.60177e-09  ,       0 ,       1 ,       0 ,       1 ,       0 ,       1
14.4671  ,0.85 , 2.685 ,     0 ,0.322147 ,-0        ,         0 ,-0       ,3.15828 ,-0.284533 ,0.138002    ,2.775   ,-0.325    ,0           ,2.47047  ,-0.25036  ,0.0800201   ,3.075   ,0.275     ,0.105686    ,2.84624 ,0.308685  ,0.151665    ,2.375    ,0.275    ,0.105686    ,0.501943    ,0.891963    ,0.941583    ,0.189705   ,2.09493     ,1.81595    ,0.749541  ,1.55029     ,1.11881     ,0.18065    ,1.25711      ,0.970214    ,0.531517    ,0.747961    ,0.699364    ,0.226311    ,1.32054     ,0.930759    ,0.0200877    ,0.0610954    ,0.0547668   ,nan          ,nan          ,nan          ,-0.0142849   ,0.110425     ,0.133732    ,nan          ,nan          ,nan          ,0.0111937    ,0.0969241    ,0.0962734    ,nan          ,nan          ,nan         ,0.037871    ,0            ,0.0340731    ,-0.00115606  ,0.0470502    ,8.60177e-09  ,       0 ,       1 ,       0 ,       1 ,       0 ,       1
14.5069  ,0.9  , 2.69  ,     0 ,0.322216 ,-0        ,         0 ,-0       ,3.16852 ,-0.283435 ,0.128776    ,2.775   ,-0.325    ,0           ,2.47545  ,-0.258377 ,0.0534466   ,3.075   ,0.275     ,0.105686    ,2.8582  ,0.315537  ,0.14001     ,2.375    ,0.275    ,0.105686    ,0.521282    ,0.979215    ,1.01121     ,0.164791   ,2.10035     ,1.81302    ,0.720651  ,1.72571     ,1.33657     ,0.156831   ,1.26341      ,0.965872    ,0.542153    ,0.873142    ,0.819392    ,0.200311    ,1.31994     ,0.931798    ,0.0117683    ,0.0839809    ,0.0606893   ,nan          ,nan          ,nan          ,-0.0226368   ,0.114174     ,0.145233    ,nan          ,nan          ,nan          ,0.00671968   ,0.115067     ,0.106845     ,nan          ,nan          ,nan         ,0.0301729   ,0            ,0.035857     ,-0.00115606  ,0.0349448    ,8.60177e-09  ,       1 ,       1 ,       1 ,       1 ,       1 ,       1
14.5466  ,0.95 , 2.695 ,     0 ,0.322284 ,-0        ,         0 ,-0       ,3.17449 ,-0.280634 ,0.115755    ,2.775   ,-0.325    ,0           ,2.4769   ,-0.266615 ,0.0262949   ,3.075   ,0.275     ,0.105686    ,2.86812 ,0.321321  ,0.124797    ,2.375    ,0.275    ,0.105686    ,0.529769    ,1.09523     ,1.08778     ,0.139495   ,2.10568     ,1.81043    ,0.679199  ,1.90605     ,1.57183     ,0.13268    ,1.26964      ,0.961917    ,0.547182    ,1.0201      ,0.951711    ,0.174228    ,1.31887     ,0.93305     ,0.00208497   ,0.108806     ,0.0663003   ,nan          ,nan          ,nan          ,-0.0303831   ,0.116728     ,0.156151    ,nan          ,nan          ,nan          ,0.00170302   ,0.133785     ,0.117076     ,nan          ,nan          ,nan         ,0.0147047   ,0            ,0.0222567    ,-0.00115606  ,0.014389     ,8.60177e-09  ,       1 ,       1 ,       1 ,       1 ,       1 ,       1
14.603   ,0    , 2.7   ,     0 ,0.322353 ,-0        ,         0 ,-0       ,3.175   ,-0.275    ,0.0988235   ,2.775   ,-0.324999 ,1.32896e-06 ,2.475    ,-0.275    ,0           ,3.075   ,0.274998  ,0.105688    ,2.875   ,0.325     ,0.105686    ,2.375    ,0.274998 ,0.105688    ,0.525761    ,1.24233     ,1.17094     ,0.113838   ,2.11087     ,1.80814    ,0.62613   ,2.08944     ,1.82367     ,0.108217   ,1.27577      ,0.958333    ,0.545964    ,1.18951     ,1.09592     ,0.148098    ,1.31735     ,0.934523    ,nan          ,nan          ,nan         ,0.0310834    ,-0.120789    ,-0.165977    ,nan          ,nan          ,nan         ,0.0179084    ,-0.166526    ,-0.120887    ,nan          ,nan          ,nan          ,6.32387e-07  ,-0.159687    ,-0.1355     ,0.000283781 ,1.4455e-06   ,0            ,-0.00115473  ,-0.00115233  ,1.67305e-06  ,       1 ,       1 ,       1 ,       1 ,       1 ,       1
14.6265  ,0.05 , 2.705 ,     0 ,0.321701 ,-0        ,         0 ,-0       ,3.175   ,-0.275    ,0.0988235   ,2.78726 ,-0.319656 ,0.0238695   ,2.475    ,-0.275    ,0           ,3.08517 ,0.274968  ,0.12613     ,2.875   ,0.325     ,0.105686    ,2.38065  ,0.272569 ,0.126265    ,0.508704    ,1.23911     ,1.15366     ,0.1552     ,1.93617     ,1.57861    ,0.605832  ,2.08827     ,1.8141      ,0.133515   ,1.06852      ,0.806804    ,0.528589    ,1.18693     ,1.07876     ,0.153485    ,1.12418     ,0.76912     ,nan          ,nan          ,nan         ,0.0266344    ,-0.122177    ,-0.153614    ,nan          ,nan          ,nan         ,0.0194905    ,-0.140632    ,-0.103614    ,nan          ,nan          ,nan          ,0.00799707   ,-0.132121    ,-0.114308   ,0.000283781 ,0.0219943    ,-1.11022e-16 ,0.0211095    ,-0.00115233  ,0.0205789    ,       1 ,       0 ,       1 ,       0 ,       1 ,       0
14.6665  ,0.1  , 2.71  ,     0 ,0.321049 ,-0        ,         0 ,-0       ,3.175   ,-0.275    ,0.0988235   ,2.79828 ,-0.315062 ,0.0482001   ,2.475    ,-0.275    ,0           ,3.09504 ,0.270326  ,0.141708    ,2.875   ,0.325     ,0.105686    ,2.38763  ,0.267039 ,0.141786    ,0.491253    ,1.23622     ,1.13689     ,0.190685   ,1.76082     ,1.36698    ,0.585062  ,2.08699     ,1.80486     ,0.160658   ,0.895496     ,0.678374    ,0.510785    ,1.18472     ,1.06211     ,0.16894     ,0.966443    ,0.63111     ,nan          ,nan          ,nan         ,0.0228988    ,-0.121683    ,-0.141064    ,nan          ,nan          ,nan         ,0.0206418    ,-0.115841    ,-0.0866731   ,nan          ,nan          ,nan          ,0.0151956    ,-0.10623     ,-0.0941572  ,0.000283781 ,0.0361908    ,0            ,0.0370303    ,-0.00115233  ,0.0360993    ,       1 ,       0 ,       1 ,       0 ,       1 ,       0
14.7065  ,0.15 , 2.715 ,     0 ,0.320397 ,-0        ,         0 ,-0       ,3.175   ,-0.275    ,0.0988235   ,2.80817 ,-0.310339 ,0.0717681   ,2.475    ,-0.275    ,0           ,3.10457 ,0.263401  ,0.152856    ,2.875   ,0.325     ,0.105686    ,2.39582  ,0.260415 ,0.152909    ,0.473401    ,1.23366     ,1.12061     ,0.221318   ,1.58754     ,1.1735     ,0.563828  ,2.08557     ,1.79593     ,0.189064   ,0.755199     ,0.572593    ,0.492546    ,1.18287     ,1.04596     ,0.193406    ,0.841901    ,0.519113    ,nan          ,nan          ,nan         ,0.0198766    ,-0.119308    ,-0.128329    ,nan          ,nan          ,nan         ,0.0213624    ,-0.0921515   ,-0.0700645   ,nan          ,nan          ,nan          ,0.0215962    ,-0.082014    ,-0.0750481  ,0.000283781 ,0.0401617    ,0            ,0.0493547    ,-0.00115233  ,0.0472229    ,       1 ,       0 ,       1 ,       0 ,       1 ,       0
14.7466  ,0.2  , 2.72  ,     0 ,0.319745 ,-0        ,         0 ,-0       ,3.175   ,-0.275    ,0.0988235   ,2.817   ,-0.305007 ,0.0935623   ,2.475    ,-0.275    ,0           ,3.11378 ,0.25583   ,0.160341    ,2.875   ,0.325     ,0.105686    ,2.40507  ,0.253975 ,0.160486    ,0.455145    ,1.2314      ,1.10481     ,0.248122   ,1.41901     ,0.99845    ,0.542136  ,2.08398     ,1.78729     ,0.218153   ,0.646144     ,0.489015    ,0.473865    ,1.18136     ,1.03031     ,0.225825    ,0.748339    ,0.431749    ,nan          ,nan          ,nan         ,0.0175676    ,-0.115053    ,-0.115406    ,nan          ,nan          ,nan         ,0.0216522    ,-0.0695646   ,-0.0537882   ,nan          ,nan          ,nan          ,0.0271989    ,-0.0594734   ,-0.0569803  ,0.000283781 ,0.0429651    ,0            ,0.055951     ,-0.00115233  ,0.0547997    ,       1 ,       0 ,       1 ,       0 ,       1 ,       0
14.7866  ,0.25 , 2.725 ,     0 ,0.319093 ,-0        ,         0 ,-0       ,3.175   ,-0.275    ,0.0988235   ,2.8249  ,-0.298954 ,0.112821    ,2.475    ,-0.275    ,0           ,3.12278 ,0.248696  ,0.164964    ,2.875   ,0.325     ,0.105686    ,2.4153   ,0.248442 ,0.165312    ,0.436481    ,1.22944     ,1.0895      ,0.272121   ,1.25795     ,0.842091   ,0.519996  ,2.08222     ,1.77893     ,0.247342   ,0.566844     ,0.427189    ,0.454735    ,1.18019     ,1.01515     ,0.265139    ,0.683537    ,0.367637    ,nan          ,nan          ,nan         ,0.0159719    ,-0.108916    ,-0.102298    ,nan          ,nan          ,nan         ,0.0215113    ,-0.0480798   ,-0.0378443   ,nan          ,nan          ,nan          ,0.0320037    ,-0.0386082   ,-0.0399539  ,0.000283781 ,0.0702634    ,0            ,0.0606879    ,-0.00115233  ,0.0574499    ,       1 ,       0 ,       1 ,       0 ,       1 ,       0
14.8267  ,0.3  , 2.73  ,     0 ,0.318441 ,-0        ,         0 ,-0       ,3.175   ,-0.275    ,0.0988235   ,2.83207 ,-0.292371 ,0.129069    ,2.475    ,-0.275    ,0           ,3.13169 ,0.242675  ,0.167404    ,2.875   ,0.325     ,0.105686    ,2.42645  ,0.244145 ,0.168015    ,0.417405    ,1.22775     ,1.07467     ,0.294217   ,1.10691     ,0.704659   ,0.497423  ,2.08024     ,1.77084     ,0.276053   ,0.515808     ,0.386666    ,0.435154    ,1.17932     ,1.00047     ,0.310292    ,0.645275    ,0.325398    ,nan          ,nan          ,nan         ,0.0148337    ,-0.101198    ,-0.0890719   ,nan          ,nan          ,nan         ,0.0209574    ,-0.0277021   ,-0.0222322   ,nan          ,nan          ,nan          ,0.0360105    ,-0.0194182   ,-0.0239689  ,0.000283781 ,0.0759587    ,0            ,0.0633171    ,-0.00115233  ,0.0611673    ,       1 ,       0 ,       1 ,       0 ,       1 ,       0
14.8667  ,0.35 , 2.735 ,     0 ,0.317789 ,-0        ,         0 ,-0       ,3.175   ,-0.275    ,0.0988235   ,2.83872 ,-0.285708 ,0.142139    ,2.475    ,-0.275    ,0           ,3.14067 ,0.238161  ,0.168141    ,2.875   ,0.325     ,0.105686    ,2.43853  ,0.241149 ,0.16902     ,0.397915    ,1.22632     ,1.0603      ,0.314837   ,0.967894    ,0.586262   ,0.47443   ,2.07804     ,1.763       ,0.3039     ,0.491495     ,0.367006    ,0.415116    ,1.17875     ,0.986279    ,0.360226    ,0.631333    ,0.303652    ,nan          ,nan          ,nan         ,0.0139174    ,-0.0921738   ,-0.0757908   ,nan          ,nan          ,nan         ,0.0202882    ,-0.00851353  ,-0.00694123  ,nan          ,nan          ,nan          ,0.0392195    ,-0.00190348  ,-0.00902528 ,0.000283781 ,0.0858379    ,0            ,0.0643474    ,-0.00115233  ,0.0631611    ,       1 ,       0 ,       1 ,       0 ,       1 ,       0
14.9069  ,0.4  , 2.74  ,     0 ,0.317137 ,-0        ,         0 ,-0       ,3.175   ,-0.275    ,0.0988235   ,2.84508 ,-0.279463 ,0.152113    ,2.475    ,-0.275    ,0           ,3.14992 ,0.23534   ,0.167441    ,2.875   ,0.325     ,0.105686    ,2.45156  ,0.239343 ,0.168557    ,0.378011    ,1.22512     ,1.0464      ,0.3343     ,0.842773    ,0.48698    ,0.451034  ,2.07559     ,1.7554      ,0.330837   ,0.492269     ,0.367779    ,0.394618    ,1.17845     ,0.972562    ,0.413884    ,0.63949     ,0.301018    ,nan          ,nan          ,nan         ,0.0132232    ,-0.0818438   ,-0.0624546   ,nan          ,nan          ,nan         ,0.0196108    ,0.00945657   ,0.00803239   ,nan          ,nan          ,nan          ,0.0416305    ,0.013936     ,0.00487697  ,0.000283781 ,0.0941073    ,0            ,0.0640701    ,-0.00115233  ,0.0596697    ,       1 ,       0 ,       1 ,       0 ,       1 ,       0
14.947   ,0.45 , 2.745 ,     0 ,0.316485 ,-0        ,         0 ,-0       ,3.175   ,-0.275    ,0.0988235   ,2.85141 ,-0.274082 ,0.159264    ,2.475    ,-0.275    ,0           ,3.15961 ,0.234269  ,0.165368    ,2.875   ,0.325     ,0.105686    ,2.46554  ,0.238501 ,0.166704    ,0.357691    ,1.22414     ,1.03295     ,0.352926   ,0.733426    ,0.40689    ,0.427256  ,2.07287     ,1.74803     ,0.356855   ,0.516484     ,0.388555    ,0.37366     ,1.1784      ,0.959313    ,0.470208    ,0.667528    ,0.316117    ,nan          ,nan          ,nan         ,0.012751     ,-0.0702078   ,-0.0490636   ,nan          ,nan          ,nan         ,0.018925     ,0.0262082    ,0.0226887    ,nan          ,nan          ,nan          ,0.0432436    ,0.0281002    ,0.0177378   ,0.000283781 ,0.101078     ,0            ,0.0598185    ,-0.00115233  ,0.0601597    ,       1 ,       0 ,       1 ,       0 ,       1 ,       0
14.9869  ,0.5  , 2.75  ,     0 ,0.315833 ,-0        ,         0 ,-0       ,3.175   ,-0.275    ,0.0988235   ,2.85796 ,-0.269938 ,0.163973    ,2.475    ,-0.275    ,0           ,3.16987 ,0.234899  ,0.161815    ,2.875   ,0.325     ,0.105686    ,2.48043  ,0.238329 ,0.163429    ,0.336959    ,1.22335     ,1.01996     ,0.371025   ,0.641709    ,0.346205   ,0.403117  ,2.06986     ,1.74087     ,0.381941   ,0.562495     ,0.428907    ,0.35224     ,1.17857     ,0.946526    ,0.528141    ,0.713225    ,0.347569    ,nan          ,nan          ,nan         ,0.012482     ,-0.0573102   ,-0.0353344   ,nan          ,nan          ,nan         ,0.0182309    ,0.0417413    ,0.0370276    ,nan          ,nan          ,nan          ,0.0440588    ,0.0405891    ,0.0295573   ,0.000283781 ,0.105009     ,0            ,0.059112     ,-0.00115233  ,0.0596472    ,       1 ,       0 ,       1 ,       0 ,       1 ,       0
15.0268  ,0.55 , 2.755 ,     0 ,0.315181 ,-0        ,         0 ,-0       ,3.175   ,-0.275    ,0.0988235   ,2.86502 ,-0.267405 ,0.166635    ,2.475    ,-0.275    ,0           ,3.18079 ,0.237093  ,0.15655     ,2.875   ,0.325     ,0.105686    ,2.4961   ,0.238506 ,0.15864     ,0.315815    ,1.22272     ,1.0074      ,0.388868   ,0.569386    ,0.305704   ,0.378641  ,2.06656     ,1.73392     ,0.406084   ,0.628658     ,0.488405    ,0.33036     ,1.17893     ,0.934192    ,0.58657     ,0.774354    ,0.393995    ,nan          ,nan          ,nan         ,0.0123956    ,-0.0431998   ,-0.0209572   ,nan          ,nan          ,nan         ,0.0175284    ,0.0560559    ,0.0510491    ,nan          ,nan          ,nan          ,0.0438367    ,0.0513694    ,0.0403394   ,0.000283781 ,0.106313     ,0            ,0.0573703    ,-0.00115233  ,0.0580897    ,       1 ,       0 ,       1 ,       0 ,       1 ,       0
15.0669  ,0.6  , 2.76  ,     0 ,0.314529 ,-0        ,         0 ,-0       ,3.175   ,-0.275    ,0.0988235   ,2.87285 ,-0.26676  ,0.167616    ,2.475    ,-0.275    ,0           ,3.19235 ,0.240633  ,0.149266    ,2.875   ,0.325     ,0.105686    ,2.51217  ,0.238805 ,0.152235    ,0.294263    ,1.22222     ,0.995277    ,0.406718   ,0.5182      ,0.286317   ,0.353855  ,2.06295     ,1.72717     ,0.429199   ,0.713392     ,0.566659    ,0.308023    ,1.17946     ,0.922303    ,0.643231    ,0.848528    ,0.454034    ,nan          ,nan          ,nan         ,0.0124917    ,-0.0278764   ,-0.00593174  ,nan          ,nan          ,nan         ,0.0166446    ,0.0693065    ,0.0648394    ,nan          ,nan          ,nan          ,0.0412508    ,0.0602562    ,0.0501058   ,0.000283781 ,0.105045     ,0            ,0.0543589    ,-0.00115233  ,0.0519038    ,       1 ,       0 ,       1 ,       0 ,       1 ,       0
15.107   ,0.65 , 2.765 ,     0 ,0.313877 ,-0        ,         0 ,-0       ,3.175   ,-0.275    ,0.0988235   ,2.8817  ,-0.268151 ,0.167199    ,2.475    ,-0.275    ,0           ,3.20445 ,0.24526   ,0.139618    ,2.875   ,0.325     ,0.105686    ,2.52802  ,0.239193 ,0.144145    ,0.27231     ,1.22184     ,0.983577    ,0.424837   ,0.489893    ,0.288976   ,0.328786  ,2.05902     ,1.72062     ,0.450854   ,0.815428     ,0.663448    ,0.285233    ,1.18012     ,0.910849    ,0.694764    ,0.933204    ,0.526344    ,nan          ,nan          ,nan         ,0.0127704    ,-0.0113402   ,0.00974198   ,nan          ,nan          ,nan         ,0.0153656    ,0.0816841    ,0.0785047    ,nan          ,nan          ,nan          ,0.0360976    ,0.0672211    ,0.0588599   ,0.000283781 ,0.101269     ,0            ,0.0527245    ,-0.00115233  ,0.0476253    ,       1 ,       0 ,       1 ,       0 ,       1 ,       0
15.1467  ,0.7  , 2.77  ,     0 ,0.313225 ,-0        ,         0 ,-0       ,3.175   ,-0.275    ,0.0988235   ,2.89175 ,-0.27161  ,0.165512    ,2.475    ,-0.275    ,0           ,3.21682 ,0.250649  ,0.127295    ,2.875   ,0.325     ,0.105686    ,2.54298  ,0.239824 ,0.13437     ,0.249963    ,1.22154     ,0.97229     ,0.443476   ,0.486205    ,0.314613   ,0.303465  ,2.05476     ,1.71426     ,0.470516   ,0.933587     ,0.778605    ,0.261997    ,1.18088     ,0.899818    ,0.737768    ,1.02584     ,0.609584    ,nan          ,nan          ,nan         ,0.0131772    ,0.00640223   ,0.0260719    ,nan          ,nan          ,nan         ,0.0136909    ,0.0931892    ,0.0920453    ,nan          ,nan          ,nan          ,0.0283769    ,0.0722641    ,0.0666017   ,0.000283781 ,0.095005     ,0            ,0.0621078    ,-0.00115233  ,0.0418764    ,       1 ,       0 ,       1 ,       0 ,       1 ,       0
15.1871  ,0.75 , 2.775 ,     0 ,0.312574 ,-0        ,         0 ,-0       ,3.175   ,-0.275    ,0.0988235   ,2.90315 ,-0.277109 ,0.162471    ,2.475    ,-0.275    ,0           ,3.22912 ,0.256411  ,0.112082    ,2.875   ,0.325     ,0.105686    ,2.55635  ,0.241043 ,0.123005    ,0.227229    ,1.22129     ,0.961406    ,0.462534   ,0.508834    ,0.364212   ,0.277923  ,2.05016     ,1.70809     ,0.487649   ,1.06669      ,0.911961    ,0.238323    ,1.1817      ,0.889201    ,0.768838    ,1.12388     ,0.702413    ,nan          ,nan          ,nan         ,0.0133011    ,0.0253       ,0.0431182    ,nan          ,nan          ,nan         ,0.0116206    ,0.103822     ,0.105461     ,nan          ,nan          ,nan          ,0.0180888    ,0.0753852    ,0.0733312   ,0.000283781 ,0.0718166    ,0            ,0.061679     ,-0.00115233  ,0.0291809    ,       1 ,       0 ,       1 ,       0 ,       1 ,       0
15.2265  ,0.8  , 2.78  ,     0 ,0.311922 ,-0        ,         0 ,-0       ,3.175   ,-0.275    ,0.0988235   ,2.9159  ,-0.284564 ,0.157734    ,2.475    ,-0.275    ,0           ,3.24092 ,0.262115  ,0.0939371   ,2.875   ,0.325     ,0.105686    ,2.56748  ,0.243351 ,0.110242    ,0.204121    ,1.22105     ,0.950916    ,0.481506   ,0.559426    ,0.438817   ,0.252194  ,2.04522     ,1.70211     ,0.501723   ,1.21357      ,1.06335     ,0.214221    ,1.18254     ,0.878984    ,0.784575    ,1.22478     ,0.803488    ,nan          ,nan          ,nan         ,0.013057     ,0.0453427    ,0.0608932    ,nan          ,nan          ,nan         ,0.00917998   ,0.11358      ,0.118753     ,nan          ,nan          ,nan          ,0.00523332   ,0.0765843    ,0.0790483   ,0.000283781 ,0.0615794    ,0            ,0.0618991    ,-0.00115233  ,0.0268622    ,       1 ,       0 ,       1 ,       0 ,       1 ,       0
15.2671  ,0.85 , 2.785 ,     0 ,0.31127  ,-0        ,         0 ,-0       ,3.175   ,-0.275    ,0.0988235   ,2.92992 ,-0.293737 ,0.150678    ,2.475    ,-0.275    ,0           ,3.25175 ,0.267284  ,0.0730423   ,2.875   ,0.325     ,0.105686    ,2.5757   ,0.247349 ,0.0963698   ,0.18065     ,1.2208      ,0.940807    ,0.499864   ,0.639627    ,0.539474   ,0.226311  ,2.03993     ,1.69631     ,0.512451   ,1.37301      ,1.2326      ,0.189705    ,1.18337     ,0.869155    ,0.781574    ,1.326       ,0.911469    ,nan          ,nan          ,nan         ,0.0124451    ,0.0665303    ,0.0793971    ,nan          ,nan          ,nan         ,0.00672801   ,0.122435     ,0.131921     ,nan          ,nan          ,nan          ,-0.0101896   ,0.0758616    ,0.0837532   ,0.000283781 ,0.0487738    ,0            ,0.0680531    ,-0.00115233  ,0.0222051    ,       1 ,       0 ,       1 ,       0 ,       1 ,       0
15.3065  ,0.9  , 2.79  ,     0 ,0.310618 ,-0        ,         0 ,-0       ,3.175   ,-0.275    ,0.0988235   ,2.9449  ,-0.30416  ,0.140401    ,2.475    ,-0.275    ,0           ,3.26123 ,0.271415  ,0.0498604   ,2.875   ,0.325     ,0.105686    ,2.5803   ,0.253646 ,0.0817614   ,0.156831    ,1.22049     ,0.931068    ,0.517078   ,0.75108     ,0.66723    ,0.200311  ,2.03431     ,1.6907      ,0.519939   ,1.54379      ,1.41955     ,0.164791    ,1.18414     ,0.8597      ,0.756435    ,1.42499     ,1.02501     ,nan          ,nan          ,nan         ,0.0114652    ,0.0888628    ,0.0986297    ,nan          ,nan          ,nan         ,0.00438083   ,0.130379     ,0.144968     ,nan          ,nan          ,nan          ,-0.02818     ,0.0732169    ,0.0874458   ,0.000283781 ,0.0440289    ,0            ,0.0478535    ,-0.00115233  ,0.0253014    ,       1 ,       1 ,       1 ,       1 ,       1 ,       1
15.3466  ,0.95 , 2.795 ,     0 ,0.309966 ,-0        ,         0 ,-0       ,3.175   ,-0.275    ,0.0988235   ,2.96027 ,-0.315015 ,0.12579     ,2.475    ,-0.275    ,0           ,3.26905 ,0.27408   ,0.0251574   ,2.875   ,0.325     ,0.105686    ,2.58046  ,0.262766 ,0.0668575   ,0.13268     ,1.2201      ,0.921688    ,0.532621   ,0.895429    ,0.823132   ,0.174228  ,2.02834     ,1.68528     ,0.524328   ,1.72469      ,1.62403     ,0.139495    ,1.18481     ,0.850605    ,0.705754    ,1.5192      ,1.14278     ,nan          ,nan          ,nan         ,0.0101174    ,0.11234      ,0.118591     ,nan          ,nan          ,nan         ,0.00213844   ,0.137411     ,0.157893     ,nan          ,nan          ,nan          ,-0.0487378   ,0.0686504    ,0.090126    ,0.000283781 ,0.0217265    ,0            ,0.0259934    ,-0.00115233  ,0.0151277    ,       1 ,       1 ,       1 ,       1 ,       1 ,       1
15.3972  ,0    , 2.8   ,     0 ,0.309314 ,-0        ,         0 ,-0       ,3.175   ,-0.274998 ,0.0988251   ,2.975   ,-0.325    ,0.105686    ,2.475    ,-0.274999 ,1.4432e-06  ,3.275   ,0.275     ,0           ,2.875   ,0.324998  ,0.105688    ,2.575    ,0.275    ,0.0521569   ,0.108217    ,1.21959     ,0.912653    ,0.545964   ,1.07432     ,1.00823    ,0.148098  ,2.02204     ,1.68006     ,0.525761   ,1.91446      ,1.84588     ,0.113838    ,1.18534     ,0.841854    ,0.62613     ,1.60609     ,1.26343     ,0.0277502    ,-0.16963     ,-0.0971228  ,nan          ,nan          ,nan          ,0.0326088    ,-0.102319    ,-0.157735   ,nan          ,nan          ,nan          ,0.00109175   ,-0.167689    ,-0.138311    ,nan          ,nan          ,nan         ,0.000284841 ,-0.00129622  ,1.01818e-06  ,0            ,-0.00115089  ,-0.00107844  ,       1 ,       1 ,       1 ,       1 ,       1 ,       1
15.427   ,0.05 , 2.805 ,     0 ,0.308868 ,-0        ,         0 ,-0       ,3.18805 ,-0.279661 ,0.117065    ,2.975   ,-0.325    ,0.105686    ,2.4881   ,-0.268213 ,0.026121    ,3.275   ,0.275     ,0           ,2.88052 ,0.321418  ,0.124924    ,2.575    ,0.275    ,0.0521569   ,0.144156    ,1.01489     ,0.793725    ,0.528589   ,1.07259     ,0.991883   ,0.197473  ,1.85451     ,1.43945     ,0.508704   ,1.91296      ,1.82947     ,0.118691    ,0.988849    ,0.684577    ,0.605832    ,1.60765     ,1.25676     ,0.027088     ,-0.143009    ,-0.0843968  ,nan          ,nan          ,nan          ,0.0299813    ,-0.10939     ,-0.146939   ,nan          ,nan          ,nan          ,0.00664445   ,-0.149835    ,-0.11602     ,nan          ,nan          ,nan         ,0.0195631   ,-0.00129622  ,0.0264808    ,0            ,0.0144815    ,-0.00107844  ,       0 ,       1 ,       0 ,       1 ,       0 ,       1
15.4668  ,0.1  , 2.81  ,     0 ,0.308422 ,-0        ,         0 ,-0       ,3.2004  ,-0.278931 ,0.131421    ,2.975   ,-0.325    ,0.105686    ,2.50038  ,-0.263561 ,0.0527806   ,3.275   ,0.275     ,0           ,2.88702 ,0.31635   ,0.139403    ,2.575    ,0.275    ,0.0521569   ,0.179157    ,0.844304    ,0.691515    ,0.510785   ,1.07128     ,0.976055   ,0.243002  ,1.6779      ,1.216       ,0.491253   ,1.91183      ,1.81371     ,0.130025    ,0.814308    ,0.554121    ,0.585062    ,1.60902     ,1.25038     ,0.0263199    ,-0.117574    ,-0.0716035  ,nan          ,nan          ,nan          ,0.0277381    ,-0.11382     ,-0.135989   ,nan          ,nan          ,nan          ,0.0115626    ,-0.132225    ,-0.0949767   ,nan          ,nan          ,nan         ,0.0332924   ,-0.00129622  ,0.0380031    ,0            ,0.0342846    ,-0.00107844  ,       0 ,       1 ,       0 ,       1 ,       0 ,       1
15.5068  ,0.15 , 2.815 ,     0 ,0.307975 ,-0        ,         0 ,-0       ,3.21195 ,-0.275072 ,0.141985    ,2.975   ,-0.325    ,0.105686    ,2.51184  ,-0.25932  ,0.0784926   ,3.275   ,0.275     ,0           ,2.89443 ,0.311124  ,0.149723    ,2.575    ,0.275    ,0.0521569   ,0.213083    ,0.706265    ,0.606112    ,0.492546   ,1.07036     ,0.960738   ,0.285292  ,1.49638     ,1.00998     ,0.473401   ,1.91105      ,1.79858     ,0.147054    ,0.661413    ,0.44894     ,0.563828    ,1.61019     ,1.24429     ,0.025446     ,-0.0933244   ,-0.0587428  ,nan          ,nan          ,nan          ,0.0258791    ,-0.115609    ,-0.124885   ,nan          ,nan          ,nan          ,0.0158463    ,-0.114859    ,-0.0751813   ,nan          ,nan          ,nan         ,0.0454425   ,-0.00129622  ,0.0248359    ,0            ,0.044948     ,-0.00107844  ,       0 ,       1 ,       0 ,       1 ,       0 ,       1
15.5471  ,0.2  , 2.82  ,     0 ,0.307529 ,-0        ,         0 ,-0       ,3.22276 ,-0.269722 ,0.149265    ,2.975   ,-0.325    ,0.105686    ,2.52231  ,-0.254425 ,0.10205     ,3.275   ,0.275     ,0           ,2.90271 ,0.306651  ,0.156699    ,2.575    ,0.275    ,0.0521569   ,0.245794    ,0.599222    ,0.537604    ,0.473865   ,1.06983     ,0.945933   ,0.324949  ,1.31411     ,0.821609    ,0.455145   ,1.91058      ,1.78406     ,0.168992    ,0.529864    ,0.367488    ,0.542136    ,1.6111      ,1.23845     ,0.0244662    ,-0.0702613   ,-0.0458148  ,nan          ,nan          ,nan          ,0.0244042    ,-0.114758    ,-0.113627   ,nan          ,nan          ,nan          ,0.0194955    ,-0.0977364   ,-0.0566339   ,nan          ,nan          ,nan         ,0.054643    ,-0.00129622  ,0.0266364    ,0            ,0.051013     ,-0.00107844  ,       0 ,       1 ,       0 ,       1 ,       0 ,       1
15.5868  ,0.25 , 2.825 ,     0 ,0.307083 ,-0        ,         0 ,-0       ,3.23297 ,-0.264002 ,0.153886    ,2.975   ,-0.325    ,0.105686    ,2.53168  ,-0.248481 ,0.122529    ,3.275   ,0.275     ,0           ,2.91183 ,0.303462  ,0.161194    ,2.575    ,0.275    ,0.0521569   ,0.277152    ,0.521622    ,0.48608     ,0.454735   ,1.06968     ,0.931636   ,0.362504  ,1.13517     ,0.651203    ,0.43648    ,1.9104       ,1.77013     ,0.195055    ,0.419358    ,0.308223    ,0.519996    ,1.61175     ,1.23287     ,0.0233805    ,-0.0483844   ,-0.0328194  ,nan          ,nan          ,nan          ,0.0231386    ,-0.111517    ,-0.102076   ,nan          ,nan          ,nan          ,0.0225102    ,-0.0808576   ,-0.0393344   ,nan          ,nan          ,nan         ,0.0615532   ,-0.00129622  ,0.0274125    ,0            ,0.0555081    ,-0.00107844  ,       0 ,       1 ,       0 ,       1 ,       0 ,       1
15.6269  ,0.3  , 2.83  ,     0 ,0.306637 ,-0        ,         0 ,-0       ,3.24277 ,-0.258651 ,0.156421    ,2.975   ,-0.325    ,0.105686    ,2.53997  ,-0.241775 ,0.1393      ,3.275   ,0.275     ,0           ,2.92181 ,0.301777  ,0.164002    ,2.575    ,0.275    ,0.0521569   ,0.307027    ,0.471906    ,0.451619    ,0.435154   ,1.06988     ,0.917845   ,0.397971  ,0.962867    ,0.499477    ,0.417404   ,1.91049      ,1.75677     ,0.224456    ,0.329593    ,0.269598    ,0.497423    ,1.61211     ,1.22753     ,0.0222097    ,-0.0277007   ,-0.0197798  ,nan          ,nan          ,nan          ,0.0217533    ,-0.10636     ,-0.0899675  ,nan          ,nan          ,nan          ,0.0248903    ,-0.0642225   ,-0.023283    ,nan          ,nan          ,nan         ,0.0667618   ,-0.00129622  ,0.0368409    ,0            ,0.0583152    ,-0.00107844  ,       0 ,       1 ,       0 ,       1 ,       0 ,       1
15.6667  ,0.35 , 2.835 ,     0 ,0.306191 ,-0        ,         0 ,-0       ,3.25234 ,-0.254137 ,0.157301    ,2.975   ,-0.325    ,0.105686    ,2.54739  ,-0.234945 ,0.152088    ,3.275   ,0.275     ,0           ,2.93268 ,0.301588  ,0.165769    ,2.575    ,0.275    ,0.0521569   ,0.335329    ,0.448505    ,0.434252    ,0.415116   ,1.07042     ,0.904557   ,0.431149  ,0.800212    ,0.367318    ,0.397915   ,1.91082      ,1.74396     ,0.256411    ,0.260269    ,0.250069    ,0.47443     ,1.61214     ,1.22242     ,0.020981     ,-0.00821939  ,-0.00672628 ,nan          ,nan          ,nan          ,0.0202408    ,-0.099299    ,-0.077296   ,nan          ,nan          ,nan          ,0.026636     ,-0.0478312   ,-0.0084795   ,nan          ,nan          ,nan         ,0.0758882   ,-0.00129622  ,0.0430163    ,0            ,0.0600829    ,-0.00107844  ,       0 ,       1 ,       0 ,       1 ,       0 ,       1
15.7065  ,0.4  , 2.84  ,     0 ,0.305745 ,-0        ,         0 ,-0       ,3.26187 ,-0.250749 ,0.156785    ,2.975   ,-0.325    ,0.105686    ,2.55426  ,-0.228722 ,0.160992    ,3.275   ,0.275     ,0           ,2.94442 ,0.302739  ,0.166963    ,2.575    ,0.275    ,0.0521569   ,0.361984    ,0.449842    ,0.433998    ,0.394618   ,1.07128     ,0.891766   ,0.461839  ,0.650213    ,0.255618    ,0.378011   ,1.91137      ,1.73167     ,0.290134    ,0.211083    ,0.248091    ,0.451034    ,1.61183     ,1.21753     ,0.0196946    ,0.0100595    ,0.0063409   ,nan          ,nan          ,nan          ,0.0186009    ,-0.0903329   ,-0.0640615  ,nan          ,nan          ,nan          ,0.0277471    ,-0.0316836   ,0.00507598   ,nan          ,nan          ,nan         ,0.0822626   ,-0.00129622  ,0.0566677    ,0            ,0.0612764    ,-0.00107844  ,       0 ,       1 ,       0 ,       1 ,       0 ,       1
15.7465  ,0.45 , 2.845 ,     0 ,0.305299 ,-0        ,         0 ,-0       ,3.27149 ,-0.24866  ,0.154954    ,2.975   ,-0.325    ,0.105686    ,2.56104  ,-0.223794 ,0.16644     ,3.275   ,0.275     ,0           ,2.95702 ,0.304991  ,0.167851    ,2.575    ,0.275    ,0.0521569   ,0.386915    ,0.474341    ,0.450875    ,0.37366    ,1.07244     ,0.879468   ,0.489842  ,0.51589     ,0.165259    ,0.357691   ,1.91211      ,1.7199      ,0.32484     ,0.181733    ,0.26212     ,0.427256    ,1.61116     ,1.21285     ,0.0183505    ,0.0271359    ,0.0194218   ,nan          ,nan          ,nan          ,0.0168513    ,-0.0794211   ,-0.0502797  ,nan          ,nan          ,nan          ,0.0282237    ,-0.0157796   ,0.0173835    ,nan          ,nan          ,nan         ,0.0902614   ,-0.00129622  ,0.0616707    ,0            ,0.0621652    ,-0.00107844  ,       0 ,       1 ,       0 ,       1 ,       0 ,       1
15.7866  ,0.5  , 2.85  ,     0 ,0.304853 ,-0        ,         0 ,-0       ,3.28135 ,-0.247953 ,0.151732    ,2.975   ,-0.325    ,0.105686    ,2.56814  ,-0.220656 ,0.169112    ,3.275   ,0.275     ,0           ,2.97038 ,0.308083  ,0.168513    ,2.575    ,0.275    ,0.0521569   ,0.410047    ,0.520428    ,0.4849      ,0.35224    ,1.07386     ,0.867657   ,0.515073  ,0.400519    ,0.0970292   ,0.336959   ,1.91302      ,1.70862     ,0.359742    ,0.171918    ,0.29061     ,0.403117    ,1.61011     ,1.20838     ,0.0169486    ,0.0430099    ,0.0325164   ,nan          ,nan          ,nan          ,0.0151038    ,-0.0663018   ,-0.0360513  ,nan          ,nan          ,nan          ,0.0280658    ,-0.000119432 ,0.028443     ,nan          ,nan          ,nan         ,0.0934298   ,-0.00129622  ,0.0638758    ,0            ,0.0628266    ,-0.00107844  ,       0 ,       1 ,       0 ,       1 ,       0 ,       1
15.8266  ,0.55 , 2.855 ,     0 ,0.304407 ,-0        ,         0 ,-0       ,3.2915  ,-0.248623 ,0.146919    ,2.975   ,-0.325    ,0.105686    ,2.57592  ,-0.219577 ,0.169811    ,3.275   ,0.275     ,0           ,2.98436 ,0.311755  ,0.168848    ,2.575    ,0.275    ,0.0521569   ,0.431305    ,0.586529    ,0.536092    ,0.33036    ,1.07553     ,0.856325   ,0.537562  ,0.307648    ,0.0516092   ,0.315815   ,1.91406      ,1.69781     ,0.394057    ,0.181342    ,0.332013    ,0.378641    ,1.60865     ,1.2041      ,0.0154886    ,0.0576915    ,0.0456211   ,nan          ,nan          ,nan          ,0.0133784    ,-0.0509285   ,-0.0213945  ,nan          ,nan          ,nan          ,0.0272721    ,0.0153147    ,0.03824      ,nan          ,nan          ,nan         ,0.0958338   ,-0.00129622  ,0.0640641    ,0            ,0.0631614    ,-0.00107844  ,       0 ,       1 ,       0 ,       1 ,       0 ,       1
15.8669  ,0.6  , 2.86  ,     0 ,0.303961 ,-0        ,         0 ,-0       ,3.30196 ,-0.250572 ,0.140226    ,2.975   ,-0.325    ,0.105686    ,2.58461  ,-0.220636 ,0.169306    ,3.275   ,0.275     ,0           ,2.99875 ,0.315767  ,0.168598    ,2.575    ,0.275    ,0.0521569   ,0.450609    ,0.671138    ,0.604442    ,0.308023   ,1.0774      ,0.845466   ,0.557343  ,0.240837    ,0.0296759   ,0.294263   ,1.91522      ,1.68746     ,0.426993    ,0.209754    ,0.384742    ,0.353855    ,1.60678     ,1.20001     ,0.0139672    ,0.0712759    ,0.0587018   ,nan          ,nan          ,nan          ,0.011675     ,-0.0333012   ,-0.00630916 ,nan          ,nan          ,nan          ,0.0258394    ,0.0305612    ,0.0467429    ,nan          ,nan          ,nan         ,0.103924    ,-0.00129622  ,0.0629891    ,0            ,0.0629122    ,-0.00107844  ,       0 ,       1 ,       0 ,       1 ,       0 ,       1
15.907   ,0.65 , 2.865 ,     0 ,0.303515 ,-0        ,         0 ,-0       ,3.31266 ,-0.253595 ,0.131327    ,2.975   ,-0.325    ,0.105686    ,2.59433  ,-0.223773 ,0.168186    ,3.275   ,0.275     ,0           ,3.01327 ,0.319895  ,0.167379    ,2.575    ,0.275    ,0.0521569   ,0.46788     ,0.772844    ,0.68991     ,0.285233   ,1.07946     ,0.835069   ,0.574452  ,0.203646    ,0.031906    ,0.27231    ,1.91646      ,1.67755     ,0.457761    ,0.256922    ,0.447195    ,0.328786    ,1.60449     ,1.19611     ,0.0123835    ,0.0837871    ,0.07175     ,nan          ,nan          ,nan          ,0.00999376   ,-0.0134197   ,0.00920469  ,nan          ,nan          ,nan          ,0.0237677    ,0.0456213    ,0.0539505    ,nan          ,nan          ,nan         ,0.105632    ,-0.00129622  ,0.0612304    ,0            ,0.0605871    ,-0.00107844  ,       0 ,       1 ,       0 ,       1 ,       0 ,       1
15.947   ,0.7  , 2.87  ,     0 ,0.303069 ,-0        ,         0 ,-0       ,3.32346 ,-0.257399 ,0.119921    ,2.975   ,-0.325    ,0.105686    ,2.60508  ,-0.228832 ,0.166722    ,3.275   ,0.275     ,0           ,3.02755 ,0.323922  ,0.16471     ,2.575    ,0.275    ,0.0521569   ,0.483034    ,0.890239    ,0.792454    ,0.261997   ,1.08166     ,0.825126   ,0.588923  ,0.199634    ,0.0589778   ,0.249963   ,1.91777      ,1.66807     ,0.485568    ,0.322617    ,0.517767    ,0.303465    ,1.60176     ,1.19239     ,0.0107374    ,0.0952251    ,0.0847658   ,nan          ,nan          ,nan          ,0.00833697   ,0.00871159   ,0.0251562   ,nan          ,nan          ,nan          ,0.0210569    ,0.0604953    ,0.0598628    ,nan          ,nan          ,nan         ,0.109466    ,-0.00129622  ,0.0610359    ,0            ,0.05912      ,-0.00107844  ,       0 ,       1 ,       0 ,       1 ,       0 ,       1
15.9867  ,0.75 , 2.875 ,     0 ,0.302623 ,-0        ,         0 ,-0       ,3.33411 ,-0.261616 ,0.105791    ,2.975   ,-0.325    ,0.105686    ,2.6168   ,-0.235628 ,0.16476     ,3.275   ,0.275     ,0           ,3.04114 ,0.327609  ,0.160066    ,2.575    ,0.275    ,0.0521569   ,0.495991    ,1.02192     ,0.912031    ,0.238323   ,1.08396     ,0.815624   ,0.600823  ,0.232307    ,0.111689    ,0.227229   ,1.9191       ,1.65899     ,0.509625    ,0.406607    ,0.594856    ,0.277923    ,1.59859     ,1.18885     ,0.00902902   ,0.10559      ,0.097749    ,nan          ,nan          ,nan          ,0.00674589   ,0.0330211    ,0.0417034   ,nan          ,nan          ,nan          ,0.0177072    ,0.0751829    ,0.0644799    ,nan          ,nan          ,nan         ,0.102403    ,-0.00129622  ,0.0590741    ,0            ,0.0556107    ,-0.00107844  ,       0 ,       1 ,       0 ,       1 ,       0 ,       1
16.0271  ,0.8  , 2.88  ,     0 ,0.302176 ,-0        ,         0 ,-0       ,3.34432 ,-0.265829 ,0.0888718   ,2.975   ,-0.325    ,0.105686    ,2.62936  ,-0.243944 ,0.161625    ,3.275   ,0.275     ,0           ,3.05346 ,0.330648  ,0.152936    ,2.575    ,0.275    ,0.0521569   ,0.506668    ,1.16648     ,1.0486      ,0.214221   ,1.08633     ,0.806552   ,0.610273  ,0.305072    ,0.19105     ,0.204121   ,1.92045      ,1.65029     ,0.52914     ,0.508662    ,0.676858    ,0.252194    ,1.59498     ,1.18549     ,0.00725879   ,0.11488      ,0.1107      ,nan          ,nan          ,nan          ,0.00523542   ,0.0594828    ,0.0589032   ,nan          ,nan          ,nan          ,0.0137184    ,0.0896842    ,0.0678017    ,nan          ,nan          ,nan         ,0.0929491   ,-0.00129622  ,0.0559382    ,0            ,0.0516222    ,-0.00107844  ,       0 ,       1 ,       0 ,       1 ,       0 ,       1
16.0671  ,0.85 , 2.885 ,     0 ,0.30173  ,-0        ,         0 ,-0       ,3.35378 ,-0.269605 ,0.0693039   ,2.975   ,-0.325    ,0.105686    ,2.64248  ,-0.25337  ,0.156065    ,3.275   ,0.275     ,0           ,3.06383 ,0.332616  ,0.142897    ,2.575    ,0.275    ,0.0521569   ,0.515001    ,1.32248     ,1.2021      ,0.189705   ,1.08872     ,0.797896   ,0.617402  ,0.421329    ,0.298091    ,0.18065    ,1.92177      ,1.64197     ,0.543323    ,0.628551    ,0.76217     ,0.226311    ,1.59092     ,1.18231     ,0.005459     ,0.123047     ,0.123601    ,nan          ,nan          ,nan          ,0.00380554   ,0.0880969    ,0.0767558   ,nan          ,nan          ,nan          ,0.00909066   ,0.103999     ,0.0698282    ,nan          ,nan          ,nan         ,0.0693039   ,-0.00129622  ,0.0503789    ,0            ,0.0438856    ,-0.00107844  ,       0 ,       1 ,       0 ,       1 ,       0 ,       1
16.1068  ,0.9  , 2.89  ,     0 ,0.301284 ,-0        ,         0 ,-0       ,3.36218 ,-0.272555 ,0.0474824   ,2.975   ,-0.325    ,0.105686    ,2.65548  ,-0.263051 ,0.146276    ,3.275   ,0.275     ,0           ,3.07146 ,0.332916  ,0.129716    ,2.575    ,0.275    ,0.0521569   ,0.520969    ,1.48842     ,1.37248     ,0.164791   ,1.09108     ,0.789643   ,0.622336  ,0.584477    ,0.433843    ,0.156831   ,1.92304      ,1.63401     ,0.551381    ,0.766044    ,0.849189    ,0.200311    ,1.58641     ,1.17932     ,0.00364941   ,0.130058     ,0.136444    ,nan          ,nan          ,nan          ,0.00245626   ,0.118863     ,0.095261    ,nan          ,nan          ,nan          ,0.00382386   ,0.118128     ,0.0705595    ,nan          ,nan          ,nan         ,0.0474824   ,-0.00129622  ,0.0405896    ,0            ,0.0327025    ,-0.00107844  ,       1 ,       1 ,       1 ,       1 ,       1 ,       1
16.1467  ,0.95 , 2.895 ,     0 ,0.300838 ,-0        ,         0 ,-0       ,3.36929 ,-0.274393 ,0.0240721   ,2.975   ,-0.325    ,0.105686    ,2.66708  ,-0.271283 ,0.130108    ,3.275   ,0.275     ,0           ,3.07546 ,0.330732  ,0.113472    ,2.575    ,0.275    ,0.0521569   ,0.52456     ,1.6628      ,1.55964     ,0.139495   ,1.09339     ,0.781777   ,0.625203  ,0.797916    ,0.599336    ,0.13268    ,1.92424      ,1.62638     ,0.552525    ,0.92091     ,0.936312    ,0.174228    ,1.58147     ,1.17652     ,0.00183001   ,0.135914     ,0.149227    ,nan          ,nan          ,nan          ,0.00118759   ,0.151782     ,0.114419    ,nan          ,nan          ,nan          ,-0.00208195  ,0.132071     ,0.0699956    ,nan          ,nan          ,nan         ,0.0240721   ,-0.00129622  ,0.0244216    ,0            ,0.0174503    ,-0.00107844  ,       1 ,       1 ,       1 ,       1 ,       1 ,       1
16.2081  ,0    , 2.9   ,     0 ,0.300392 ,-0        ,         0 ,-0       ,3.375   ,-0.275    ,0           ,2.975   ,-0.324998 ,0.105688    ,2.675    ,-0.275    ,0.105686    ,3.275   ,0.274999  ,1.4337e-06  ,3.075   ,0.325     ,0.0947059   ,2.575    ,0.274999 ,0.0521586   ,0.525761    ,1.84409     ,1.76351     ,0.113838   ,1.09558     ,0.774284   ,0.62613   ,1.06504     ,0.795602    ,0.108217   ,1.92533      ,1.61908     ,0.545964    ,1.09292     ,1.02194     ,0.148098    ,1.5761      ,1.17392     ,nan          ,nan          ,nan         ,-0.0285354   ,-0.134498    ,-0.136459    ,nan          ,nan          ,nan         ,-1.01405e-06 ,-0.132172    ,-0.159138    ,nan          ,nan          ,nan          ,0.0624161    ,-0.0402142   ,-0.0970131  ,0           ,-0.00129492  ,8.60177e-09  ,1.4337e-06   ,0.00127698   ,-0.00107792  ,       1 ,       1 ,       1 ,       1 ,       1 ,       1
16.2265  ,0.05 , 2.905 ,     0 ,0.300358 ,-0        ,         0 ,-0       ,3.375   ,-0.275    ,0           ,2.97331 ,-0.316393 ,0.123995    ,2.675    ,-0.275    ,0.105686    ,3.28024 ,0.273679  ,0.0214688   ,3.075   ,0.325     ,0.0947059   ,2.5878   ,0.267091 ,0.0603142   ,0.508704    ,1.84615     ,1.75123     ,0.0827209  ,0.926583    ,0.60876    ,0.605832  ,1.06996     ,0.791062    ,0.110127   ,1.77098      ,1.43441     ,0.528589    ,1.0951      ,1.00847     ,0.197095    ,1.54442     ,1.09953     ,nan          ,nan          ,nan         ,-0.0172877   ,-0.11354     ,-0.1067      ,nan          ,nan          ,nan         ,0.00308054   ,-0.119807    ,-0.142351    ,nan          ,nan          ,nan          ,0.0588691    ,-0.0381248   ,-0.0870723  ,0           ,0.0159989    ,8.60177e-09  ,0.0214688    ,0.00127698   ,0.0133631    ,       1 ,       0 ,       1 ,       0 ,       1 ,       0
16.267   ,0.1  , 2.91  ,     0 ,0.300324 ,-0        ,         0 ,-0       ,3.375   ,-0.275    ,0           ,2.9748  ,-0.308729 ,0.136769    ,2.675    ,-0.275    ,0.105686    ,3.28596 ,0.270189  ,0.0413381   ,3.075   ,0.325     ,0.0947059   ,2.59959  ,0.260183 ,0.0679288   ,0.491253    ,1.84853     ,1.73955     ,0.0661905  ,0.785469    ,0.482252   ,0.585062  ,1.07473     ,0.786903    ,0.115674   ,1.63182      ,1.27028     ,0.510785    ,1.09774     ,0.995556    ,0.243243    ,1.51463     ,1.03327     ,nan          ,nan          ,nan         ,-0.00714124  ,-0.0936031   ,-0.0792329   ,nan          ,nan          ,nan         ,0.00593873   ,-0.107363    ,-0.125613    ,nan          ,nan          ,nan          ,0.055365     ,-0.0355158   ,-0.076895   ,0           ,0.0321638    ,8.60177e-09  ,0.0435388    ,0.00127698   ,0.0265245    ,       1 ,       0 ,       1 ,       0 ,       1 ,       0
16.3065  ,0.15 , 2.915 ,     0 ,0.300289 ,-0        ,         0 ,-0       ,3.375   ,-0.275    ,0           ,2.97886 ,-0.303182 ,0.145047    ,2.675    ,-0.275    ,0.105686    ,3.29212 ,0.265244  ,0.0590627   ,3.075   ,0.325     ,0.0947059   ,2.61058  ,0.254263 ,0.0748246   ,0.473401    ,1.85121     ,1.72844     ,0.0627449  ,0.670845    ,0.391635   ,0.563828  ,1.07933     ,0.783108    ,0.124586   ,1.50795      ,1.12662     ,0.492546    ,1.10084     ,0.983202    ,0.286577    ,1.48717     ,0.975329    ,nan          ,nan          ,nan         ,0.00190407   ,-0.0746883   ,-0.0540582   ,nan          ,nan          ,nan         ,0.00857358   ,-0.0948393   ,-0.108925    ,nan          ,nan          ,nan          ,0.0519039    ,-0.0323873   ,-0.0664812  ,0           ,0.0405395    ,8.60177e-09  ,0.0609465    ,0.00127698   ,0.0445752    ,       1 ,       0 ,       1 ,       0 ,       1 ,       0
16.3466  ,0.2  , 2.92  ,     0 ,0.300255 ,-0        ,         0 ,-0       ,3.375   ,-0.275    ,0           ,2.98502 ,-0.30033  ,0.149917    ,2.675    ,-0.275    ,0.105686    ,3.29868 ,0.259532  ,0.0743253   ,3.075   ,0.325     ,0.0947059   ,2.62095  ,0.24931  ,0.0808584   ,0.455145    ,1.85418     ,1.7179      ,0.0708827  ,0.581316    ,0.333784   ,0.542136  ,1.0837      ,0.779664    ,0.136589   ,1.39948      ,1.00337     ,0.473865    ,1.10438     ,0.971402    ,0.327132    ,1.46244     ,0.925899    ,nan          ,nan          ,nan         ,0.0098482    ,-0.0567952   ,-0.0311756   ,nan          ,nan          ,nan         ,0.0109851    ,-0.082236    ,-0.0922873   ,nan          ,nan          ,nan          ,0.0484857    ,-0.0287393   ,-0.055831   ,0           ,0.0451925    ,8.60177e-09  ,0.0761208    ,0.00127698   ,0.0315948    ,       1 ,       0 ,       1 ,       0 ,       1 ,       0
16.3871  ,0.25 , 2.925 ,     0 ,0.300221 ,-0        ,         0 ,-0       ,3.375   ,-0.275    ,0           ,2.99304 ,-0.300312 ,0.152364    ,2.675    ,-0.275    ,0.105686    ,3.30562 ,0.253673  ,0.0869866   ,3.075   ,0.325     ,0.0947059   ,2.63088  ,0.245294 ,0.0859169   ,0.43648     ,1.85741     ,1.7079      ,0.0891022  ,0.51549     ,0.305572   ,0.519996  ,1.08782     ,0.776554    ,0.15141    ,1.3065       ,0.900481    ,0.454735    ,1.10833     ,0.960154    ,0.364942    ,1.44086     ,0.885169    ,nan          ,nan          ,nan         ,0.0166912    ,-0.0399239   ,-0.0105852   ,nan          ,nan          ,nan         ,0.0131732    ,-0.0695533   ,-0.0756991   ,nan          ,nan          ,nan          ,0.0451104    ,-0.0245717   ,-0.0449443  ,0           ,0.0471149    ,8.60177e-09  ,0.0856541    ,0.00127698   ,0.0408457    ,       1 ,       0 ,       1 ,       0 ,       1 ,       0
16.4271  ,0.3  , 2.93  ,     0 ,0.300186 ,-0        ,         0 ,-0       ,3.375   ,-0.275    ,0           ,3.00283 ,-0.302948 ,0.153188    ,2.675    ,-0.275    ,0.105686    ,3.31293 ,0.248196  ,0.0970329   ,3.075   ,0.325     ,0.0947059   ,2.64049  ,0.242185 ,0.0899123   ,0.417404    ,1.86087     ,1.69844     ,0.115902   ,0.471972    ,0.303874   ,0.497423  ,1.09163     ,0.773765    ,0.168774   ,1.2291       ,0.817879    ,0.435154    ,1.11269     ,0.949452    ,0.400042    ,1.42287     ,0.853332    ,nan          ,nan          ,nan         ,0.0224329    ,-0.0240744   ,0.007713     ,nan          ,nan          ,nan         ,0.015138     ,-0.0567911   ,-0.0591607   ,nan          ,nan          ,nan          ,0.0417781    ,-0.0198847   ,-0.0338212  ,0           ,0.0475019    ,8.60177e-09  ,0.0955946    ,0.00127698   ,0.0488111    ,       1 ,       0 ,       1 ,       0 ,       1 ,       0
16.4666  ,0.35 , 2.935 ,     0 ,0.300152 ,-0        ,         0 ,-0       ,3.375   ,-0.275    ,0           ,3.01444 ,-0.307837 ,0.152966    ,2.675    ,-0.275    ,0.105686    ,3.32065 ,0.24353   ,0.104531    ,3.075   ,0.325     ,0.0947059   ,2.64991  ,0.239956 ,0.0927789   ,0.397915    ,1.86455     ,1.68948     ,0.14978    ,0.44937     ,0.325565   ,0.47443   ,1.09511     ,0.771283    ,0.188409   ,1.16738      ,0.755508    ,0.415116    ,1.11743     ,0.939292    ,0.432468    ,1.40887     ,0.830578    ,nan          ,nan          ,nan         ,0.0270735    ,-0.00924665  ,0.0237191    ,nan          ,nan          ,nan         ,0.0168795    ,-0.0439494   ,-0.0426721   ,nan          ,nan          ,nan          ,0.0384887    ,-0.0146781   ,-0.0224616  ,0           ,0.0472794    ,8.60177e-09  ,0.103616     ,0.00127698   ,0.0555232    ,       1 ,       0 ,       1 ,       0 ,       1 ,       0
16.507   ,0.4  , 2.94  ,     0 ,0.300118 ,-0        ,         0 ,-0       ,3.375   ,-0.275    ,0           ,3.02788 ,-0.314426 ,0.152048    ,2.675    ,-0.275    ,0.105686    ,3.32881 ,0.240001  ,0.109588    ,3.075   ,0.325     ,0.0947059   ,2.65924  ,0.238579 ,0.0944688   ,0.378011    ,1.86841     ,1.68103     ,0.189236   ,0.446291    ,0.367518   ,0.451034  ,1.09823     ,0.769095    ,0.21004    ,1.12145      ,0.713306    ,0.394618    ,1.12251     ,0.929667    ,0.462252    ,1.39929     ,0.817097    ,nan          ,nan          ,nan         ,0.030613     ,0.00455926   ,0.0374329    ,nan          ,nan          ,nan         ,0.0183976    ,-0.0310283   ,-0.0262333   ,nan          ,nan          ,nan          ,0.0352422    ,-0.00895193  ,-0.0108655  ,0           ,0.0463621    ,8.60177e-09  ,0.109636     ,0.00127698   ,0.0601454    ,       1 ,       0 ,       1 ,       0 ,       1 ,       0
16.5469  ,0.45 , 2.945 ,     0 ,0.300083 ,-0        ,         0 ,-0       ,3.375   ,-0.275    ,0           ,3.04315 ,-0.322073 ,0.150577    ,2.675    ,-0.275    ,0.105686    ,3.33751 ,0.237833  ,0.11232     ,3.075   ,0.325     ,0.0947059   ,2.66856  ,0.238028 ,0.0949489   ,0.357691    ,1.87244     ,1.67307     ,0.232767   ,0.46134     ,0.426609   ,0.427256  ,1.10095     ,0.767189    ,0.233394   ,1.09139      ,0.691212    ,0.37366     ,1.12792     ,0.92057     ,0.489431    ,1.39454     ,0.813083    ,nan          ,nan          ,nan         ,0.0330512    ,0.0173434    ,0.0488546    ,nan          ,nan          ,nan         ,0.0196923    ,-0.0180278   ,-0.00984439  ,nan          ,nan          ,nan          ,0.0320387    ,-0.00270627  ,0.000967047 ,0           ,0.0448906    ,8.60177e-09  ,0.113778     ,0.00127698   ,0.062197     ,       1 ,       0 ,       1 ,       0 ,       1 ,       0
16.5867  ,0.5  , 2.95  ,     0 ,0.300049 ,-0        ,         0 ,-0       ,3.375   ,-0.275    ,0           ,3.06008 ,-0.330098 ,0.14851     ,2.675    ,-0.275    ,0.105686    ,3.34684 ,0.237155  ,0.112832    ,3.075   ,0.325     ,0.0947059   ,2.67793  ,0.238279 ,0.094198    ,0.336959    ,1.87661     ,1.66557     ,0.278872   ,0.493125    ,0.499712   ,0.403117  ,1.10324     ,0.765554    ,0.258198   ,1.07731      ,0.689166    ,0.35224     ,1.13362     ,0.911993    ,0.514039    ,1.39505     ,0.818724    ,nan          ,nan          ,nan         ,0.0343883    ,0.0291057    ,0.0579842    ,nan          ,nan          ,nan         ,0.0207637    ,-0.00494778  ,0.00649472   ,nan          ,nan          ,nan          ,0.0288781    ,0.00405892   ,0.013036    ,0           ,0.0428235    ,8.60177e-09  ,0.116156     ,0.00127698   ,0.0631617    ,       1 ,       0 ,       1 ,       0 ,       1 ,       0
16.6267  ,0.55 , 2.955 ,     0 ,0.300015 ,-0        ,         0 ,-0       ,3.375   ,-0.275    ,0           ,3.07837 ,-0.337839 ,0.145663    ,2.675    ,-0.275    ,0.105686    ,3.35689 ,0.238002  ,0.111197    ,3.075   ,0.325     ,0.0947059   ,2.68742  ,0.239303 ,0.0922036   ,0.315815    ,1.88089     ,1.65853     ,0.326049   ,0.540256    ,0.583702   ,0.378641  ,1.10508     ,0.764182    ,0.284177   ,1.0793       ,0.707105    ,0.33036     ,1.13959     ,0.903927    ,0.53611     ,1.40124     ,0.834214    ,nan          ,nan          ,nan         ,0.0346208    ,0.0398651    ,0.064828     ,nan          ,nan          ,nan         ,0.0216118    ,0.00821644   ,0.0227829    ,nan          ,nan          ,nan          ,0.0257597    ,0.0113367    ,0.0253462   ,0           ,0.0399765    ,8.60177e-09  ,0.113779     ,0.00127698   ,0.063062     ,       1 ,       0 ,       1 ,       0 ,       1 ,       0
16.6669  ,0.6  , 2.96  ,     0 ,0.29998  ,-0        ,         0 ,-0       ,3.375   ,-0.275    ,0           ,3.0975  ,-0.344692 ,0.141748    ,2.675    ,-0.275    ,0.105686    ,3.36774 ,0.240315  ,0.10745     ,3.075   ,0.325     ,0.0947059   ,2.69704  ,0.241073 ,0.0889596   ,0.294263    ,1.88526     ,1.65193     ,0.372778   ,0.601443    ,0.675489   ,0.353855  ,1.10645     ,0.763064    ,0.311059   ,1.09748      ,0.744966    ,0.308023    ,1.14578     ,0.896361    ,0.555678    ,1.41351     ,0.85975     ,nan          ,nan          ,nan         ,0.0337288    ,0.0497329    ,0.0694238    ,nan          ,nan          ,nan         ,0.0222365    ,0.021471     ,0.0390187    ,nan          ,nan          ,nan          ,0.0226826    ,0.0191196    ,0.0379027   ,0           ,0.0360615    ,8.60177e-09  ,0.107971     ,0.00127698   ,0.0619217    ,       1 ,       0 ,       1 ,       0 ,       1 ,       0
16.7068  ,0.65 , 2.965 ,     0 ,0.299946 ,-0        ,         0 ,-0       ,3.375   ,-0.275    ,0           ,3.11675 ,-0.350151 ,0.136422    ,2.675    ,-0.275    ,0.105686    ,3.37945 ,0.243948  ,0.10159     ,3.075   ,0.325     ,0.0947059   ,2.70681  ,0.243555 ,0.084465    ,0.27231     ,1.8897      ,1.64575     ,0.417521   ,0.67549     ,0.772015   ,0.328786  ,1.10734     ,0.762194    ,0.338569   ,1.13195      ,0.802685    ,0.285233    ,1.15216     ,0.889283    ,0.572776    ,1.43227     ,0.895531    ,nan          ,nan          ,nan         ,0.0317091    ,0.058727     ,0.0717779    ,nan          ,nan          ,nan         ,0.022638     ,0.0348159    ,0.0552021    ,nan          ,nan          ,nan          ,0.019647     ,0.0274077    ,0.0507053   ,0           ,0.0351863    ,8.60177e-09  ,0.100201     ,0.00127698   ,0.057654     ,       1 ,       0 ,       1 ,       0 ,       1 ,       0
16.7469  ,0.7  , 2.97  ,     0 ,0.299912 ,-0        ,         0 ,-0       ,3.375   ,-0.275    ,0           ,3.13528 ,-0.353824 ,0.129354    ,2.675    ,-0.275    ,0.105686    ,3.39203 ,0.24866   ,0.0935797   ,3.075   ,0.325     ,0.0947059   ,2.71672  ,0.246706 ,0.0787239   ,0.249963    ,1.89417     ,1.63998     ,0.458742   ,0.761205    ,0.870222   ,0.303465  ,1.10774     ,0.761568    ,0.366434   ,1.18282      ,0.880197    ,0.261997    ,1.15869     ,0.88268     ,0.587439    ,1.45794     ,0.941757    ,nan          ,nan          ,nan         ,0.0285616    ,0.0668475    ,0.0718903    ,nan          ,nan          ,nan         ,0.0228162    ,0.0482513    ,0.0713332    ,nan          ,nan          ,nan          ,0.0166528    ,0.0362009    ,0.0637542   ,0           ,0.0318955    ,8.60177e-09  ,0.0904373    ,0.00127698   ,0.0514441    ,       1 ,       0 ,       1 ,       0 ,       1 ,       0
16.7868  ,0.75 , 2.975 ,     0 ,0.299877 ,-0        ,         0 ,-0       ,3.375   ,-0.275    ,0           ,3.15206 ,-0.355429 ,0.120288    ,2.675    ,-0.275    ,0.105686    ,3.40542 ,0.254121  ,0.0833654   ,3.075   ,0.325     ,0.0947059   ,2.72674  ,0.250468 ,0.0717448   ,0.227229    ,1.89865     ,1.6346      ,0.494901   ,0.857398    ,0.967054   ,0.277923  ,1.10763     ,0.761184    ,0.39438    ,1.25021      ,0.97744     ,0.238323    ,1.16533     ,0.876538    ,0.599699    ,1.49091     ,0.998626    ,nan          ,nan          ,nan         ,0.0242863    ,0.0740944    ,0.0697609    ,nan          ,nan          ,nan         ,0.022771     ,0.061777     ,0.0874118    ,nan          ,nan          ,nan          ,0.0137       ,0.0454993    ,0.0770493   ,0           ,0.0206936    ,8.60177e-09  ,0.0835135    ,0.00127698   ,0.0486668    ,       1 ,       0 ,       1 ,       0 ,       1 ,       0
16.8269  ,0.8  , 2.98  ,     0 ,0.299843 ,-0        ,         0 ,-0       ,3.375   ,-0.275    ,0           ,3.16605 ,-0.354769 ,0.109119    ,2.675    ,-0.275    ,0.105686    ,3.41945 ,0.259908  ,0.0708989   ,3.075   ,0.325     ,0.0947059   ,2.73679  ,0.254767 ,0.0635426   ,0.204121    ,1.90311     ,1.62959     ,0.524462   ,0.962877    ,1.05945    ,0.252194  ,1.10702     ,0.76104     ,0.422135   ,1.33422      ,1.09435     ,0.214221    ,1.17203     ,0.870843    ,0.60959     ,1.5316      ,1.06634     ,nan          ,nan          ,nan         ,0.0188833    ,0.0804677    ,0.0653897    ,nan          ,nan          ,nan         ,0.0225026    ,0.075393     ,0.103438     ,nan          ,nan          ,nan          ,0.0107886    ,0.0553029    ,0.0905907   ,0           ,0.0238495    ,8.60177e-09  ,0.0670608    ,0.00127698   ,0.0433007    ,       1 ,       0 ,       1 ,       0 ,       1 ,       0
16.8671  ,0.85 , 2.985 ,     0 ,0.299809 ,-0        ,         0 ,-0       ,3.375   ,-0.275    ,0           ,3.17618 ,-0.351674 ,0.0959669   ,2.675    ,-0.275    ,0.105686    ,3.43388 ,0.265508  ,0.0561725   ,3.075   ,0.325     ,0.0947059   ,2.74678  ,0.259509 ,0.0541409   ,0.18065     ,1.90754     ,1.62495     ,0.545887   ,1.07645     ,1.14436    ,0.226311  ,1.1059      ,0.761138    ,0.449424   ,1.43497      ,1.23086     ,0.189705    ,1.17876     ,0.865578    ,0.617145    ,1.58042     ,1.14509     ,nan          ,nan          ,nan         ,0.0123525    ,0.0859675    ,0.0587768    ,nan          ,nan          ,nan         ,0.0220108    ,0.0890995    ,0.119412     ,nan          ,nan          ,nan          ,0.00791864   ,0.0656116    ,0.104378    ,0           ,0.0242052    ,8.60177e-09  ,0.0524096    ,0.00127698   ,0.0372839    ,       1 ,       0 ,       1 ,       0 ,       1 ,       0
16.9068  ,0.9  , 2.99  ,     0 ,0.299774 ,-0        ,         0 ,-0       ,3.375   ,-0.275    ,0           ,3.18149 ,-0.345932 ,0.0812521   ,2.675    ,-0.275    ,0.105686    ,3.44831 ,0.270329  ,0.0392651   ,3.075   ,0.325     ,0.0947059   ,2.75659  ,0.26457  ,0.0435767   ,0.156831    ,1.91189     ,1.62065     ,0.557637   ,1.19693     ,1.21873    ,0.200311  ,1.10429     ,0.761481    ,0.475973   ,1.55256      ,1.3869      ,0.164791    ,1.18546     ,0.860726    ,0.622397    ,1.63777     ,1.23508     ,nan          ,nan          ,nan         ,0.00469392   ,0.0905936    ,0.0499221    ,nan          ,nan          ,nan         ,0.0212958    ,0.102896     ,0.135334     ,nan          ,nan          ,nan          ,0.00509006   ,0.0764255    ,0.118412    ,0           ,0.0235503    ,8.60177e-09  ,0.036122     ,0.00127698   ,0.0334554    ,       1 ,       1 ,       1 ,       1 ,       1 ,       1
16.9467  ,0.95 , 2.995 ,     0 ,0.29974  ,-0        ,         0 ,-0       ,3.375   ,-0.275    ,0           ,3.18121 ,-0.337209 ,0.0657748   ,2.675    ,-0.275    ,0.105686    ,3.46222 ,0.273719  ,0.0203983   ,3.075   ,0.325     ,0.0947059   ,2.76605  ,0.269797 ,0.0319068   ,0.13268     ,1.91615     ,1.61667     ,0.558175   ,1.32312     ,1.27949    ,0.174228  ,1.1022      ,0.762073    ,0.50151    ,1.68711      ,1.56242     ,0.139495    ,1.19209     ,0.856271    ,0.625381    ,1.70406     ,1.33651     ,nan          ,nan          ,nan         ,-0.00409239  ,0.0943462    ,0.0388257    ,nan          ,nan          ,nan         ,0.0203574    ,0.116783     ,0.151203     ,nan          ,nan          ,nan          ,0.00230288   ,0.0877445    ,0.132692    ,0           ,0.0163158    ,8.60177e-09  ,0.0184926    ,0.00127698   ,0.0225691    ,       1 ,       1 ,       1 ,       1 ,       1 ,       1
17.0043  ,0    , 3     ,     0 ,0.299706 ,-0        ,         0 ,-0       ,3.375   ,-0.274999 ,1.43765e-06 ,3.175   ,-0.325    ,0.0507843   ,2.675    ,-0.274998 ,0.105688    ,3.475   ,0.275     ,0           ,3.075   ,0.324998  ,0.0947075   ,2.775    ,0.275    ,0.0192157   ,0.108217    ,1.92029     ,1.61302     ,0.545964   ,1.45383     ,1.3236     ,0.148098  ,1.09964     ,0.762921    ,0.525761   ,1.83874      ,1.75735     ,0.113838    ,1.1986      ,0.852194    ,0.62613     ,1.7797      ,1.44958     ,-1.01059e-06 ,-0.132093    ,-0.158685   ,nan          ,nan          ,nan          ,5.10615e-07  ,-0.189117    ,-0.138153   ,nan          ,nan          ,nan          ,0.0293016    ,-0.179562    ,-0.100984    ,nan          ,nan          ,nan         ,1.43765e-06 ,-0.000392161 ,1.55254e-06  ,0            ,0.00127808   ,-0.00366987  ,       1 ,       1 ,       1 ,       1 ,       1 ,       1
17.0266  ,0.05 , 3.005 ,     0 ,0.298974 ,-0        ,         0 ,-0       ,3.38051 ,-0.27387  ,0.0209124   ,3.175   ,-0.325    ,0.0507843   ,2.68014  ,-0.270569 ,0.128511    ,3.475   ,0.275     ,0           ,3.08816 ,0.329632  ,0.112541    ,2.775    ,0.275    ,0.0192157   ,0.111356    ,1.76418     ,1.42812     ,0.528589   ,1.45188     ,1.30659    ,0.152393  ,0.835478    ,0.565784    ,0.508704   ,1.83539      ,1.73886     ,0.151905    ,0.981528    ,0.728703    ,0.605832    ,1.77892     ,1.44048     ,0.00501019   ,-0.121574    ,-0.141825   ,nan          ,nan          ,nan          ,0.00550245   ,-0.156822    ,-0.119826   ,nan          ,nan          ,nan          ,0.0286855    ,-0.151448    ,-0.087217    ,nan          ,nan          ,nan         ,0.0209124   ,-0.000392161 ,0.0228252    ,0            ,0.0203675    ,-0.00366987  ,       0 ,       1 ,       0 ,       1 ,       0 ,       1
17.067   ,0.1  , 3.01  ,     0 ,0.298242 ,-0        ,         0 ,-0       ,3.38696 ,-0.270824 ,0.0402901   ,3.175   ,-0.325    ,0.0507843   ,2.68576  ,-0.260594 ,0.143782    ,3.475   ,0.275     ,0           ,3.10059 ,0.328716  ,0.126352    ,2.775    ,0.275    ,0.0192157   ,0.120324    ,1.62119     ,1.26389     ,0.510785   ,1.45027     ,1.29011    ,0.164564  ,0.619231    ,0.396446    ,0.491253   ,1.83241      ,1.72101     ,0.18908     ,0.800441    ,0.623193    ,0.585062    ,1.77798     ,1.43168     ,0.00947301   ,-0.110755    ,-0.125113   ,nan          ,nan          ,nan          ,0.0103066    ,-0.12643     ,-0.10178    ,nan          ,nan          ,nan          ,0.0279415    ,-0.124731    ,-0.0735854   ,nan          ,nan          ,nan         ,0.0402901   ,-0.000392161 ,0.0380958    ,-1.11022e-16 ,0.0344255    ,-0.00366987  ,       0 ,       1 ,       0 ,       1 ,       0 ,       1
17.1068  ,0.15 , 3.015 ,     0 ,0.29751  ,-0        ,         0 ,-0       ,3.3942  ,-0.266413 ,0.0575582   ,3.175   ,-0.325    ,0.0507843   ,2.69191  ,-0.248734 ,0.152956    ,3.475   ,0.275     ,0           ,3.11219 ,0.324669  ,0.136282    ,2.775    ,0.275    ,0.0192157   ,0.134447    ,1.4917      ,1.12013     ,0.492546   ,1.449       ,1.27415    ,0.183546  ,0.447986    ,0.254479    ,0.473401   ,1.82977      ,1.70377     ,0.225195    ,0.653504    ,0.535485    ,0.563828    ,1.77685     ,1.42315     ,0.0133874    ,-0.0996344   ,-0.108549   ,nan          ,nan          ,nan          ,0.014413     ,-0.0979416   ,-0.0840148  ,nan          ,nan          ,nan          ,0.0270696    ,-0.099409    ,-0.0600898   ,nan          ,nan          ,nan         ,0.0575582   ,-0.000392161 ,0.0472697    ,0            ,0.0436873    ,-0.00366987  ,       0 ,       1 ,       0 ,       1 ,       0 ,       1
17.1471  ,0.2  , 3.02  ,     0 ,0.296778 ,-0        ,         0 ,-0       ,3.40209 ,-0.261206 ,0.0723756   ,3.175   ,-0.325    ,0.0507843   ,2.69853  ,-0.23718  ,0.157893    ,3.475   ,0.275     ,0           ,3.12305 ,0.319196  ,0.142925    ,2.775    ,0.275    ,0.0192157   ,0.153049    ,1.37608     ,0.996658    ,0.473865   ,1.44805     ,1.2587     ,0.208272  ,0.318834    ,0.139453    ,0.455145   ,1.82746      ,1.68714     ,0.260081    ,0.538885    ,0.4654      ,0.542135    ,1.7755      ,1.4149      ,0.0167535    ,-0.0882133   ,-0.0921337  ,nan          ,nan          ,nan          ,0.0178215    ,-0.0713555   ,-0.0665302  ,nan          ,nan          ,nan          ,0.0260698    ,-0.0754837   ,-0.0467301   ,nan          ,nan          ,nan         ,0.0723756   ,-0.000392161 ,0.0522066    ,0            ,0.0501126    ,-0.00366987  ,       0 ,       1 ,       0 ,       1 ,       0 ,       1
17.1869  ,0.25 , 3.025 ,     0 ,0.296046 ,-0        ,         0 ,-0       ,3.41049 ,-0.25575  ,0.084593    ,3.175   ,-0.325    ,0.0507843   ,2.70559  ,-0.227126 ,0.160263    ,3.475   ,0.275     ,0           ,3.13332 ,0.313426  ,0.146983    ,2.775    ,0.275    ,0.0192157   ,0.175457    ,1.27471     ,0.893299    ,0.454735   ,1.44739     ,1.24375    ,0.237675  ,0.228868    ,0.0509397   ,0.43648    ,1.82544      ,1.67109     ,0.293571    ,0.454751    ,0.41276     ,0.519996    ,1.77391     ,1.40689     ,0.0195711    ,-0.0764915   ,-0.0758667  ,nan          ,nan          ,nan          ,0.0205323    ,-0.0466723   ,-0.0493263  ,nan          ,nan          ,nan          ,0.0249421    ,-0.0529546   ,-0.0335064   ,nan          ,nan          ,nan         ,0.084593    ,-0.000392161 ,0.0533024    ,0            ,0.0544307    ,-0.00366987  ,       0 ,       1 ,       0 ,       1 ,       0 ,       1
17.2265  ,0.3  , 3.03  ,     0 ,0.295314 ,-0        ,         0 ,-0       ,3.41935 ,-0.250535 ,0.0942067   ,3.175   ,-0.325    ,0.0507843   ,2.7131   ,-0.219177 ,0.161299    ,3.475   ,0.275     ,0           ,3.14319 ,0.308078  ,0.149088    ,2.775    ,0.275    ,0.0192157   ,0.200994    ,1.18794     ,0.809868    ,0.435154   ,1.44701     ,1.22929    ,0.270688  ,0.175178    ,-0.0114903  ,0.417404   ,1.82369      ,1.65559     ,0.325497    ,0.399271    ,0.377387    ,0.497423    ,1.77205     ,1.39913     ,0.0218404    ,-0.0644689   ,-0.0597481  ,nan          ,nan          ,nan          ,0.0225456    ,-0.023891    ,-0.0324034  ,nan          ,nan          ,nan          ,0.0236868    ,-0.0318109   ,-0.0204176   ,nan          ,nan          ,nan         ,0.0942067   ,-0.000392161 ,0.0548311    ,0            ,0.0572612    ,-0.00366987  ,       0 ,       1 ,       0 ,       1 ,       0 ,       1
17.2668  ,0.35 , 3.035 ,     0 ,0.294582 ,-0        ,         0 ,-0       ,3.42862 ,-0.245976 ,0.101312    ,3.175   ,-0.325    ,0.0507843   ,2.72114  ,-0.213621 ,0.161743    ,3.475   ,0.275     ,0           ,3.15285 ,0.303594  ,0.14971     ,2.775    ,0.275    ,0.0192157   ,0.228987    ,1.11616     ,0.746182    ,0.415116   ,1.44689     ,1.21532    ,0.306275  ,0.154931    ,-0.0482975  ,0.397915   ,1.82219      ,1.64063     ,0.355694    ,0.370717    ,0.359112    ,0.47443     ,1.7699      ,1.3916      ,0.0235612    ,-0.0521457   ,-0.0437778  ,nan          ,nan          ,nan          ,0.0239151    ,-0.0028786   ,-0.0158178  ,nan          ,nan          ,nan          ,0.0223065    ,-0.0118975   ,-0.00745071  ,nan          ,nan          ,nan         ,0.104487    ,-0.000392161 ,0.0558038    ,0            ,0.0530408    ,-0.00366987  ,       0 ,       1 ,       0 ,       1 ,       0 ,       1
17.3065  ,0.4  , 3.04  ,     0 ,0.29385  ,-0        ,         0 ,-0       ,3.43833 ,-0.242403 ,0.106061    ,3.175   ,-0.325    ,0.0507843   ,2.72988  ,-0.210557 ,0.161894    ,3.475   ,0.275     ,0           ,3.16245 ,0.300234  ,0.149123    ,2.775    ,0.275    ,0.0192157   ,0.25876     ,1.05972     ,0.702058    ,0.394618   ,1.44699     ,1.20181    ,0.343493  ,0.165526    ,-0.0600414  ,0.378011   ,1.82091      ,1.6262      ,0.383997    ,0.367525    ,0.357778    ,0.451034    ,1.76743     ,1.38429     ,0.0247337    ,-0.0395216   ,-0.0279559  ,nan          ,nan          ,nan          ,0.0246799    ,0.0164623    ,0.00038925  ,nan          ,nan          ,nan          ,0.0208023    ,0.00683599   ,0.00539861   ,nan          ,nan          ,nan         ,0.104789    ,-0.000392161 ,0.0565282    ,0            ,0.055445     ,-0.00366987  ,       0 ,       1 ,       0 ,       1 ,       0 ,       1
17.3469  ,0.45 , 3.045 ,     0 ,0.293118 ,-0        ,         0 ,-0       ,3.44853 ,-0.240055 ,0.108622    ,3.175   ,-0.325    ,0.0507843   ,2.73949  ,-0.209989 ,0.161666    ,3.475   ,0.275     ,0           ,3.17213 ,0.298151  ,0.147417    ,2.775    ,0.275    ,0.0192157   ,0.289638    ,1.019       ,0.677314    ,0.37366    ,1.4473      ,1.18877    ,0.381418  ,0.204408    ,-0.0473004  ,0.357691   ,1.81982      ,1.61227     ,0.410245    ,0.388145    ,0.373232    ,0.427256    ,1.76463     ,1.37719     ,0.0253578    ,-0.0265969   ,-0.0122823  ,nan          ,nan          ,nan          ,0.0248401    ,0.0341317    ,0.0162178   ,nan          ,nan          ,nan          ,0.019174     ,0.0243896    ,0.0181303    ,nan          ,nan          ,nan         ,0.103826    ,-0.000392161 ,0.0569313    ,0            ,0.05844      ,-0.00366987  ,       0 ,       1 ,       0 ,       1 ,       0 ,       1
17.3868  ,0.5  , 3.05  ,     0 ,0.292386 ,-0        ,         0 ,-0       ,3.45927 ,-0.239082 ,0.109152    ,3.175   ,-0.325    ,0.0507843   ,2.75017  ,-0.211843 ,0.160668    ,3.475   ,0.275     ,0           ,3.18199 ,0.297418  ,0.144516    ,2.775    ,0.275    ,0.0192157   ,0.320948    ,0.994381    ,0.671767    ,0.35224    ,1.44779     ,1.17618    ,0.419126  ,0.269022    ,-0.010653   ,0.336959   ,1.81891      ,1.59882     ,0.434274    ,0.43103     ,0.405318    ,0.403117    ,1.76148     ,1.37029     ,0.0254342    ,-0.013371    ,0.00324288  ,nan          ,nan          ,nan          ,0.0243956    ,0.0501295    ,0.0316679   ,nan          ,nan          ,nan          ,0.0174219    ,0.0407634    ,0.0307445    ,nan          ,nan          ,nan         ,0.0958121   ,-0.000392161 ,0.0479935    ,0            ,0.0600927    ,-0.00366987  ,       0 ,       1 ,       0 ,       1 ,       0 ,       1
17.4267  ,0.55 , 3.055 ,     0 ,0.291654 ,-0        ,         0 ,-0       ,3.4706  ,-0.239544 ,0.107767    ,3.175   ,-0.325    ,0.0507843   ,2.76205  ,-0.21595  ,0.158292    ,3.475   ,0.275     ,0           ,3.19209 ,0.298035  ,0.140209    ,2.775    ,0.275    ,0.0192157   ,0.352036    ,0.986233    ,0.685233    ,0.33036    ,1.44843     ,1.16402    ,0.455692  ,0.356812    ,0.0493221   ,0.315815   ,1.81814      ,1.58585     ,0.455923    ,0.494631    ,0.453884    ,0.378641    ,1.75795     ,1.36359     ,0.0250106    ,0.000188124  ,0.0186166   ,nan          ,nan          ,nan          ,0.0233464    ,0.0644558    ,0.0467396   ,nan          ,nan          ,nan          ,0.0155525    ,0.055954     ,0.0432408    ,nan          ,nan          ,nan         ,0.0927135   ,-0.000392161 ,0.0513526    ,0            ,0.0610934    ,-0.00366987  ,       0 ,       1 ,       0 ,       1 ,       0 ,       1
17.467   ,0.6  , 3.06  ,     0 ,0.290922 ,-0        ,         0 ,-0       ,3.48257 ,-0.241406 ,0.104526    ,3.175   ,-0.325    ,0.0507843   ,2.77515  ,-0.222022 ,0.15381     ,3.475   ,0.275     ,0           ,3.20243 ,0.299919  ,0.134192    ,2.775    ,0.275    ,0.0192157   ,0.382312    ,0.994988    ,0.717524    ,0.308023   ,1.44919     ,1.15229    ,0.490212  ,0.465243    ,0.132024    ,0.294263   ,1.81748      ,1.57333     ,0.475106    ,0.577362    ,0.518769    ,0.353854    ,1.75405     ,1.35708     ,0.0241159    ,0.0140999    ,0.0338369   ,nan          ,nan          ,nan          ,0.0217518    ,0.0771666    ,0.0613652   ,nan          ,nan          ,nan          ,0.0136873    ,0.0699034    ,0.0556133    ,nan          ,nan          ,nan         ,0.0896096   ,-0.000392161 ,0.0537075    ,0            ,0.0765293    ,-0.00366987  ,       0 ,       1 ,       0 ,       1 ,       0 ,       1
17.507   ,0.65 , 3.065 ,     0 ,0.29019  ,-0        ,         0 ,-0       ,3.49512 ,-0.244554 ,0.0994156   ,3.175   ,-0.325    ,0.0507843   ,2.78933  ,-0.22959  ,0.146512    ,3.475   ,0.275     ,0           ,3.21297 ,0.30289   ,0.126117    ,2.775    ,0.275    ,0.0192157   ,0.411198    ,1.02108     ,0.768452    ,0.285233   ,1.45005     ,1.14098    ,0.522024  ,0.592007    ,0.236574    ,0.27231    ,1.81692      ,1.56124     ,0.491873    ,0.677573    ,0.599811    ,0.328786    ,1.74975     ,1.35075     ,0.0227501    ,0.0283643    ,0.0489038   ,nan          ,nan          ,nan          ,0.0198168    ,0.0884559    ,0.0753103   ,nan          ,nan          ,nan          ,0.0118714    ,0.08259      ,0.0678599    ,nan          ,nan          ,nan         ,0.0864295   ,-0.000392161 ,0.0544808    ,0            ,0.071298     ,-0.00366987  ,       0 ,       1 ,       0 ,       1 ,       0 ,       1
17.5468  ,0.7  , 3.07  ,     0 ,0.289458 ,-0        ,         0 ,-0       ,3.50816 ,-0.248799 ,0.0923515   ,3.175   ,-0.325    ,0.0507843   ,2.80425  ,-0.238045 ,0.135801    ,3.475   ,0.275     ,0           ,3.2236  ,0.306675  ,0.115653    ,2.775    ,0.275    ,0.0192157   ,0.438113    ,1.06495     ,0.837827    ,0.261997   ,1.45096     ,1.13007    ,0.550632  ,0.734954    ,0.361906    ,0.249963   ,1.81642      ,1.54958     ,0.50629     ,0.793605    ,0.696844    ,0.303465    ,1.74504     ,1.34461     ,0.0209134    ,0.0429814    ,0.0638173   ,nan          ,nan          ,nan          ,0.017559     ,0.0983403    ,0.0885552   ,nan          ,nan          ,nan          ,0.0101048    ,0.0940138    ,0.0799806    ,nan          ,nan          ,nan         ,0.0906937   ,-0.000392161 ,0.0680762    ,0            ,0.0798032    ,-0.00366987  ,       0 ,       1 ,       0 ,       1 ,       0 ,       1
17.5867  ,0.75 , 3.075 ,     0 ,0.288725 ,-0        ,         0 ,-0       ,3.52146 ,-0.25387  ,0.0831827   ,3.175   ,-0.325    ,0.0507843   ,2.8194   ,-0.246733 ,0.121279    ,3.475   ,0.275     ,0           ,3.2341  ,0.310925  ,0.102541    ,2.775    ,0.275    ,0.0192157   ,0.462478    ,1.12702     ,0.925461    ,0.238323   ,1.4519      ,1.11954    ,0.575541  ,0.891937    ,0.506949    ,0.227229   ,1.81596      ,1.53832     ,0.51842     ,0.923803    ,0.809703    ,0.277923    ,1.73993     ,1.33865     ,0.0186055    ,0.0579512    ,0.0785774   ,nan          ,nan          ,nan          ,0.0149784    ,0.10682      ,0.1011      ,nan          ,nan          ,nan          ,0.00838741   ,0.104175     ,0.0919755    ,nan          ,nan          ,nan         ,0.0808226   ,-0.000392161 ,0.0795902    ,0            ,0.0814244    ,-0.00366987  ,       0 ,       1 ,       0 ,       1 ,       0 ,       1
17.6269  ,0.8  , 3.08  ,     0 ,0.287993 ,-0        ,         0 ,-0       ,3.53469 ,-0.259408 ,0.0717136   ,3.175   ,-0.325    ,0.0507843   ,2.83412  ,-0.255016 ,0.102836    ,3.475   ,0.275     ,0           ,3.24423 ,0.315232  ,0.0866577   ,2.775    ,0.275    ,0.0192157   ,0.483714    ,1.20772     ,1.03116     ,0.214221   ,1.45283     ,1.10939    ,0.596259  ,1.06081     ,0.670631    ,0.204121   ,1.8155       ,1.52745     ,0.528326    ,1.06651     ,0.938221    ,0.252194    ,1.73439     ,1.33286     ,0.0158267    ,0.0732736    ,0.0931841   ,nan          ,nan          ,nan          ,0.0120747    ,0.113895     ,0.112943    ,nan          ,nan          ,nan          ,0.0067113    ,0.113094     ,0.103842     ,nan          ,nan          ,nan         ,0.0717136   ,-0.000392161 ,0.0858251    ,0            ,0.0814295    ,-0.00366987  ,       0 ,       1 ,       0 ,       1 ,       0 ,       1
17.6669  ,0.85 , 3.085 ,     0 ,0.287261 ,-0        ,         0 ,-0       ,3.54734 ,-0.264951 ,0.0577408   ,3.175   ,-0.325    ,0.0507843   ,2.84767  ,-0.262329 ,0.0807091   ,3.475   ,0.275     ,0           ,3.25366 ,0.319164  ,0.0680625   ,2.775    ,0.275    ,0.0192157   ,0.501239    ,1.30751     ,1.15475     ,0.189705   ,1.45372     ,1.0996     ,0.61227   ,1.23944     ,0.851832    ,0.18065    ,1.81503      ,1.51694     ,0.536036    ,1.22017     ,1.08222     ,0.226311    ,1.72843     ,1.32726     ,0.0125768    ,0.0889487    ,0.107637    ,nan          ,nan          ,nan          ,0.00880795   ,0.119597     ,0.123993    ,nan          ,nan          ,nan          ,0.00503768   ,0.120871     ,0.115568     ,nan          ,nan          ,nan         ,0.0577408   ,-0.000392161 ,0.0774982    ,0            ,0.0680625    ,-0.00366987  ,       0 ,       1 ,       0 ,       1 ,       0 ,       1
17.7068  ,0.9  , 3.09  ,     0 ,0.286529 ,-0        ,         0 ,-0       ,3.5588  ,-0.269911 ,0.0411098   ,3.175   ,-0.325    ,0.0507843   ,2.85935  ,-0.268225 ,0.0555127   ,3.475   ,0.275     ,0           ,3.2621  ,0.322303  ,0.0470334   ,2.775    ,0.275    ,0.0192157   ,0.514475    ,1.4268      ,1.29603     ,0.164791   ,1.45453     ,1.09016    ,0.622986  ,1.42575     ,1.04926     ,0.156831   ,1.8145       ,1.5068      ,0.541549    ,1.3833      ,1.24152     ,0.200311    ,1.72206     ,1.32185     ,0.00885579   ,0.104976     ,0.121937    ,nan          ,nan          ,nan          ,0.00514766   ,0.12395      ,0.134176    ,nan          ,nan          ,nan          ,0.00336138   ,0.127519     ,0.127152     ,nan          ,nan          ,nan         ,0.0411098   ,-0.000392161 ,0.04347      ,0            ,0.0470334    ,-0.00366987  ,       1 ,       1 ,       1 ,       1 ,       1 ,       1
17.7467  ,0.95 , 3.095 ,     0 ,0.285797 ,-0        ,         0 ,-0       ,3.56831 ,-0.273557 ,0.0217949   ,3.175   ,-0.325    ,0.0507843   ,2.86857  ,-0.272452 ,0.0282022   ,3.475   ,0.275     ,0           ,3.26926 ,0.324314  ,0.0240923   ,2.775    ,0.275    ,0.0192157   ,0.522842    ,1.56603     ,1.45481     ,0.139495   ,1.45522     ,1.08104    ,0.627807  ,1.61769     ,1.26159     ,0.13268    ,1.8139       ,1.49699     ,0.544859    ,1.55441     ,1.41593     ,0.174228    ,1.71527     ,1.31662     ,0.00466379   ,0.121357     ,0.136084    ,nan          ,nan          ,nan          ,0.00109385   ,0.126955     ,0.143494    ,nan          ,nan          ,nan          ,0.00168241   ,0.13304      ,0.138595     ,nan          ,nan          ,nan         ,0.0217949   ,-0.000392161 ,0.0276841    ,0            ,0.0240923    ,-0.00366987  ,       1 ,       1 ,       1 ,       1 ,       1 ,       1
17.7986  ,0    , 3.1   ,     0 ,0.285065 ,-0        ,         0 ,-0       ,3.575   ,-0.275    ,0           ,3.175   ,-0.324998 ,0.050786    ,2.875    ,-0.275    ,0           ,3.475   ,0.274998  ,1.51094e-06 ,3.275   ,0.325     ,0           ,2.775    ,0.274999 ,0.0192173   ,0.525761    ,1.72563     ,1.6309      ,0.113838   ,1.45575     ,1.07224    ,0.62613   ,1.81319     ,1.48751     ,0.108217   ,1.81319      ,1.48751     ,0.545964    ,1.73203     ,1.60526     ,0.148098    ,1.70807     ,1.31159     ,nan          ,nan          ,nan         ,0.0475571    ,-0.130444    ,-0.0560956   ,nan          ,nan          ,nan         ,-0.0280205   ,-0.119663    ,-0.146268    ,nan          ,nan          ,nan          ,-0.0184257   ,-0.101016    ,-0.137152   ,0           ,-0.000391441 ,0            ,8.11357e-07  ,0            ,-0.00366776  ,       1 ,       1 ,       1 ,       1 ,       1 ,       1
17.8268  ,0.05 , 3.105 ,     0 ,0.283395 ,-0        ,         0 ,-0       ,3.575   ,-0.275    ,0           ,3.18954 ,-0.332827 ,0.0585824   ,2.875    ,-0.275    ,0           ,3.47131 ,0.274655  ,0.0285059   ,3.275   ,0.325     ,0           ,2.77278  ,0.2625   ,0.0498113   ,0.508704    ,1.71551     ,1.60526     ,0.156237   ,1.34214     ,1.02217    ,0.605832  ,1.80551     ,1.47053     ,0.0651484  ,1.5983       ,1.2399      ,0.528589    ,1.72291     ,1.58016     ,0.118102    ,1.5037      ,1.04721     ,nan          ,nan          ,nan         ,0.0450793    ,-0.11777     ,-0.0531963   ,nan          ,nan          ,nan         ,-0.0209291   ,-0.124567    ,-0.135372    ,nan          ,nan          ,nan          ,-0.0123287   ,-0.107576    ,-0.133049   ,0           ,0.01469      ,0            ,0.0223903    ,0            ,0.0330645    ,       1 ,       0 ,       1 ,       0 ,       1 ,       0
17.8668  ,0.1  , 3.11  ,     0 ,0.281725 ,-0        ,         0 ,-0       ,3.575   ,-0.275    ,0           ,3.20387 ,-0.337645 ,0.0659792   ,2.875    ,-0.275    ,0           ,3.47027 ,0.272901  ,0.0559886   ,3.275   ,0.325     ,0           ,2.77309  ,0.248745 ,0.0798945   ,0.491253    ,1.70576     ,1.58029     ,0.196375   ,1.24015     ,0.975051   ,0.585062  ,1.79769     ,1.45391     ,0.034889   ,1.37654      ,1.01226     ,0.510785    ,1.71417     ,1.55572     ,0.0995791   ,1.28898     ,0.79195     ,nan          ,nan          ,nan         ,0.0426178    ,-0.105036    ,-0.049629    ,nan          ,nan          ,nan         ,-0.0134422   ,-0.127478    ,-0.123552    ,nan          ,nan          ,nan          ,-0.00669158  ,-0.111599    ,-0.127827   ,0           ,0.0212312    ,0            ,0.0300466    ,0            ,0.0338324    ,       1 ,       0 ,       1 ,       0 ,       1 ,       0
17.9067  ,0.15 , 3.115 ,     0 ,0.280056 ,-0        ,         0 ,-0       ,3.575   ,-0.275    ,0           ,3.21773 ,-0.340001 ,0.0726289   ,2.875    ,-0.275    ,0           ,3.47194 ,0.269211  ,0.0806232   ,3.275   ,0.325     ,0           ,2.77531  ,0.232775 ,0.107312    ,0.473401    ,1.69637     ,1.55597     ,0.234267   ,1.14985     ,0.931508   ,0.563828  ,1.78969     ,1.43761     ,0.0181346  ,1.15142      ,0.806192    ,0.492546    ,1.7058      ,1.53191     ,0.0916305   ,1.06888     ,0.547997    ,nan          ,nan          ,nan         ,0.0401727    ,-0.0922417   ,-0.0453939   ,nan          ,nan          ,nan         ,-0.00555961  ,-0.128398    ,-0.110808    ,nan          ,nan          ,nan          ,-0.00151432  ,-0.113084    ,-0.121484   ,0           ,0.0308687    ,0            ,0.0224524    ,0            ,0.0579102    ,       1 ,       0 ,       1 ,       0 ,       1 ,       0
17.9469  ,0.2  , 3.12  ,     0 ,0.278386 ,-0        ,         0 ,-0       ,3.575   ,-0.275    ,0           ,3.23097 ,-0.340432 ,0.0783113   ,2.875    ,-0.275    ,0           ,3.47637 ,0.26382   ,0.100995    ,3.275   ,0.325     ,0           ,2.77886  ,0.21449  ,0.130213    ,0.455145    ,1.6873      ,1.53226     ,0.269928   ,1.07129     ,0.892147   ,0.542135  ,1.7815      ,1.42163     ,0.0155803  ,0.926428     ,0.623338    ,0.473865    ,1.69777     ,1.50872     ,0.0933566   ,0.84835     ,0.317541    ,nan          ,nan          ,nan         ,0.037744     ,-0.0793874   ,-0.0404909   ,nan          ,nan          ,nan         ,0.00271857   ,-0.127325    ,-0.0971394   ,nan          ,nan          ,nan          ,0.00320306   ,-0.112031    ,-0.114022   ,0           ,0.0360224    ,0            ,0.0241498    ,0            ,0.0812176    ,       1 ,       0 ,       1 ,       0 ,       1 ,       0
17.9868  ,0.25 , 3.125 ,     0 ,0.276716 ,-0        ,         0 ,-0       ,3.575   ,-0.275    ,0           ,3.24349 ,-0.339436 ,0.0829035   ,2.875    ,-0.275    ,0           ,3.48346 ,0.257578  ,0.116303    ,3.275   ,0.325     ,0           ,2.78315  ,0.194581 ,0.147303    ,0.43648     ,1.67853     ,1.50916     ,0.303374   ,1.00453     ,0.85758    ,0.519996  ,1.77308     ,1.40596     ,0.0277734  ,0.705071     ,0.465246    ,0.454735    ,1.69005     ,1.48612     ,0.103858    ,0.632364    ,0.102774    ,nan          ,nan          ,nan         ,0.0353316    ,-0.0664733   ,-0.03492     ,nan          ,nan          ,nan         ,0.0110027    ,-0.124265    ,-0.0827285   ,nan          ,nan          ,nan          ,0.00746304   ,-0.108435    ,-0.10543    ,0           ,0.0441484    ,0            ,0.0223963    ,0            ,0.101497     ,       1 ,       0 ,       1 ,       0 ,       1 ,       0
18.0267  ,0.3  , 3.13  ,     0 ,0.275046 ,-0        ,         0 ,-0       ,3.575   ,-0.275    ,0           ,3.2553  ,-0.337458 ,0.0863514   ,2.875    ,-0.275    ,0           ,3.49275 ,0.251608  ,0.12654     ,3.275   ,0.325     ,0           ,2.7877   ,0.174345 ,0.158015    ,0.417404    ,1.67003     ,1.48663     ,0.334619   ,0.949613    ,0.828419   ,0.497423  ,1.76439     ,1.39057     ,0.05342    ,0.490822     ,0.332615    ,0.435154    ,1.68261     ,1.46409     ,0.122334    ,0.426152    ,-0.0937194  ,nan          ,nan          ,nan         ,0.0329356    ,-0.0534991   ,-0.0286812   ,nan          ,nan          ,nan         ,0.0179414    ,-0.119237    ,-0.0682057   ,nan          ,nan          ,nan          ,0.011388     ,-0.101952    ,-0.0952131  ,0           ,0.0636473    ,0            ,0.0262556    ,0            ,0.118415     ,       1 ,       0 ,       1 ,       0 ,       1 ,       0
18.0668  ,0.35 , 3.135 ,     0 ,0.273376 ,-0        ,         0 ,-0       ,3.575   ,-0.275    ,0           ,3.26642 ,-0.334883 ,0.0886454   ,2.875    ,-0.275    ,0           ,3.50379 ,0.247023  ,0.132437    ,3.275   ,0.325     ,0           ,2.79217  ,0.15545  ,0.162576    ,0.397915    ,1.66178     ,1.46465     ,0.363678   ,0.906601    ,0.805274   ,0.47443   ,1.75542     ,1.37546     ,0.0899768  ,0.287138     ,0.225556    ,0.415116    ,1.67544     ,1.44261     ,0.148224    ,0.235625    ,-0.268377   ,nan          ,nan          ,nan         ,0.030556     ,-0.040465    ,-0.0217746   ,nan          ,nan          ,nan         ,0.0234195    ,-0.112241    ,-0.0536244   ,nan          ,nan          ,nan          ,0.0150458    ,-0.0923929   ,-0.083097   ,0           ,0.0711572    ,0            ,0.0281438    ,0            ,0.131125     ,       1 ,       0 ,       1 ,       0 ,       1 ,       0
18.107   ,0.4  , 3.14  ,     0 ,0.271706 ,-0        ,         0 ,-0       ,3.575   ,-0.275    ,0           ,3.27692 ,-0.332038 ,0.0897983   ,2.875    ,-0.275    ,0           ,3.51634 ,0.244701  ,0.135286    ,3.275   ,0.325     ,0           ,2.79649  ,0.139457 ,0.162038    ,0.37801     ,1.65375     ,1.44321     ,0.390566   ,0.875547    ,0.788757   ,0.451034  ,1.74613     ,1.36061     ,0.134877   ,0.0974773    ,0.144174    ,0.394618    ,1.6685      ,1.42165     ,0.181006    ,0.0667976   ,-0.417483   ,nan          ,nan          ,nan         ,0.0281927    ,-0.0273709   ,-0.0142      ,nan          ,nan          ,nan         ,0.0274371    ,-0.103278    ,-0.0389848   ,nan          ,nan          ,nan          ,0.0184364    ,-0.0797585   ,-0.0690816  ,0           ,0.0776914    ,0            ,0.0301679    ,0            ,0.152983     ,       1 ,       0 ,       1 ,       0 ,       1 ,       0
18.147   ,0.45 , 3.145 ,     0 ,0.270036 ,-0        ,         0 ,-0       ,3.575   ,-0.275    ,0           ,3.2869  ,-0.329191 ,0.0898285   ,2.875    ,-0.275    ,0           ,3.53042 ,0.245072  ,0.136703    ,3.275   ,0.325     ,0           ,2.80081  ,0.127513 ,0.158048    ,0.357691    ,1.64591     ,1.42228     ,0.415299   ,0.856508    ,0.77948    ,0.427256  ,1.7365      ,1.34601     ,0.185555   ,-0.0747045   ,0.0885698   ,0.37366     ,1.66176     ,1.40121     ,0.220157    ,-0.0743149  ,-0.537324   ,nan          ,nan          ,nan         ,0.0258458    ,-0.0142168   ,-0.00595764  ,nan          ,nan          ,nan         ,0.0299941    ,-0.0923484   ,-0.0242868   ,nan          ,nan          ,nan          ,0.0215599    ,-0.0640484   ,-0.053167   ,0           ,0.0833847    ,0            ,0.0306606    ,0            ,0.1445       ,       1 ,       0 ,       1 ,       0 ,       1 ,       0
18.1868  ,0.5  , 3.15  ,     0 ,0.268366 ,-0        ,         0 ,-0       ,3.575   ,-0.275    ,0           ,3.29642 ,-0.32656  ,0.0887457   ,2.875    ,-0.275    ,0           ,3.54609 ,0.247931  ,0.138316    ,3.275   ,0.325     ,0           ,2.80549  ,0.120231 ,0.152502    ,0.336959    ,1.63824     ,1.40185     ,0.43789    ,0.849537    ,0.778054   ,0.403117  ,1.7265      ,1.33166     ,0.239564   ,-0.225658    ,0.0584687   ,0.35224     ,1.6552      ,1.38126     ,0.26514     ,-0.181835   ,-0.624228   ,nan          ,nan          ,nan         ,0.0235153    ,-0.0010028   ,0.00295264   ,nan          ,nan          ,nan         ,0.0313115    ,-0.0789193   ,-0.0102204   ,nan          ,nan          ,nan          ,0.0243561    ,-0.0458411   ,-0.0355235  ,0           ,0.0883582    ,0            ,0.0312445    ,0            ,0.143137     ,       1 ,       0 ,       1 ,       0 ,       1 ,       0
18.2266  ,0.55 , 3.155 ,     0 ,0.266696 ,-0        ,         0 ,-0       ,3.575   ,-0.275    ,0           ,3.3056  ,-0.324311 ,0.0865389   ,2.875    ,-0.275    ,0           ,3.56323 ,0.252119  ,0.141241    ,3.275   ,0.325     ,0           ,2.81107  ,0.117877 ,0.146542    ,0.315815    ,1.6307      ,1.38189     ,0.458352   ,0.854711    ,0.785104   ,0.378641  ,1.71611     ,1.31753     ,0.295047   ,-0.350219    ,0.0517579   ,0.33036     ,1.64878     ,1.36179     ,0.314727    ,-0.256555   ,-0.676481   ,nan          ,nan          ,nan         ,0.0211898    ,0.0123369    ,0.0125767    ,nan          ,nan          ,nan         ,0.0316725    ,-0.0623086   ,0.00232978   ,nan          ,nan          ,nan          ,0.0261615    ,-0.031518    ,-0.0180287  ,0           ,0.0841572    ,0            ,0.0355552    ,0            ,0.13844      ,       1 ,       0 ,       1 ,       0 ,       1 ,       0
18.2664  ,0.6  , 3.16  ,     0 ,0.265026 ,-0        ,         0 ,-0       ,3.575   ,-0.275    ,0           ,3.3145  ,-0.322571 ,0.0831632   ,2.875    ,-0.275    ,0           ,3.58138 ,0.256303  ,0.145793    ,3.275   ,0.325     ,0           ,2.81832  ,0.120703 ,0.139926    ,0.294263    ,1.62327     ,1.3624      ,0.476683   ,0.872181    ,0.801311   ,0.353854  ,1.7053      ,1.30364     ,0.350324   ,-0.442791    ,0.065767    ,0.308023    ,1.64249     ,1.34277     ,0.366696    ,-0.308787   ,-0.695175   ,nan          ,nan          ,nan         ,0.0188585    ,0.0258652    ,0.0229585    ,nan          ,nan          ,nan         ,0.0310782    ,-0.0425139   ,0.0133603    ,nan          ,nan          ,nan          ,0.0267929    ,-0.0228422   ,-0.00120173 ,0           ,0.0830169    ,0            ,0.0401065    ,0            ,0.129813     ,       1 ,       0 ,       1 ,       0 ,       1 ,       0
18.3065  ,0.65 , 3.165 ,     0 ,0.263356 ,-0        ,         0 ,-0       ,3.575   ,-0.275    ,0           ,3.32317 ,-0.32142  ,0.0785413   ,2.875    ,-0.275    ,0           ,3.59987 ,0.259522  ,0.151472    ,3.275   ,0.325     ,0           ,2.82825  ,0.129015 ,0.13211     ,0.27231     ,1.61592     ,1.34334     ,0.492877   ,0.902122    ,0.827368   ,0.328786  ,1.69407     ,1.28997     ,0.403718   ,-0.497778    ,0.0978255   ,0.285233    ,1.63627     ,1.32418     ,0.418751    ,-0.349575   ,-0.681616   ,nan          ,nan          ,nan         ,0.0165215    ,0.0395819    ,0.0340981    ,nan          ,nan          ,nan         ,0.0295285    ,-0.0195352   ,0.0228712    ,nan          ,nan          ,nan          ,0.0262501    ,-0.019814    ,0.0149576   ,0           ,0.0807595    ,0            ,0.0457857    ,0            ,0.116345     ,       1 ,       0 ,       1 ,       0 ,       1 ,       0
18.347   ,0.7  , 3.17  ,     0 ,0.261686 ,-0        ,         0 ,-0       ,3.575   ,-0.275    ,0           ,3.33165 ,-0.320888 ,0.0725637   ,2.875    ,-0.275    ,0           ,3.61794 ,0.261389  ,0.157105    ,3.275   ,0.325     ,0           ,2.84205  ,0.143253 ,0.12292     ,0.249963    ,1.60862     ,1.32472     ,0.506929   ,0.944706    ,0.863969   ,0.303465  ,1.68239     ,1.27652     ,0.453549   ,-0.509587    ,0.145263    ,0.261997    ,1.63011     ,1.30602     ,0.468597    ,-0.389963   ,-0.63711    ,nan          ,nan          ,nan         ,0.0141787    ,0.0534872    ,0.0459953    ,nan          ,nan          ,nan         ,0.0270235    ,0.00662754   ,0.0308625    ,nan          ,nan          ,nan          ,0.0245333    ,-0.0224331   ,0.0304491   ,0           ,0.0725637    ,0            ,0.0514183    ,0            ,0.112007     ,       1 ,       0 ,       1 ,       0 ,       1 ,       0
18.3868  ,0.75 , 3.175 ,     0 ,0.260016 ,-0        ,         0 ,-0       ,3.575   ,-0.275    ,0           ,3.33994 ,-0.320956 ,0.0650921   ,2.875    ,-0.275    ,0           ,3.63492 ,0.262191  ,0.16114     ,3.275   ,0.325     ,0           ,2.86099  ,0.164014 ,0.113247    ,0.227229    ,1.60134     ,1.3065      ,0.518834   ,1.00011     ,0.911808   ,0.277923  ,1.67025     ,1.26328     ,0.497875   ,-0.47335     ,0.205763    ,0.238323    ,1.62397     ,1.28827     ,0.513938    ,-0.440994   ,-0.562962   ,nan          ,nan          ,nan         ,0.0118301    ,0.0675811    ,0.0586503    ,nan          ,nan          ,nan         ,0.0231099    ,0.0347192    ,0.037944     ,nan          ,nan          ,nan          ,0.0216425    ,-0.0306996   ,0.045273    ,0           ,0.0650921    ,0            ,0.0554535    ,0            ,0.0637662    ,       1 ,       0 ,       1 ,       0 ,       1 ,       0
18.427   ,0.8  , 3.18  ,     0 ,0.258346 ,-0        ,         0 ,-0       ,3.575   ,-0.275    ,0           ,3.34798 ,-0.321543 ,0.0559673   ,2.875    ,-0.275    ,0           ,3.65028 ,0.263007  ,0.162194    ,3.275   ,0.325     ,0           ,2.88564  ,0.191057 ,0.10641     ,0.204121    ,1.59404     ,1.28868     ,0.528586   ,1.06849     ,0.971578   ,0.252194  ,1.65763     ,1.25026     ,0.533676   ,-0.387184    ,0.27846     ,0.214221    ,1.61782     ,1.2709      ,0.552696    ,-0.503027   ,-0.459197   ,nan          ,nan          ,nan         ,0.00947578   ,0.0818634    ,0.072063     ,nan          ,nan          ,nan         ,0.0173221    ,0.0634498    ,0.0447429    ,nan          ,nan          ,nan          ,0.0179417    ,-0.0267883   ,0.0615642   ,0           ,0.0559673    ,0            ,0.054885     ,0            ,0.0337734    ,       1 ,       0 ,       1 ,       0 ,       1 ,       0
18.4671  ,0.85 , 3.185 ,     0 ,0.256676 ,-0        ,         0 ,-0       ,3.575   ,-0.275    ,0           ,3.35569 ,-0.322503 ,0.0450231   ,2.875    ,-0.275    ,0           ,3.66337 ,0.26489   ,0.158797    ,3.275   ,0.325     ,0           ,2.91306  ,0.219513 ,0.108057    ,0.18065     ,1.5867      ,1.27124     ,0.53618    ,1.15004     ,1.04397    ,0.226311  ,1.64453     ,1.23746     ,0.55766    ,-0.249967    ,0.362856    ,0.189705    ,1.61161     ,1.2539      ,0.583906    ,-0.521978   ,-0.319322   ,nan          ,nan          ,nan         ,0.00711565   ,0.0963343    ,0.0862335    ,nan          ,nan          ,nan         ,0.00965995   ,0.0928192    ,0.0512589    ,nan          ,nan          ,nan          ,0.0139254    ,0.0134905    ,0.08222     ,0           ,0.0450231    ,0            ,0.0523477    ,0            ,0.0368634    ,       1 ,       0 ,       1 ,       0 ,       1 ,       0
18.507   ,0.9  , 3.19  ,     0 ,0.255007 ,-0        ,         0 ,-0       ,3.575   ,-0.275    ,0           ,3.36291 ,-0.323616 ,0.0321075   ,2.875    ,-0.275    ,0           ,3.67319 ,0.268302  ,0.149266    ,3.275   ,0.325     ,0           ,2.93899  ,0.244346 ,0.117107    ,0.156831    ,1.57928     ,1.25417     ,0.541612   ,1.24492     ,1.12969    ,0.200311  ,1.63095     ,1.22488     ,0.566531   ,-0.0605757   ,0.458455    ,0.164791    ,1.60532     ,1.23726     ,0.606956    ,-0.42647    ,-0.13477    ,nan          ,nan          ,nan         ,0.00474975   ,0.110994     ,0.101162     ,nan          ,nan          ,nan         ,0.000123482  ,0.122827     ,0.0574922    ,nan          ,nan          ,nan          ,0.00959634   ,0.0902727    ,0.107257    ,0           ,0.0321075    ,0            ,0.0434608    ,0            ,0.0253452    ,       1 ,       1 ,       1 ,       1 ,       1 ,       1
18.5467  ,0.95 , 3.195 ,     0 ,0.253337 ,-0        ,         0 ,-0       ,3.575   ,-0.275    ,0           ,3.36943 ,-0.324577 ,0.0171105   ,2.875    ,-0.275    ,0           ,3.67794 ,0.27255   ,0.131909    ,3.275   ,0.325     ,0           ,2.96102  ,0.264153 ,0.12302     ,0.13268     ,1.57174     ,1.23744     ,0.544874   ,1.35331     ,1.22941    ,0.174228  ,1.61687     ,1.21253     ,0.556996   ,0.182112     ,0.56476     ,0.139495    ,1.59891     ,1.22095     ,0.621235    ,-0.145117   ,0.103026    ,nan          ,nan          ,nan         ,0.00237807   ,0.125842     ,0.116848     ,nan          ,nan          ,nan         ,-0.0112873   ,0.153475     ,0.0634428    ,nan          ,nan          ,nan          ,0.00495445   ,0.203558     ,0.136674    ,0           ,0.0171105    ,0            ,0.0264162    ,0            ,0.0141925    ,       1 ,       1 ,       1 ,       1 ,       1 ,       1
18.6044  ,0    , 3.2   ,     0 ,0.251667 ,-0        ,         0 ,-0       ,3.575   ,-0.274998 ,1.59948e-06 ,3.375   ,-0.325    ,0           ,2.875    ,-0.274999 ,1.68731e-06 ,3.675   ,0.275     ,0.105686    ,3.275   ,0.324998  ,1.66606e-06 ,2.975    ,0.275    ,0.105686    ,0.108217    ,1.56406     ,1.22105     ,0.545964   ,1.47537     ,1.34384    ,0.148098  ,1.6023      ,1.20041     ,0.525761   ,0.479219     ,0.681274    ,0.113838    ,1.59233     ,1.20496     ,0.62613     ,0.393465    ,0.402634    ,-7.6864e-07  ,-0.138798    ,-0.138242   ,nan          ,nan          ,nan          ,0.000902004  ,-0.132573    ,-0.140693   ,nan          ,nan          ,nan          ,-8.07159e-07 ,-0.137287    ,-0.139076    ,nan          ,nan          ,nan         ,1.59948e-06 ,0            ,1.50983e-06  ,-0.0017449   ,1.66606e-06  ,-0.000775972 ,       1 ,       1 ,       1 ,       1 ,       1 ,       1
18.6266  ,0.05 , 3.205 ,     0 ,0.252845 ,-0        ,         0 ,-0       ,3.58045 ,-0.273474 ,0.0213985   ,3.375   ,-0.325    ,0           ,2.88038  ,-0.272012 ,0.0306131   ,3.675   ,0.275     ,0.105686    ,3.28021 ,0.323493  ,0.0209367   ,2.975    ,0.275    ,0.105686    ,0.111247    ,1.40659     ,1.06559     ,0.528589   ,1.48841     ,1.34105    ,0.15248   ,1.3772      ,0.971709    ,0.508704   ,0.485455     ,0.669488    ,0.115811    ,1.44094     ,1.05216     ,0.605832    ,0.416523    ,0.406045    ,0.00496617   ,-0.123814    ,-0.121031   ,nan          ,nan          ,nan          ,0.00427864   ,-0.13551     ,-0.131946   ,nan          ,nan          ,nan          ,0.00333515   ,-0.121562    ,-0.122169    ,nan          ,nan          ,nan         ,0.0213985   ,0            ,0.0259385    ,-0.0017449   ,0.0209366    ,-0.000775972 ,       0 ,       1 ,       0 ,       1 ,       0 ,       1
18.6671  ,0.1  , 3.21  ,     0 ,0.254023 ,-0        ,         0 ,-0       ,3.58674 ,-0.269632 ,0.0398604   ,3.375   ,-0.325    ,0           ,2.88632  ,-0.266487 ,0.0586815   ,3.675   ,0.275     ,0.105686    ,3.28585 ,0.319705  ,0.0390817   ,2.975    ,0.275    ,0.105686    ,0.119921    ,1.26701     ,0.930587    ,0.510785   ,1.50181     ,1.33888    ,0.162296  ,1.14904     ,0.758182    ,0.491253   ,0.4927       ,0.658514    ,0.12155     ,1.30777     ,0.918988    ,0.585062    ,0.44001     ,0.410258    ,0.00940959   ,-0.108949    ,-0.104147   ,nan          ,nan          ,nan          ,0.00738262   ,-0.136214    ,-0.122604   ,nan          ,nan          ,nan          ,0.00643644   ,-0.106127    ,-0.105532    ,nan          ,nan          ,nan         ,0.0398604   ,0            ,0.038603     ,-0.0017449   ,0.0390817    ,-0.000775972 ,       0 ,       1 ,       0 ,       1 ,       0 ,       1
18.7066  ,0.15 , 3.215 ,     0 ,0.255201 ,-0        ,         0 ,-0       ,3.59378 ,-0.264461 ,0.0553036   ,3.375   ,-0.325    ,0           ,2.89257  ,-0.258391 ,0.0826726   ,3.675   ,0.275     ,0.105686    ,3.29193 ,0.314616  ,0.0543504   ,2.975    ,0.275    ,0.105686    ,0.13361     ,1.14519     ,0.815635    ,0.492546   ,1.51552     ,1.33732    ,0.177089  ,0.921575    ,0.560821    ,0.473401   ,0.500962     ,0.648367    ,0.130781    ,1.19249     ,0.805119    ,0.563828    ,0.463772    ,0.415213    ,0.0133295    ,-0.0942049   ,-0.0875889  ,nan          ,nan          ,nan          ,0.0102139    ,-0.134684    ,-0.112666   ,nan          ,nan          ,nan          ,0.00930306   ,-0.0909815   ,-0.0891655   ,nan          ,nan          ,nan         ,0.0553036   ,0            ,0.0395046    ,-0.0017449   ,0.0543504    ,-0.000775972 ,       0 ,       1 ,       0 ,       1 ,       0 ,       1
18.7472  ,0.2  , 3.22  ,     0 ,0.256379 ,-0        ,         0 ,-0       ,3.60145 ,-0.258792 ,0.0678456   ,3.375   ,-0.325    ,0           ,2.89896  ,-0.248415 ,0.101501    ,3.675   ,0.275     ,0.105686    ,3.29843 ,0.309044  ,0.066838    ,2.975    ,0.275    ,0.105686    ,0.151686    ,1.04098     ,0.720348    ,0.473864   ,1.52953     ,1.33637    ,0.196402  ,0.698549    ,0.380627    ,0.455145   ,0.510243     ,0.63906     ,0.143227    ,1.09477     ,0.710241    ,0.542135    ,0.487659    ,0.420853    ,0.0167259    ,-0.0795808   ,-0.0713573  ,nan          ,nan          ,nan          ,0.0127724    ,-0.130922    ,-0.102132   ,nan          ,nan          ,nan          ,0.011935     ,-0.076126    ,-0.0730688   ,nan          ,nan          ,nan         ,0.0678456   ,0            ,0.0651706    ,-0.0017449   ,0.066838     ,-0.000775972 ,       0 ,       1 ,       0 ,       1 ,       0 ,       1
18.7869  ,0.25 , 3.225 ,     0 ,0.257557 ,-0        ,         0 ,-0       ,3.60969 ,-0.253279 ,0.0777233   ,3.375   ,-0.325    ,0           ,2.90541  ,-0.237725 ,0.114694    ,3.675   ,0.275     ,0.105686    ,3.30536 ,0.303633  ,0.0767431   ,2.975    ,0.275    ,0.105686    ,0.173523    ,0.954244    ,0.644333    ,0.454735   ,1.5438      ,1.33601    ,0.219755  ,0.483667    ,0.218583    ,0.43648    ,0.52054      ,0.630605    ,0.158616    ,1.01425     ,0.634038    ,0.519996    ,0.511528    ,0.427121    ,0.0195988    ,-0.065077    ,-0.0554521  ,nan          ,nan          ,nan          ,0.0150234    ,-0.124987    ,-0.0910254  ,nan          ,nan          ,nan          ,0.0143323    ,-0.0615603   ,-0.0572423   ,nan          ,nan          ,nan         ,0.0761642   ,0            ,0.0589473    ,-0.0017449   ,0.0767432    ,-0.000775972 ,       0 ,       1 ,       0 ,       1 ,       0 ,       1
18.8268  ,0.3  , 3.23  ,     0 ,0.258735 ,-0        ,         0 ,-0       ,3.61845 ,-0.248414 ,0.0852246   ,3.375   ,-0.325    ,0           ,2.91199  ,-0.22764  ,0.122451    ,3.675   ,0.275     ,0.105686    ,3.31271 ,0.298867  ,0.0843069   ,2.975    ,0.275    ,0.105686    ,0.198491    ,0.884829    ,0.587199    ,0.435154   ,1.5583      ,1.33623    ,0.246606  ,0.280524    ,0.0756342   ,0.417404   ,0.531839     ,0.62301     ,0.176672    ,0.950605    ,0.576193    ,0.497423    ,0.535245    ,0.433964    ,0.0219481    ,-0.0506933   ,-0.0398734  ,nan          ,nan          ,nan          ,0.0169429    ,-0.116923    ,-0.0793599  ,nan          ,nan          ,nan          ,0.0164949    ,-0.0472844   ,-0.0416858   ,nan          ,nan          ,nan         ,0.0870772   ,0            ,0.0634215    ,-0.0017449   ,0.083462     ,-0.000775972 ,       0 ,       1 ,       0 ,       1 ,       0 ,       1
18.8667  ,0.35 , 3.235 ,     0 ,0.259913 ,-0        ,         0 ,-0       ,3.62772 ,-0.244541 ,0.0906385   ,3.375   ,-0.325    ,0           ,2.91891  ,-0.219333 ,0.125569    ,3.675   ,0.275     ,0.105686    ,3.32053 ,0.295088  ,0.0897688   ,2.975    ,0.275    ,0.105686    ,0.225963    ,0.832593    ,0.548554    ,0.415116   ,1.573       ,1.33701    ,0.276398  ,0.0926918   ,-0.0472827  ,0.397915   ,0.544123     ,0.61628     ,0.197122    ,0.903494    ,0.53639     ,0.47443     ,0.558689    ,0.441328    ,0.023774     ,-0.0364299   ,-0.0246211  ,nan          ,nan          ,nan          ,0.0185309    ,-0.106728    ,-0.0671359  ,nan          ,nan          ,nan          ,0.0184229    ,-0.0332984   ,-0.0263995   ,nan          ,nan          ,nan         ,0.0861817   ,0            ,0.0727634    ,-0.0017449   ,0.0894617    ,-0.000775972 ,       0 ,       1 ,       0 ,       1 ,       0 ,       1
18.9069  ,0.4  , 3.24  ,     0 ,0.261091 ,-0        ,         0 ,-0       ,3.63755 ,-0.241877 ,0.0942178   ,3.375   ,-0.325    ,0           ,2.92643  ,-0.213601 ,0.125275    ,3.675   ,0.275     ,0.105686    ,3.32888 ,0.292515  ,0.0933374   ,2.975    ,0.275    ,0.105686    ,0.25531     ,0.797393    ,0.528007    ,0.394618   ,1.58787     ,1.33835    ,0.308574  ,-0.0762569  ,-0.149231   ,0.37801    ,0.557364     ,0.610417    ,0.219689    ,0.872576    ,0.514314    ,0.451034    ,0.581749    ,0.449167    ,0.0250763    ,-0.0222866   ,-0.00969526 ,nan          ,nan          ,nan          ,0.0197875    ,-0.0944027   ,-0.0543534  ,nan          ,nan          ,nan          ,0.0201161    ,-0.0196021   ,-0.0113833   ,nan          ,nan          ,nan         ,0.085512    ,0            ,0.0706049    ,-0.0017449   ,0.0936038    ,-0.000775972 ,       0 ,       1 ,       0 ,       1 ,       0 ,       1
18.947   ,0.45 , 3.245 ,     0 ,0.26227  ,-0        ,         0 ,-0       ,3.64796 ,-0.240533 ,0.0961554   ,3.375   ,-0.325    ,0           ,2.93483  ,-0.210769 ,0.123007    ,3.675   ,0.275     ,0.105686    ,3.33781 ,0.291264  ,0.0951718   ,2.975    ,0.275    ,0.105686    ,0.285906    ,0.779084    ,0.525166    ,0.37366    ,1.60287     ,1.34022    ,0.342572  ,-0.222739   ,-0.229275   ,0.357691   ,0.571526     ,0.60542     ,0.244101    ,0.857513    ,0.509649    ,0.427256    ,0.60433     ,0.457435    ,0.0258551    ,-0.00826358  ,0.00490415  ,nan          ,nan          ,nan          ,0.0206902    ,-0.0799186   ,-0.0410124  ,nan          ,nan          ,nan          ,0.0215747    ,-0.00619572  ,0.00336282   ,nan          ,nan          ,nan         ,0.085223    ,0            ,0.0576203    ,-0.0017449   ,0.0960527    ,-0.000775972 ,       0 ,       1 ,       0 ,       1 ,       0 ,       1
18.9868  ,0.5  , 3.25  ,     0 ,0.263448 ,-0        ,         0 ,-0       ,3.659   ,-0.240533 ,0.0965704   ,3.375   ,-0.325    ,0           ,2.9443   ,-0.210696 ,0.120188    ,3.675   ,0.275     ,0.105686    ,3.34742 ,0.291362  ,0.0953739   ,2.975    ,0.275    ,0.105686    ,0.317123    ,0.777522    ,0.539641    ,0.35224    ,1.61797     ,1.34261    ,0.37773   ,-0.343047   ,-0.286477   ,0.336959   ,0.586567     ,0.601283    ,0.270081    ,0.857965    ,0.522078    ,0.403117    ,0.626347    ,0.466094    ,0.0261104    ,0.00563926   ,0.0191771   ,nan          ,nan          ,nan          ,0.0211671    ,-0.0631824   ,-0.027113   ,nan          ,nan          ,nan          ,0.0227987    ,0.00692085   ,0.0178388    ,nan          ,nan          ,nan         ,0.0847274   ,0            ,0.0506393    ,-0.0017449   ,0.0969153    ,-0.000775972 ,       0 ,       1 ,       0 ,       1 ,       0 ,       1
19.0266  ,0.55 , 3.255 ,     0 ,0.264626 ,-0        ,         0 ,-0       ,3.67069 ,-0.241826 ,0.0955023   ,3.375   ,-0.325    ,0           ,2.95487  ,-0.212912 ,0.118043    ,3.675   ,0.275     ,0.105686    ,3.35777 ,0.292758  ,0.0939861   ,2.975    ,0.275    ,0.105686    ,0.348331    ,0.792563    ,0.571038    ,0.33036    ,1.63314     ,1.34551    ,0.413327  ,-0.433394   ,-0.319902   ,0.315815   ,0.602433     ,0.597997    ,0.297352    ,0.873601    ,0.551288    ,0.378641    ,0.647731    ,0.475108    ,0.0258429    ,0.0194205    ,0.0331237   ,nan          ,nan          ,nan          ,0.0212127    ,-0.044187    ,-0.0126553  ,nan          ,nan          ,nan          ,0.0237735    ,0.0197707    ,0.0320563    ,nan          ,nan          ,nan         ,0.0857756   ,0            ,0.0407535    ,-0.0017449   ,0.099339     ,-0.000775972 ,       0 ,       1 ,       0 ,       1 ,       0 ,       1
19.067   ,0.6  , 3.26  ,     0 ,0.265804 ,-0        ,         0 ,-0       ,3.683   ,-0.244304 ,0.0929127   ,3.375   ,-0.325    ,0           ,2.96648  ,-0.216814 ,0.117466    ,3.675   ,0.275     ,0.105686    ,3.36891 ,0.295336  ,0.0909922   ,2.975    ,0.275    ,0.105686    ,0.378906    ,0.824058    ,0.618967    ,0.308023   ,1.64835     ,1.34889    ,0.448638  ,-0.48999    ,-0.328612   ,0.294263   ,0.619065     ,0.595549    ,0.325597    ,0.904148    ,0.596999    ,0.353854    ,0.668426    ,0.484446    ,0.0250546    ,0.0330764    ,0.0467441   ,nan          ,nan          ,nan          ,0.020827     ,-0.0229325   ,0.00236088  ,nan          ,nan          ,nan          ,0.024461     ,0.0324151    ,0.0460464    ,nan          ,nan          ,nan         ,0.0871721   ,0            ,0.035178     ,-0.0017449   ,0.0940795    ,-0.000775972 ,       0 ,       1 ,       0 ,       1 ,       0 ,       1
19.1068  ,0.65 , 3.265 ,     0 ,0.266982 ,-0        ,         0 ,-0       ,3.69587 ,-0.247798 ,0.0886926   ,3.375   ,-0.325    ,0           ,2.97898  ,-0.221863 ,0.118948    ,3.675   ,0.275     ,0.105686    ,3.38086 ,0.298914  ,0.0863273   ,2.975    ,0.275    ,0.105686    ,0.408224    ,0.871856    ,0.683038    ,0.285233   ,1.66356     ,1.35274    ,0.482941  ,-0.509048   ,-0.311671   ,0.27231    ,0.636395     ,0.593922    ,0.354477    ,0.949371    ,0.658946    ,0.328786    ,0.688388    ,0.494082    ,0.0237455    ,0.0466067    ,0.0600383   ,nan          ,nan          ,nan          ,0.02001      ,0.000581218  ,0.0179354   ,nan          ,nan          ,nan          ,0.0248589    ,0.0448574    ,0.0598106    ,nan          ,nan          ,nan         ,0.0887483   ,0            ,0.0297545    ,-0.0017449   ,0.0872372    ,-0.000775972 ,       0 ,       1 ,       0 ,       1 ,       0 ,       1
19.1468  ,0.7  , 3.27  ,     0 ,0.26816  ,-0        ,         0 ,-0       ,3.70912 ,-0.252089 ,0.0826774   ,3.375   ,-0.325    ,0           ,2.99222  ,-0.227743 ,0.122527    ,3.675   ,0.275     ,0.105686    ,3.39359 ,0.303249  ,0.0798927   ,2.975    ,0.275    ,0.105686    ,0.435659    ,0.935807    ,0.762857    ,0.261997   ,1.67873     ,1.35704    ,0.51551   ,-0.486766   ,-0.268143   ,0.249963   ,0.65435      ,0.593096    ,0.383652    ,1.00903     ,0.736864    ,0.303465    ,0.707585    ,0.503993    ,0.0219156    ,0.0600114    ,0.0730064   ,nan          ,nan          ,nan          ,0.0187527    ,0.0264037    ,0.0340679   ,nan          ,nan          ,nan          ,0.0249674    ,0.0570976    ,0.0733489    ,nan          ,nan          ,nan         ,0.0804849   ,0            ,0.024587     ,-0.0017449   ,0.0787387    ,-0.000775972 ,       0 ,       1 ,       0 ,       1 ,       0 ,       1
19.1866  ,0.75 , 3.275 ,     0 ,0.269338 ,-0        ,         0 ,-0       ,3.7225  ,-0.256906 ,0.0746688   ,3.375   ,-0.325    ,0           ,3.00614  ,-0.234408 ,0.127725    ,3.675   ,0.275     ,0.105686    ,3.407   ,0.308042  ,0.071574    ,2.975    ,0.275    ,0.105686    ,0.460587    ,1.01576     ,0.858035    ,0.238323   ,1.69383     ,1.36177    ,0.545543  ,-0.418928   ,-0.197095   ,0.227229   ,0.672849     ,0.593047    ,0.412786    ,1.0829      ,0.830489    ,0.277923    ,0.725997    ,0.514163    ,0.019565     ,0.0732905    ,0.0856482   ,nan          ,nan          ,nan          ,0.0169751    ,0.0549743    ,0.0507548   ,nan          ,nan          ,nan          ,0.0247865    ,0.0691358    ,0.0866615    ,nan          ,nan          ,nan         ,0.0746688   ,0            ,0.0314304    ,-0.0017449   ,0.0706801    ,-0.000775972 ,       0 ,       1 ,       0 ,       1 ,       0 ,       1
19.2265  ,0.8  , 3.28  ,     0 ,0.270516 ,-0        ,         0 ,-0       ,3.73565 ,-0.26192  ,0.0644649   ,3.375   ,-0.325    ,0           ,3.02072  ,-0.242048 ,0.133396    ,3.675   ,0.275     ,0.105686    ,3.42092 ,0.312936  ,0.0612647   ,2.975    ,0.275    ,0.105686    ,0.482383    ,1.11157     ,0.96818     ,0.214221   ,1.70884     ,1.36692    ,0.572144  ,-0.300785   ,-0.0975992  ,0.204121   ,0.69181      ,0.593748    ,0.441538    ,1.17073     ,0.939558    ,0.252194    ,0.743612    ,0.524575    ,0.0166936    ,0.086444     ,0.0979639   ,nan          ,nan          ,nan          ,0.0146583    ,0.0863965    ,0.0679951   ,nan          ,nan          ,nan          ,0.024316     ,0.0809718    ,0.0997482    ,nan          ,nan          ,nan         ,0.0644649   ,0            ,0.0345124    ,-0.0017449   ,0.0594691    ,-0.000775972 ,       0 ,       1 ,       0 ,       1 ,       0 ,       1
19.267   ,0.85 , 3.285 ,     0 ,0.271694 ,-0        ,         0 ,-0       ,3.7481  ,-0.266738 ,0.0519001   ,3.375   ,-0.325    ,0           ,3.03596  ,-0.250924 ,0.137502    ,3.675   ,0.275     ,0.105686    ,3.43508 ,0.317526  ,0.0488948   ,2.975    ,0.275    ,0.105686    ,0.500423    ,1.22307     ,1.0929      ,0.189705   ,1.72371     ,1.37247    ,0.594407  ,-0.127555   ,0.0312738   ,0.18065    ,0.711143     ,0.595169    ,0.469571    ,1.27229     ,1.06381     ,0.226311    ,0.760431    ,0.535221    ,0.0133015    ,0.0994719    ,0.109953    ,nan          ,nan          ,nan          ,0.0118024    ,0.12067      ,0.085789    ,nan          ,nan          ,nan          ,0.0235561    ,0.0926057    ,0.112609     ,nan          ,nan          ,nan         ,0.0519001   ,0            ,0.0326774    ,-0.0017449   ,0.0466517    ,-0.000775972 ,       0 ,       1 ,       0 ,       1 ,       0 ,       1
19.3065  ,0.9  , 3.29  ,     0 ,0.272873 ,-0        ,         0 ,-0       ,3.75925 ,-0.270898 ,0.0368933   ,3.375   ,-0.325    ,0           ,3.05145  ,-0.260852 ,0.136929    ,3.675   ,0.275     ,0.105686    ,3.44912 ,0.321374  ,0.0344646   ,2.975    ,0.275    ,0.105686    ,0.514083    ,1.35013     ,1.23181     ,0.164791   ,1.73841     ,1.3784     ,0.611428  ,0.105544    ,0.190452    ,0.156831   ,0.730759     ,0.59728     ,0.496545    ,1.38734     ,1.20297     ,0.200311    ,0.776461    ,0.546093    ,0.00938868   ,0.112374     ,0.121617    ,nan          ,nan          ,nan          ,0.00840731   ,0.157795     ,0.104136    ,nan          ,nan          ,nan          ,0.0225067    ,0.104038     ,0.125244     ,nan          ,nan          ,nan         ,0.0368933   ,0            ,0.0312427    ,-0.0017449   ,0.0323175    ,-0.000775972 ,       1 ,       1 ,       1 ,       1 ,       1 ,       1
19.3466  ,0.95 , 3.295 ,     0 ,0.274051 ,-0        ,         0 ,-0       ,3.76845 ,-0.273859 ,0.0195055   ,3.375   ,-0.325    ,0           ,3.06566  ,-0.270285 ,0.127624    ,3.675   ,0.275     ,0.105686    ,3.46261 ,0.324018  ,0.0180819   ,2.975    ,0.275    ,0.105686    ,0.522737    ,1.49259     ,1.3845      ,0.139495   ,1.75293     ,1.38469    ,0.622304  ,0.403295    ,0.380863    ,0.13268    ,0.750568     ,0.600047    ,0.522122    ,1.51565     ,1.35678     ,0.174228    ,0.791717    ,0.557187    ,0.00495506   ,0.125151     ,0.132954    ,nan          ,nan          ,nan          ,0.00447306   ,0.197772     ,0.123037    ,nan          ,nan          ,nan          ,0.0211679    ,0.115267     ,0.137653     ,nan          ,nan          ,nan         ,0.0195055   ,0            ,0.0219374    ,-0.0017449   ,0.0166597    ,-0.000775972 ,       1 ,       1 ,       1 ,       1 ,       1 ,       1
19.3954  ,0    , 3.3   ,     0 ,0.275229 ,-0        ,         0 ,-0       ,3.775   ,-0.275    ,0           ,3.375   ,-0.324998 ,1.60674e-06 ,3.075    ,-0.275    ,0.105686    ,3.675   ,0.274997  ,0.105687    ,3.475   ,0.325     ,0           ,2.975    ,0.274998 ,0.105688    ,0.525761    ,1.65029     ,1.5506      ,0.113838   ,1.76721     ,1.39131    ,0.62613   ,0.770478    ,0.603435    ,0.108217   ,0.770478     ,0.603435    ,0.545964    ,1.65698     ,1.52498     ,0.148098    ,0.80622     ,0.568501    ,nan          ,nan          ,nan         ,-9.31778e-07 ,-0.130896    ,-0.146285    ,nan          ,nan          ,nan         ,0.0358691    ,-0.226104    ,-0.122077    ,nan          ,nan          ,nan          ,3.79004e-07  ,-0.249955    ,-0.150195   ,0           ,1.60674e-06  ,8.60177e-09  ,-0.00174351  ,0            ,-0.000774891 ,       1 ,       1 ,       1 ,       1 ,       1 ,       1
19.4268  ,0.05 , 3.305 ,     0 ,0.276109 ,-0        ,         0 ,-0       ,3.775   ,-0.275    ,0           ,3.38046 ,-0.323697 ,0.0217689   ,3.075    ,-0.275    ,0.105686    ,3.69128 ,0.269365  ,0.129259    ,3.475   ,0.325     ,0           ,2.9794   ,0.263953 ,0.132287    ,0.508704    ,1.65981     ,1.5459      ,0.116973   ,1.61599     ,1.2241     ,0.605832  ,0.786454    ,0.605048    ,0.167493   ,0.410409     ,0.407139    ,0.528589    ,1.66743     ,1.52078     ,0.15393     ,0.363501    ,0.28429     ,nan          ,nan          ,nan         ,0.00507604   ,-0.118214    ,-0.129215    ,nan          ,nan          ,nan         ,0.0324229    ,-0.188848    ,-0.104057    ,nan          ,nan          ,nan          ,0.00562487   ,-0.194581    ,-0.134317   ,0           ,0.0217689    ,8.60177e-09  ,0.0246419    ,0            ,0.0266004    ,       1 ,       0 ,       1 ,       0 ,       1 ,       0
19.4674  ,0.1  , 3.31  ,     0 ,0.27699  ,-0        ,         0 ,-0       ,3.775   ,-0.275    ,0           ,3.38676 ,-0.320315 ,0.0412555   ,3.075    ,-0.275    ,0.105686    ,3.7048  ,0.257932  ,0.142       ,3.475   ,0.325     ,0           ,2.98346  ,0.241896 ,0.1409      ,0.491253    ,1.66962     ,1.54177     ,0.125946   ,1.48021     ,1.07749    ,0.585062  ,0.802416    ,0.6072      ,0.220927   ,0.113587     ,0.241768    ,0.510785    ,1.67819     ,1.51718     ,0.169685    ,0.0253559   ,0.0331281   ,nan          ,nan          ,nan         ,0.00961806   ,-0.105449    ,-0.112353    ,nan          ,nan          ,nan         ,0.0291412    ,-0.153264    ,-0.0864632   ,nan          ,nan          ,nan          ,0.00994046   ,-0.145187    ,-0.117085   ,0           ,0.0412555    ,8.60177e-09  ,0.0364269    ,-1.11022e-16 ,0.0335488    ,       1 ,       0 ,       1 ,       0 ,       1 ,       0
19.5067  ,0.15 , 3.315 ,     0 ,0.277871 ,-0        ,         0 ,-0       ,3.775   ,-0.275    ,0           ,3.3938  ,-0.315613 ,0.0581327   ,3.075    ,-0.275    ,0.105686    ,3.7162  ,0.245907  ,0.146916    ,3.475   ,0.325     ,0           ,2.98746  ,0.218218 ,0.138844    ,0.473401    ,1.67972     ,1.53822     ,0.14011    ,1.35998     ,0.951215   ,0.563828  ,0.81829     ,0.609862    ,0.268804   ,-0.122888    ,0.106582    ,0.492546    ,1.68923     ,1.51415     ,0.192748    ,-0.220151   ,-0.182281   ,nan          ,nan          ,nan         ,0.0136251    ,-0.0925998   ,-0.0956987   ,nan          ,nan          ,nan         ,0.0260239    ,-0.11935     ,-0.0692945   ,nan          ,nan          ,nan          ,0.0129472    ,-0.101771    ,-0.0984978  ,0           ,0.0581327    ,8.60177e-09  ,0.0448738    ,0            ,0.0327844    ,       1 ,       0 ,       1 ,       0 ,       1 ,       0
19.547   ,0.2  , 3.32  ,     0 ,0.278752 ,-0        ,         0 ,-0       ,3.775   ,-0.275    ,0           ,3.40146 ,-0.310282 ,0.0722826   ,3.075    ,-0.275    ,0.105686    ,3.72624 ,0.23543   ,0.147367    ,3.475   ,0.325     ,0           ,2.99123  ,0.196246 ,0.133259    ,0.455145    ,1.69008     ,1.53523     ,0.158813   ,1.2554      ,0.845037   ,0.542135  ,0.834006    ,0.613003    ,0.31141    ,-0.301918    ,0.000841942 ,0.473864    ,1.70054     ,1.51169     ,0.220507    ,-0.384955   ,-0.359233   ,nan          ,nan          ,nan         ,0.0170973    ,-0.079667    ,-0.079253    ,nan          ,nan          ,nan         ,0.023071     ,-0.0871082   ,-0.0525513   ,nan          ,nan          ,nan          ,0.014645     ,-0.0643347   ,-0.0785563  ,0           ,0.0722826    ,8.60177e-09  ,0.0494979    ,0            ,0.0340922    ,       1 ,       0 ,       1 ,       0 ,       1 ,       0
19.5869  ,0.25 , 3.325 ,     0 ,0.279632 ,-0        ,         0 ,-0       ,3.775   ,-0.275    ,0           ,3.40965 ,-0.304921 ,0.0837382   ,3.075    ,-0.275    ,0.105686    ,3.7354  ,0.226922  ,0.146018    ,3.475   ,0.325     ,0           ,2.99462  ,0.177143 ,0.128849    ,0.43648     ,1.70068     ,1.5328      ,0.181407   ,1.16658     ,0.758698   ,0.519996  ,0.849495    ,0.616595    ,0.349031   ,-0.426407    ,-0.0761904  ,0.454735    ,1.71208     ,1.50979     ,0.250348    ,-0.480992   ,-0.495024   ,nan          ,nan          ,nan         ,0.0200344    ,-0.0666506   ,-0.0630153   ,nan          ,nan          ,nan         ,0.0202826    ,-0.0565372   ,-0.0362337   ,nan          ,nan          ,nan          ,0.0150339    ,-0.0328773   ,-0.0572602  ,0           ,0.0837382    ,8.60177e-09  ,0.0524431    ,0            ,0.0328368    ,       1 ,       0 ,       1 ,       0 ,       1 ,       0
19.6265  ,0.3  , 3.33  ,     0 ,0.280513 ,-0        ,         0 ,-0       ,3.775   ,-0.275    ,0           ,3.41832 ,-0.300019 ,0.0926287   ,3.075    ,-0.275    ,0.105686    ,3.74395 ,0.220135  ,0.144626    ,3.475   ,0.325     ,0           ,2.99787  ,0.16195  ,0.127778    ,0.417404    ,1.71148     ,1.5309      ,0.207242   ,1.09361     ,0.691946   ,0.497423  ,0.864694    ,0.62061     ,0.381952   ,-0.499256    ,-0.125254   ,0.435154    ,1.72383     ,1.50843     ,0.27966     ,-0.520199   ,-0.586949   ,nan          ,nan          ,nan         ,0.0224367    ,-0.0535505   ,-0.0469859   ,nan          ,nan          ,nan         ,0.0176586    ,-0.0276372   ,-0.0203416   ,nan          ,nan          ,nan          ,0.0141139    ,-0.00739891  ,-0.0346095  ,0           ,0.0926287    ,8.60177e-09  ,0.0550886    ,0            ,0.0335369    ,       1 ,       0 ,       1 ,       0 ,       1 ,       0
19.6666  ,0.35 , 3.335 ,     0 ,0.281394 ,-0        ,         0 ,-0       ,3.775   ,-0.275    ,0           ,3.42747 ,-0.29595  ,0.0991323   ,3.075    ,-0.275    ,0.105686    ,3.42747 ,-0.29595  ,0.0991323   ,3.475   ,0.325     ,0           ,3.00167  ,0.152132 ,0.130115    ,0.397915    ,1.72246     ,1.52953     ,0.235668   ,1.03659     ,0.644528   ,0.47443   ,0.879544    ,0.625022    ,0.410462   ,-0.523423    ,-0.147091   ,0.415116    ,1.73577     ,1.5076      ,0.305829    ,-0.514512   ,-0.632304   ,nan          ,nan          ,nan         ,0.0243039    ,-0.0403667   ,-0.0311646   ,nan          ,nan          ,nan         ,0.0152042    ,-0.00055481  ,-0.00487991  ,nan          ,nan          ,nan          ,0.011885     ,0.0121004    ,-0.0106043  ,0           ,0.0991323    ,8.60177e-09  ,0.0991323    ,0            ,0.0274619    ,       1 ,       0 ,       1 ,       0 ,       1 ,       0
19.7065  ,0.4  , 3.34  ,     0 ,0.282274 ,-0        ,         0 ,-0       ,3.775   ,-0.275    ,0           ,3.43714 ,-0.292983 ,0.103437    ,3.075    ,-0.275    ,0.105686    ,3.75977 ,0.210836  ,0.145023    ,3.475   ,0.325     ,0           ,3.00693  ,0.149087 ,0.134629    ,0.37801     ,1.73361     ,1.52867     ,0.266037   ,0.995626    ,0.616191   ,0.451034  ,0.893993    ,0.629806    ,0.434869   ,-0.502525    ,-0.142463   ,0.394618    ,1.74786     ,1.50729     ,0.326905    ,-0.474552   ,-0.629381   ,nan          ,nan          ,nan         ,0.0256363    ,-0.0270993   ,-0.0155514   ,nan          ,nan          ,nan         ,0.0129361    ,0.0242339    ,0.0101356    ,nan          ,nan          ,nan          ,0.00944523   ,0.0277943    ,0.0131097   ,0           ,0.103437     ,8.60177e-09  ,0.0723995    ,0            ,0.0369277    ,       1 ,       0 ,       1 ,       0 ,       1 ,       0
19.7464  ,0.45 , 3.345 ,     0 ,0.283155 ,-0        ,         0 ,-0       ,3.775   ,-0.275    ,0           ,3.44738 ,-0.291283 ,0.105712    ,3.075    ,-0.275    ,0.105686    ,3.76756 ,0.208578  ,0.147086    ,3.475   ,0.325     ,0           ,3.01418  ,0.15254  ,0.140287    ,0.357691    ,1.74489     ,1.52831     ,0.297699   ,0.970822    ,0.606684   ,0.427256  ,0.907993    ,0.634937    ,0.455501   ,-0.440601    ,-0.112146   ,0.37366     ,1.76008     ,1.50748     ,0.34444     ,-0.404012   ,-0.581716   ,nan          ,nan          ,nan         ,0.0264336    ,-0.0137483   ,-0.000146448 ,nan          ,nan          ,nan         ,0.0108558    ,0.0466922    ,0.0247036    ,nan          ,nan          ,nan          ,0.00834836   ,0.0427588    ,0.0342035   ,0           ,0.105712     ,8.60177e-09  ,0.079707     ,0            ,0.0367854    ,       1 ,       0 ,       1 ,       0 ,       1 ,       0
19.7867  ,0.5  , 3.35  ,     0 ,0.284036 ,-0        ,         0 ,-0       ,3.775   ,-0.275    ,0           ,3.45825 ,-0.290925 ,0.106086    ,3.075    ,-0.275    ,0.105686    ,3.77576 ,0.208432  ,0.149808    ,3.475   ,0.325     ,0           ,3.02368  ,0.161732 ,0.146194    ,0.336959    ,1.75627     ,1.52845     ,0.330004   ,0.962278    ,0.615752   ,0.403117  ,0.921503    ,0.640396    ,0.472683   ,-0.341698    ,-0.0569188  ,0.35224     ,1.7724      ,1.50816     ,0.361137    ,-0.304304   ,-0.494575   ,nan          ,nan          ,nan         ,0.0266961    ,-0.000313547 ,0.0150504    ,nan          ,nan          ,nan         ,0.00896311   ,0.0668203    ,0.0388242    ,nan          ,nan          ,nan          ,0.00860568   ,0.0570162    ,0.05266     ,0           ,0.108505     ,8.60177e-09  ,0.0876508    ,0            ,0.0414659    ,       1 ,       0 ,       1 ,       0 ,       1 ,       0
19.8266  ,0.55 , 3.355 ,     0 ,0.284917 ,-0        ,         0 ,-0       ,3.775   ,-0.275    ,0           ,3.46979 ,-0.291898 ,0.10463     ,3.075    ,-0.275    ,0.105686    ,3.78476 ,0.210815  ,0.15224     ,3.475   ,0.325     ,0           ,3.03565  ,0.175851 ,0.151293    ,0.315815    ,1.76773     ,1.52905     ,0.362303   ,0.970093    ,0.643142   ,0.378641  ,0.934488    ,0.646161    ,0.486741   ,-0.209864    ,0.0224425   ,0.33036     ,1.78478     ,1.50931     ,0.3797      ,-0.17684    ,-0.373221   ,nan          ,nan          ,nan         ,0.0264242    ,0.0132017    ,0.0300368    ,nan          ,nan          ,nan         ,0.0072581    ,0.0846179    ,0.0524974    ,nan          ,nan          ,nan          ,0.0102172    ,0.0705665    ,0.0684793   ,0           ,0.107473     ,8.60177e-09  ,0.0961115    ,0            ,0.0448516    ,       1 ,       0 ,       1 ,       0 ,       1 ,       0
19.8668  ,0.6  , 3.36  ,     0 ,0.285797 ,-0        ,         0 ,-0       ,3.775   ,-0.275    ,0           ,3.482   ,-0.294121 ,0.101358    ,3.075    ,-0.275    ,0.105686    ,3.79482 ,0.215952  ,0.1531      ,3.475   ,0.325     ,0           ,3.05035  ,0.193825 ,0.154327    ,0.294263    ,1.77925     ,1.53011     ,0.393948   ,0.994362    ,0.688596   ,0.353854  ,0.946921    ,0.652218    ,0.498001   ,-0.0491457   ,0.125161    ,0.308023    ,1.79721     ,1.51092     ,0.402832    ,-0.0230305  ,-0.222919   ,nan          ,nan          ,nan         ,0.0256195    ,0.0267908    ,0.0448082    ,nan          ,nan          ,nan         ,0.00574078   ,0.100081     ,0.0657253    ,nan          ,nan          ,nan          ,0.0131828    ,0.0834097    ,0.0816615   ,0           ,0.105158     ,8.60177e-09  ,0.104723     ,0            ,0.0486404    ,       1 ,       0 ,       1 ,       0 ,       1 ,       0
19.9068  ,0.65 , 3.365 ,     0 ,0.286678 ,-0        ,         0 ,-0       ,3.775   ,-0.275    ,0           ,3.49483 ,-0.297441 ,0.0962207   ,3.075    ,-0.275    ,0.105686    ,3.80598 ,0.223714  ,0.150924    ,3.475   ,0.325     ,0           ,3.06805  ,0.214128 ,0.153884    ,0.27231     ,1.79079     ,1.53162     ,0.424293   ,1.03517     ,0.751853   ,0.328786  ,0.958779    ,0.65855     ,0.506789   ,0.136381     ,0.250476    ,0.285233    ,1.80965     ,1.51297     ,0.432899    ,0.155597    ,-0.0488497  ,nan          ,nan          ,nan         ,0.024282     ,0.0404535    ,0.0593642    ,nan          ,nan          ,nan         ,0.00441115   ,0.113185     ,0.0785213    ,nan          ,nan          ,nan          ,0.0167882    ,0.0953031    ,0.0923848   ,0           ,0.101489     ,8.60177e-09  ,0.121182     ,0            ,0.0481974    ,       1 ,       0 ,       1 ,       0 ,       1 ,       0
19.9468  ,0.7  , 3.37  ,     0 ,0.287559 ,-0        ,         0 ,-0       ,3.775   ,-0.275    ,0           ,3.50812 ,-0.301645 ,0.08912     ,3.075    ,-0.275    ,0.105686    ,3.81799 ,0.233529  ,0.144299    ,3.475   ,0.325     ,0           ,3.08852  ,0.234946 ,0.148516    ,0.249963    ,1.80233     ,1.53355     ,0.452691   ,1.09262     ,0.832651   ,0.303465  ,0.970046    ,0.665146    ,0.513431   ,0.342611     ,0.39764     ,0.261997    ,1.82206     ,1.51545     ,0.468886    ,0.356369    ,0.14465     ,nan          ,nan          ,nan         ,0.0224117    ,0.0541898    ,0.073705     ,nan          ,nan          ,nan         ,0.00326922   ,0.123925     ,0.0908879    ,nan          ,nan          ,nan          ,0.019016     ,0.105561     ,0.101153    ,0           ,0.08912      ,8.60177e-09  ,0.124989     ,0            ,0.0428293    ,       1 ,       0 ,       1 ,       0 ,       1 ,       0
19.9869  ,0.75 , 3.375 ,     0 ,0.28844  ,-0        ,         0 ,-0       ,3.775   ,-0.275    ,0           ,3.52161 ,-0.306454 ,0.0799223   ,3.075    ,-0.275    ,0.105686    ,3.83033 ,0.24439   ,0.13215     ,3.475   ,0.325     ,0           ,3.11075  ,0.254267 ,0.137116    ,0.227229    ,1.81384     ,1.5359      ,0.478495   ,1.16678     ,0.930728   ,0.277923  ,0.980715    ,0.671997    ,0.518253   ,0.565441     ,0.565907    ,0.238323    ,1.83443     ,1.51833     ,0.507824    ,0.575946    ,0.353731    ,nan          ,nan          ,nan         ,0.0200086    ,0.0679998    ,0.0878305    ,nan          ,nan          ,nan         ,0.00231499   ,0.132302     ,0.102825     ,nan          ,nan          ,nan          ,0.0197444    ,0.114143     ,0.107995    ,0           ,0.0799223    ,8.60177e-09  ,0.125875     ,0            ,0.0355457    ,       1 ,       0 ,       1 ,       0 ,       1 ,       0
20.0272  ,0.8  , 3.38  ,     0 ,0.28932  ,-0        ,         0 ,-0       ,3.775   ,-0.275    ,0           ,3.53494 ,-0.311528 ,0.0684892   ,3.075    ,-0.275    ,0.105686    ,3.84228 ,0.255008  ,0.114013    ,3.475   ,0.325     ,0           ,3.13302  ,0.270028 ,0.119261    ,0.204121    ,1.8253      ,1.53865     ,0.501058   ,1.25776     ,1.04582    ,0.252194  ,0.990782    ,0.679094    ,0.52158    ,0.800764     ,0.754532    ,0.214221    ,1.84672     ,1.5216      ,0.54672     ,0.81098     ,0.574551    ,nan          ,nan          ,nan         ,0.0170726    ,0.0818835    ,0.101741     ,nan          ,nan          ,nan         ,0.00154846   ,0.138314     ,0.114333     ,nan          ,nan          ,nan          ,0.0189732    ,0.121047     ,0.112913    ,0           ,0.0684891    ,8.60177e-09  ,0.115897     ,0            ,0.0279041    ,       1 ,       0 ,       1 ,       0 ,       1 ,       0
20.0672  ,0.85 , 3.385 ,     0 ,0.290201 ,-0        ,         0 ,-0       ,3.775   ,-0.275    ,0           ,3.54761 ,-0.316454 ,0.054716    ,3.075    ,-0.275    ,0.105686    ,3.85309 ,0.264068  ,0.0902253   ,3.475   ,0.325     ,0           ,3.15299  ,0.280456 ,0.095399    ,0.18065     ,1.83667     ,1.54179     ,0.519733   ,1.36563     ,1.17768    ,0.226311  ,1.00025     ,0.686433    ,0.523738   ,1.04448      ,0.962768    ,0.189705    ,1.85891     ,1.52525     ,0.582539    ,1.05815     ,0.803345    ,nan          ,nan          ,nan         ,0.0136039    ,0.0958407    ,0.115436     ,nan          ,nan          ,nan         ,0.000964499  ,0.141966     ,0.125406     ,nan          ,nan          ,nan          ,0.0165753    ,0.126366     ,0.116158    ,0           ,0.054716     ,8.60177e-09  ,0.0902253    ,0            ,0.0163558    ,       1 ,       0 ,       1 ,       0 ,       1 ,       0
20.1068  ,0.9  , 3.39  ,     0 ,0.291082 ,-0        ,         0 ,-0       ,3.775   ,-0.275    ,0           ,3.55899 ,-0.320741 ,0.0385848   ,3.075    ,-0.275    ,0.105686    ,3.86221 ,0.270557  ,0.06196     ,3.475   ,0.325     ,0           ,3.16809  ,0.284676 ,0.0667411   ,0.156831    ,1.84794     ,1.54529     ,0.533874   ,1.49049     ,1.32602    ,0.200311  ,1.00912     ,0.694011    ,0.525007   ,1.29251      ,1.18982     ,0.16479     ,1.87095     ,1.52925     ,0.611198    ,1.31489     ,1.03844     ,nan          ,nan          ,nan         ,0.00960232   ,0.109872     ,0.128915     ,nan          ,nan          ,nan         ,0.000517319  ,0.143298     ,0.135995     ,nan          ,nan          ,nan          ,0.011697     ,0.130701     ,0.119427    ,0           ,0.0385847    ,8.60177e-09  ,0.06196      ,0            ,0.0294389    ,       1 ,       1 ,       1 ,       1 ,       1 ,       1
20.1468  ,0.95 , 3.395 ,     0 ,0.291962 ,-0        ,         0 ,-0       ,3.775   ,-0.275    ,0           ,3.56837 ,-0.323811 ,0.0202279   ,3.075    ,-0.275    ,0.105686    ,3.86941 ,0.274064  ,0.0311015   ,3.475   ,0.325     ,0           ,3.17595  ,0.282737 ,0.0350814   ,0.13268     ,1.85907     ,1.54914     ,0.542833   ,1.63244     ,1.49061    ,0.174228  ,1.01742     ,0.701827    ,0.525608   ,1.54085      ,1.43483     ,0.139495    ,1.88284     ,1.5336      ,0.627484    ,1.57941     ,1.2804      ,nan          ,nan          ,nan         ,0.00506796   ,0.123976     ,0.14218      ,nan          ,nan          ,nan         ,0.000196075  ,0.142317     ,0.146088     ,nan          ,nan          ,nan          ,0.00417976   ,0.134166     ,0.123036    ,0           ,0.0202279    ,8.60177e-09  ,0.0311015    ,0            ,0.0238113    ,       1 ,       1 ,       1 ,       1 ,       1 ,       1
20.2102  ,0    , 3.4   ,     0 ,0.292843 ,-0        ,         0 ,-0       ,3.775   ,-0.274999 ,1.4746e-06  ,3.575   ,-0.325    ,0           ,3.075    ,-0.274998 ,0.105688    ,3.875   ,0.275     ,0           ,3.475   ,0.324999  ,1.52787e-06 ,3.175    ,0.275    ,0.0027451   ,0.108217    ,1.87004     ,1.55334     ,0.545964   ,1.79155     ,1.67116    ,0.148098  ,1.02516     ,0.709883    ,0.525761   ,1.78548      ,1.69694     ,0.113838    ,1.89453     ,1.53827     ,0.62613     ,1.84998     ,1.5299      ,-9.7603e-07  ,-0.131595    ,-0.154471   ,nan          ,nan          ,nan          ,4.73715e-07  ,-0.201976    ,-0.140197   ,nan          ,nan          ,nan          ,-0.0294063   ,-0.117214    ,-0.149717    ,nan          ,nan          ,nan         ,1.4746e-06  ,0            ,1.49177e-06  ,0            ,8.55611e-07  ,-0.000610919 ,       1 ,       1 ,       1 ,       1 ,       1 ,       1
20.2266  ,0.05 , 3.405 ,     0 ,0.291105 ,-0        ,         0 ,-0       ,3.78051 ,-0.274082 ,0.0196993   ,3.575   ,-0.325    ,0           ,3.08008  ,-0.270692 ,0.12719     ,3.875   ,0.275     ,0           ,3.47158 ,0.325365  ,0.0294718   ,3.175    ,0.275    ,0.0027451   ,0.111231    ,1.71464     ,1.37458     ,0.528589   ,1.78169     ,1.64494    ,0.151954  ,0.739648    ,0.509649    ,0.508704   ,1.77461      ,1.67013     ,0.0697301   ,1.67582     ,1.27874     ,0.605832    ,1.84172     ,1.51211     ,0.00486013   ,-0.123263    ,-0.138812   ,nan          ,nan          ,nan          ,0.00493368   ,-0.170355    ,-0.12084    ,nan          ,nan          ,nan          ,-0.0195462   ,-0.124559    ,-0.137634    ,nan          ,nan          ,nan         ,0.0196993   ,0            ,0.0215038    ,0            ,0.0224341    ,-0.000610919 ,       0 ,       1 ,       0 ,       1 ,       0 ,       1
20.2671  ,0.1  , 3.41  ,     0 ,0.289366 ,-0        ,         0 ,-0       ,3.78696 ,-0.271544 ,0.0379068   ,3.575   ,-0.325    ,0           ,3.08558  ,-0.261245 ,0.140371    ,3.875   ,0.275     ,0           ,3.47149 ,0.325138  ,0.0582031   ,3.175    ,0.275    ,0.0027451   ,0.11986     ,1.56972     ,1.21483     ,0.510785   ,1.77225     ,1.61945    ,0.162962  ,0.501482    ,0.338685    ,0.491253   ,1.76415      ,1.64407     ,0.0428791   ,1.44633     ,1.04149     ,0.585062    ,1.83334     ,1.4947      ,0.00921193   ,-0.114383    ,-0.123278   ,nan          ,nan          ,nan          ,0.00932141   ,-0.140276    ,-0.102052   ,nan          ,nan          ,nan          ,-0.0102939   ,-0.129145    ,-0.125054    ,nan          ,nan          ,nan         ,0.0379068   ,0            ,0.0346848    ,0            ,0.0296799    ,-0.000610919 ,       0 ,       1 ,       0 ,       1 ,       0 ,       1
20.3066  ,0.15 , 3.415 ,     0 ,0.287627 ,-0        ,         0 ,-0       ,3.7942  ,-0.267773 ,0.0540836   ,3.575   ,-0.325    ,0           ,3.09168  ,-0.25041  ,0.146901    ,3.875   ,0.275     ,0           ,3.47442 ,0.323008  ,0.084202    ,3.175    ,0.275    ,0.0027451   ,0.133485    ,1.43597     ,1.07395     ,0.492546   ,1.7632      ,1.59463    ,0.180286  ,0.308294    ,0.196121    ,0.473401   ,1.75408      ,1.6187      ,0.0321871   ,1.21106     ,0.827396    ,0.563828    ,1.8248      ,1.47763     ,0.0130544    ,-0.104953    ,-0.107871   ,nan          ,nan          ,nan          ,0.0131637    ,-0.11174     ,-0.0838311  ,nan          ,nan          ,nan          ,-0.00164927  ,-0.130972    ,-0.111977    ,nan          ,nan          ,nan         ,0.0540836   ,0            ,0.0412144    ,0            ,0.0213777    ,-0.000610919 ,       0 ,       1 ,       0 ,       1 ,       0 ,       1
20.3468  ,0.2  , 3.42  ,     0 ,0.285889 ,-0        ,         0 ,-0       ,3.80209 ,-0.263216 ,0.0679036   ,3.575   ,-0.325    ,0           ,3.09839  ,-0.2403   ,0.148901    ,3.875   ,0.275     ,0           ,3.48007 ,0.318667  ,0.105884    ,3.175    ,0.275    ,0.0027451   ,0.151483    ,1.31405     ,0.951771    ,0.473864   ,1.75452     ,1.57048    ,0.203088  ,0.157719    ,0.0810833   ,0.455145   ,1.74435      ,1.59399     ,0.0365568   ,0.974977    ,0.63737     ,0.542135    ,1.81608     ,1.46089     ,0.0163876    ,-0.0949751   ,-0.09259    ,nan          ,nan          ,nan          ,0.0164604    ,-0.0847448   ,-0.0661789  ,nan          ,nan          ,nan          ,0.00638756   ,-0.130041    ,-0.0984024   ,nan          ,nan          ,nan         ,0.0679036   ,0            ,0.0416789    ,0            ,0.0224301    ,-0.000610919 ,       0 ,       1 ,       0 ,       1 ,       0 ,       1
20.3873  ,0.25 , 3.425 ,     0 ,0.28415  ,-0        ,         0 ,-0       ,3.81052 ,-0.258336 ,0.0792259   ,3.575   ,-0.325    ,0           ,3.10569  ,-0.231895 ,0.148295    ,3.875   ,0.275     ,0           ,3.48804 ,0.312709  ,0.122288    ,3.175    ,0.275    ,0.0027451   ,0.173234    ,1.20463     ,0.848145    ,0.454735   ,1.74617     ,1.54695    ,0.230531  ,0.0473893   ,-0.00729948 ,0.43648    ,1.73496      ,1.56993     ,0.0547131   ,0.742865    ,0.472232    ,0.519996    ,1.80714     ,1.44446     ,0.0192115    ,-0.0844483   ,-0.0774349  ,nan          ,nan          ,nan          ,0.0192117    ,-0.0592921   ,-0.0490949  ,nan          ,nan          ,nan          ,0.0135062    ,-0.126704    ,-0.0844598   ,nan          ,nan          ,nan         ,0.0792259   ,0            ,0.0426092    ,0            ,0.0202456    ,-0.000610919 ,       0 ,       1 ,       0 ,       1 ,       0 ,       1
20.4268  ,0.3  , 3.43  ,     0 ,0.282412 ,-0        ,         0 ,-0       ,3.81941 ,-0.253572 ,0.0880579   ,3.575   ,-0.325    ,0           ,3.1136   ,-0.225534 ,0.146548    ,3.875   ,0.275     ,0           ,3.49779 ,0.306364  ,0.133271    ,3.175    ,0.275    ,0.0027451   ,0.198117    ,1.10837     ,0.762917    ,0.435154   ,1.73813     ,1.52403    ,0.261777  ,-0.0250612  ,-0.0698993  ,0.417404   ,1.72585      ,1.54648     ,0.0845552   ,0.518563    ,0.332463    ,0.497423    ,1.79795     ,1.42834     ,0.021526     ,-0.0733728   ,-0.0624059  ,nan          ,nan          ,nan          ,0.0214175    ,-0.0353814   ,-0.032579   ,nan          ,nan          ,nan          ,0.0193292    ,-0.121391    ,-0.0703066   ,nan          ,nan          ,nan         ,0.0880579   ,0            ,0.0408621    ,0            ,0.0289831    ,-0.000610919 ,       0 ,       1 ,       0 ,       1 ,       0 ,       1
20.4668  ,0.35 , 3.435 ,     0 ,0.280673 ,-0        ,         0 ,-0       ,3.82873 ,-0.249312 ,0.0945141   ,3.575   ,-0.325    ,0           ,3.12214  ,-0.221255 ,0.144609    ,3.875   ,0.275     ,0           ,3.50894 ,0.301007  ,0.139474    ,3.175    ,0.275    ,0.0027451   ,0.225512    ,1.02595     ,0.695935    ,0.415116   ,1.73036     ,1.50169    ,0.295991  ,-0.0619992  ,-0.107588   ,0.397915   ,1.71702      ,1.52362     ,0.123742    ,0.30564     ,0.21844     ,0.47443     ,1.78848     ,1.4125      ,0.0233313    ,-0.0617486   ,-0.047503   ,nan          ,nan          ,nan          ,0.0230779    ,-0.0130127   ,-0.0166313  ,nan          ,nan          ,nan          ,0.0238557    ,-0.114102    ,-0.0559434   ,nan          ,nan          ,nan         ,0.0945142   ,0            ,0.0389224    ,0            ,0.0348422    ,-0.000610919 ,       0 ,       1 ,       0 ,       1 ,       0 ,       1
20.5069  ,0.4  , 3.44  ,     0 ,0.278935 ,-0        ,         0 ,-0       ,3.83849 ,-0.245875 ,0.0987745   ,3.575   ,-0.325    ,0           ,3.13138  ,-0.219004 ,0.142954    ,3.875   ,0.275     ,0           ,3.52136 ,0.29778   ,0.142187    ,3.175    ,0.275    ,0.0027451   ,0.254797    ,0.958037    ,0.647044    ,0.394618   ,1.72284     ,1.47991    ,0.332333  ,-0.0657912  ,-0.121238   ,0.37801    ,1.70842      ,1.50133     ,0.169932    ,0.107662    ,0.130544    ,0.451034    ,1.77871     ,1.39694     ,0.0246272    ,-0.0495757   ,-0.0327261  ,nan          ,nan          ,nan          ,0.0241927    ,0.007814     ,-0.00125186 ,nan          ,nan          ,nan          ,0.0270858    ,-0.104838    ,-0.0413702   ,nan          ,nan          ,nan         ,0.0987745   ,0            ,0.0372679    ,0            ,0.0367398    ,-0.000610919 ,       0 ,       1 ,       0 ,       1 ,       0 ,       1
20.5471  ,0.45 , 3.445 ,     0 ,0.277196 ,-0        ,         0 ,-0       ,3.84872 ,-0.243498 ,0.101044    ,3.575   ,-0.325    ,0           ,3.14142  ,-0.218726 ,0.141659    ,3.875   ,0.275     ,0           ,3.53515 ,0.297334  ,0.143106    ,3.175    ,0.275    ,0.0027451   ,0.285351    ,0.905298    ,0.616091    ,0.37366    ,1.71554     ,1.45866    ,0.369969  ,-0.0388037  ,-0.111721   ,0.357691   ,1.70003      ,1.47957     ,0.220784    ,-0.0718046  ,0.0691545   ,0.427256    ,1.76861     ,1.38164     ,0.0254139    ,-0.036854    ,-0.0180754  ,nan          ,nan          ,nan          ,0.0247621    ,0.0270986    ,0.0135594   ,nan          ,nan          ,nan          ,0.0290199    ,-0.0935982   ,-0.0265885   ,nan          ,nan          ,nan         ,0.101044    ,0            ,0.0359727    ,0            ,0.0367538    ,-0.000610919 ,       0 ,       1 ,       0 ,       1 ,       0 ,       1
20.5869  ,0.5  , 3.45  ,     0 ,0.275458 ,-0        ,         0 ,-0       ,3.85948 ,-0.242334 ,0.101516    ,3.575   ,-0.325    ,0           ,3.1524   ,-0.220366 ,0.140463    ,3.875   ,0.275     ,0           ,3.55045 ,0.299556  ,0.143983    ,3.175    ,0.275    ,0.0027451   ,0.316554    ,0.868403    ,0.602921    ,0.35224    ,1.70844     ,1.43793    ,0.408059  ,0.0165966   ,-0.0799096  ,0.336958   ,1.69183      ,1.45834     ,0.274125    ,-0.22876    ,0.0340848   ,0.403117    ,1.75816     ,1.36659     ,0.0256908    ,-0.0235836   ,-0.00355021 ,nan          ,nan          ,nan          ,0.024786     ,0.0448412    ,0.0278026   ,nan          ,nan          ,nan          ,0.0299218    ,-0.0796977   ,-0.0124919   ,nan          ,nan          ,nan         ,0.101516    ,0            ,0.0329888    ,0            ,0.0382966    ,-0.000610919 ,       0 ,       1 ,       0 ,       1 ,       0 ,       1
20.6267  ,0.55 , 3.455 ,     0 ,0.273719 ,-0        ,         0 ,-0       ,3.8708  ,-0.242455 ,0.100339    ,3.575   ,-0.325    ,0           ,3.16444  ,-0.223842 ,0.138841    ,3.875   ,0.275     ,0           ,3.56715 ,0.303271  ,0.146059    ,3.175    ,0.275    ,0.0027451   ,0.347781    ,0.84802     ,0.607387    ,0.33036    ,1.70149     ,1.4177     ,0.445768  ,0.0980431   ,-0.0266748  ,0.315815   ,1.68377      ,1.43761     ,0.328361    ,-0.357694   ,0.0231758   ,0.378641    ,1.74732     ,1.35179     ,0.0254518    ,-0.00976306  ,0.0108563   ,nan          ,nan          ,nan          ,0.0242636    ,0.0610418    ,0.0414771   ,nan          ,nan          ,nan          ,0.0300125    ,-0.0625639   ,0.000170714  ,nan          ,nan          ,nan         ,0.100339    ,0            ,0.0323851    ,0            ,0.0403731    ,-0.000610919 ,       0 ,       1 ,       0 ,       1 ,       0 ,       1
20.6669  ,0.6  , 3.46  ,     0 ,0.27198  ,-0        ,         0 ,-0       ,3.88272 ,-0.24386  ,0.0975923   ,3.575   ,-0.325    ,0           ,3.1776   ,-0.228988 ,0.13607     ,3.875   ,0.275     ,0           ,3.58481 ,0.30713   ,0.149755    ,3.175    ,0.275    ,0.0027451   ,0.378401    ,0.844822    ,0.629344    ,0.308023   ,1.69467     ,1.39794    ,0.482247  ,0.20317     ,0.0471053   ,0.294263   ,1.67584      ,1.41736     ,0.382029    ,-0.452769   ,0.0338381   ,0.353854    ,1.73608     ,1.33722     ,0.0246951    ,0.00460786   ,0.0251465   ,nan          ,nan          ,nan          ,0.0231821    ,0.0757018    ,0.0545758   ,nan          ,nan          ,nan          ,0.0292921    ,-0.042197    ,0.0113992    ,nan          ,nan          ,nan         ,0.0975923   ,0            ,0.0308168    ,0            ,0.0440685    ,-0.000610919 ,       0 ,       1 ,       0 ,       1 ,       0 ,       1
20.7068  ,0.65 , 3.465 ,     0 ,0.270242 ,-0        ,         0 ,-0       ,3.8952  ,-0.246478 ,0.0932657   ,3.575   ,-0.325    ,0           ,3.19182  ,-0.235515 ,0.131322    ,3.875   ,0.275     ,0           ,3.60274 ,0.31012   ,0.154643    ,3.175    ,0.275    ,0.0027451   ,0.407782    ,0.859479    ,0.668652    ,0.285233   ,1.68795     ,1.37863    ,0.516635  ,0.329615    ,0.140545    ,0.27231    ,1.668        ,1.39757     ,0.433664    ,-0.508146   ,0.0634819   ,0.328786    ,1.72443     ,1.32288     ,0.0234206    ,0.0195292    ,0.0393203   ,nan          ,nan          ,nan          ,0.0215372    ,0.0888215    ,0.0670964   ,nan          ,nan          ,nan          ,0.0277605    ,-0.0185967   ,0.0211936    ,nan          ,nan          ,nan         ,0.0932657   ,0            ,0.0274304    ,0            ,0.0489565    ,-0.000610919 ,       0 ,       1 ,       0 ,       1 ,       0 ,       1
20.7466  ,0.7  , 3.47  ,     0 ,0.268503 ,-0        ,         0 ,-0       ,3.90814 ,-0.250167 ,0.0872486   ,3.575   ,-0.325    ,0           ,3.20682  ,-0.242995 ,0.123762    ,3.875   ,0.275     ,0           ,3.6202  ,0.31179   ,0.15959     ,3.175    ,0.275    ,0.0027451   ,0.435295    ,0.892662    ,0.725168    ,0.261997   ,1.68129     ,1.35977    ,0.548065  ,0.475012    ,0.252755    ,0.249963   ,1.66022      ,1.37823     ,0.481801    ,-0.517986   ,0.109518    ,0.303465    ,1.71233     ,1.30877     ,0.0216283    ,0.035001     ,0.0533777   ,nan          ,nan          ,nan          ,0.0193288    ,0.100401     ,0.0790389   ,nan          ,nan          ,nan          ,0.0254178    ,0.00823677   ,0.029554     ,nan          ,nan          ,nan         ,0.0872487   ,0            ,0.0266491    ,0            ,0.053904     ,-0.000610919 ,       0 ,       1 ,       0 ,       1 ,       0 ,       1
20.7868  ,0.75 , 3.475 ,     0 ,0.266765 ,-0        ,         0 ,-0       ,3.92135 ,-0.254713 ,0.0793292   ,3.575   ,-0.325    ,0           ,3.22211  ,-0.250873 ,0.112666    ,3.875   ,0.275     ,0           ,3.63658 ,0.312353  ,0.163057    ,3.175    ,0.275    ,0.0027451   ,0.460306    ,0.945042    ,0.79875     ,0.238323   ,1.67466     ,1.34132    ,0.575674  ,0.636998    ,0.382851    ,0.227229   ,1.65247      ,1.35931     ,0.524699    ,-0.47711    ,0.169732    ,0.277923    ,1.69979     ,1.29488     ,0.0193182    ,0.0510232    ,0.0673187   ,nan          ,nan          ,nan          ,0.016557     ,0.11044      ,0.0904031   ,nan          ,nan          ,nan          ,0.0217781    ,0.0371419    ,0.037144     ,nan          ,nan          ,nan         ,0.0793293   ,0            ,0.0246597    ,0            ,0.0573705    ,-0.000610919 ,       0 ,       1 ,       0 ,       1 ,       0 ,       1
20.827   ,0.8  , 3.48  ,     0 ,0.265026 ,-0        ,         0 ,-0       ,3.9345  ,-0.259813 ,0.0692068   ,3.575   ,-0.325    ,0           ,3.237    ,-0.258513 ,0.0975484   ,3.875   ,0.275     ,0           ,3.65137 ,0.312924  ,0.163681    ,3.175    ,0.275    ,0.0027451   ,0.482186    ,1.01729     ,0.889257    ,0.214221   ,1.66803     ,1.32327    ,0.598597  ,0.81321     ,0.529943    ,0.204121   ,1.64472      ,1.3408      ,0.559306    ,-0.383475   ,0.243704    ,0.252194    ,1.68678     ,1.28121     ,0.0164902    ,0.0675958    ,0.0811434   ,nan          ,nan          ,nan          ,0.0132217    ,0.118939     ,0.101189    ,nan          ,nan          ,nan          ,0.0162334    ,0.0666656    ,0.044794     ,nan          ,nan          ,nan         ,0.0692068   ,0            ,0.0303524    ,0            ,0.0564429    ,-0.000610919 ,       0 ,       1 ,       0 ,       1 ,       0 ,       1
20.8671  ,0.85 , 3.485 ,     0 ,0.263288 ,-0        ,         0 ,-0       ,3.94714 ,-0.265054 ,0.0565222   ,3.575   ,-0.325    ,0           ,3.25059  ,-0.265264 ,0.078258    ,3.875   ,0.275     ,0           ,3.66402 ,0.314643  ,0.159998    ,3.175    ,0.275    ,0.0027451   ,0.500302    ,1.11008     ,0.996547    ,0.189705   ,1.66136     ,1.30561    ,0.615968  ,1.00128     ,0.693146    ,0.18065    ,1.63693      ,1.32269     ,0.58218     ,-0.235972   ,0.331547    ,0.226311    ,1.6733      ,1.26777     ,0.0131445    ,0.0847188    ,0.0948516   ,nan          ,nan          ,nan          ,0.00932293   ,0.125898     ,0.111397    ,nan          ,nan          ,nan          ,0.00878207   ,0.0968034    ,0.0525065    ,nan          ,nan          ,nan         ,0.0565222   ,0            ,0.0334045    ,0            ,0.0535904    ,-0.000610919 ,       0 ,       1 ,       0 ,       1 ,       0 ,       1
20.9069  ,0.9  , 3.49  ,     0 ,0.261549 ,-0        ,         0 ,-0       ,3.95865 ,-0.269873 ,0.040913    ,3.575   ,-0.325    ,0           ,3.26196  ,-0.270535 ,0.0550535   ,3.875   ,0.275     ,0           ,3.67356 ,0.318038  ,0.150248    ,3.175    ,0.275    ,0.0027451   ,0.514025    ,1.22408     ,1.12048     ,0.16479    ,1.65462     ,1.2883     ,0.626924  ,1.19885     ,0.87157     ,0.156831   ,1.62908      ,1.30495     ,0.589876    ,-0.0334911  ,0.433373    ,0.200311    ,1.65933     ,1.25455     ,0.00928103   ,0.102392     ,0.108444    ,nan          ,nan          ,nan          ,0.00486073   ,0.131317     ,0.121027    ,nan          ,nan          ,nan          ,-0.000576032 ,0.127555     ,0.0602816    ,nan          ,nan          ,nan         ,0.040913    ,0            ,0.0348808    ,0            ,0.0444667    ,-0.000610919 ,       1 ,       1 ,       1 ,       1 ,       1 ,       1
20.9467  ,0.95 , 3.495 ,     0 ,0.25981  ,-0        ,         0 ,-0       ,3.96825 ,-0.273518 ,0.0220984   ,3.575   ,-0.325    ,0           ,3.27029  ,-0.273869 ,0.0286157   ,3.875   ,0.275     ,0           ,3.67816 ,0.322422  ,0.132563    ,3.175    ,0.275    ,0.0027451   ,0.522721    ,1.35996     ,1.26091     ,0.139495   ,1.64776     ,1.27135    ,0.6306    ,1.40356     ,1.06433     ,0.13268    ,1.62112      ,1.28757     ,0.578952    ,0.225075    ,0.549297    ,0.174228    ,1.64488     ,1.24157     ,0.00489973   ,0.120616     ,0.121919    ,nan          ,nan          ,nan          ,-0.000164924 ,0.135195     ,0.130079    ,nan          ,nan          ,nan          ,-0.0118409   ,0.158921     ,0.0681192    ,nan          ,nan          ,nan         ,0.0220984   ,0            ,0.0202453    ,0            ,0.0270842    ,-0.000610919 ,       1 ,       1 ,       1 ,       1 ,       1 ,       1
21.004   ,0    , 3.5   ,     0 ,0.258072 ,-0        ,         0 ,-0       ,3.975   ,-0.275    ,0           ,3.575   ,-0.324998 ,1.65542e-06 ,3.275    ,-0.275    ,0           ,3.875   ,0.274998  ,1.59135e-06 ,3.675   ,0.325     ,0.105686    ,3.175    ,0.274999 ,0.00274678  ,0.525761    ,1.51839     ,1.4177      ,0.113838   ,1.64075     ,1.25473    ,0.62613   ,1.61304     ,1.27054     ,0.108217   ,1.61304      ,1.27054     ,0.545964    ,0.540836    ,0.67943     ,0.148098    ,1.62995     ,1.22882     ,nan          ,nan          ,nan         ,-8.41036e-07 ,-0.134957    ,-0.140664    ,nan          ,nan          ,nan         ,-8.00901e-07 ,-0.136527    ,-0.139957    ,nan          ,nan          ,nan          ,0.0235917    ,-0.138178    ,-0.121013   ,0           ,1.65542e-06  ,0            ,1.59135e-06  ,-0.0017449   ,-0.000610395 ,       1 ,       1 ,       1 ,       1 ,       1 ,       1
21.0266  ,0.05 , 3.505 ,     0 ,0.258072 ,-0        ,         0 ,-0       ,3.975   ,-0.275    ,0           ,3.58046 ,-0.323758 ,0.0201616   ,3.275    ,-0.275    ,0           ,3.88036 ,0.273463  ,0.019655    ,3.675   ,0.325     ,0.105686    ,3.18595  ,0.279114 ,0.0202363   ,0.508704    ,1.52123     ,1.40578     ,0.116973   ,1.48832     ,1.09816    ,0.605832  ,1.61797     ,1.26734     ,0.110845   ,1.46361      ,1.11784     ,0.528589    ,0.535134    ,0.661325    ,0.175385    ,1.48308     ,1.09982     ,nan          ,nan          ,nan         ,0.00521856   ,-0.123181    ,-0.124543    ,nan          ,nan          ,nan         ,0.00449361   ,-0.123104    ,-0.12536     ,nan          ,nan          ,nan          ,0.0251296    ,-0.124326    ,-0.109521   ,0           ,0.0201616    ,-3.04767e-17 ,0.019655     ,-0.0017449   ,0.0167697    ,       1 ,       0 ,       1 ,       0 ,       1 ,       0
21.0669  ,0.1  , 3.51  ,     0 ,0.258072 ,-0        ,         0 ,-0       ,3.975   ,-0.275    ,0           ,3.58679 ,-0.320537 ,0.0378691   ,3.275    ,-0.275    ,0           ,3.88642 ,0.269481  ,0.0369491   ,3.675   ,0.325     ,0.105686    ,3.19684  ,0.28026  ,0.0358017   ,0.491253    ,1.52441     ,1.39441     ,0.125946   ,1.3499      ,0.960488   ,0.585062  ,1.62271     ,1.26444     ,0.118396   ,1.32961      ,0.981931    ,0.510785    ,0.529924    ,0.643732    ,0.204234    ,1.35169     ,0.983736    ,nan          ,nan          ,nan         ,0.009888     ,-0.111211    ,-0.108658    ,nan          ,nan          ,nan         ,0.00855381   ,-0.109732    ,-0.110777    ,nan          ,nan          ,nan          ,0.0263824    ,-0.110498    ,-0.0979366  ,0           ,0.0378691    ,3.04767e-17  ,0.0369491    ,-0.0017449   ,0.0357464    ,       1 ,       0 ,       1 ,       0 ,       1 ,       0
21.1066  ,0.15 , 3.515 ,     0 ,0.258072 ,-0        ,         0 ,-0       ,3.975   ,-0.275    ,0           ,3.59386 ,-0.316059 ,0.0529112   ,3.275    ,-0.275    ,0           ,3.89307 ,0.263923  ,0.0517111   ,3.675   ,0.325     ,0.105686    ,3.20756  ,0.279271 ,0.0492344   ,0.473401    ,1.52792     ,1.38358     ,0.14011    ,1.22573     ,0.841436   ,0.563828  ,1.62723     ,1.26182     ,0.130371   ,1.21097      ,0.862802    ,0.492546    ,0.525216    ,0.626662    ,0.234325    ,1.23576     ,0.880664    ,nan          ,nan          ,nan         ,0.0140075    ,-0.0990472   ,-0.0930106   ,nan          ,nan          ,nan         ,0.0121798    ,-0.0964118   ,-0.096208    ,nan          ,nan          ,nan          ,0.0273501    ,-0.096693    ,-0.0862604  ,0           ,0.0529112    ,0            ,0.0517111    ,-0.0017449   ,0.0315999    ,       1 ,       0 ,       1 ,       0 ,       1 ,       0
21.1468  ,0.2  , 3.52  ,     0 ,0.258072 ,-0        ,         0 ,-0       ,3.975   ,-0.275    ,0           ,3.60157 ,-0.310984 ,0.0652669   ,3.275    ,-0.275    ,0           ,3.90024 ,0.257554  ,0.0639413   ,3.675   ,0.325     ,0.105686    ,3.21806  ,0.276887 ,0.0604976   ,0.455145    ,1.53172     ,1.37327     ,0.158813   ,1.11605     ,0.740723   ,0.542135  ,1.63149     ,1.25946     ,0.146269   ,1.10763      ,0.760436    ,0.473864    ,0.521022    ,0.610125    ,0.26534     ,1.13527     ,0.790711    ,nan          ,nan          ,nan         ,0.017577     ,-0.0866888   ,-0.0775995   ,nan          ,nan          ,nan         ,0.0153716    ,-0.0831426   ,-0.0816534   ,nan          ,nan          ,nan          ,0.0280327    ,-0.082912    ,-0.0744923  ,0           ,0.0652669    ,0            ,0.0640204    ,-0.0017449   ,0.0404536    ,       1 ,       0 ,       1 ,       0 ,       1 ,       0
21.187   ,0.25 , 3.525 ,     0 ,0.258072 ,-0        ,         0 ,-0       ,3.975   ,-0.275    ,0           ,3.60982 ,-0.305876 ,0.0750536   ,3.275    ,-0.275    ,0           ,3.90783 ,0.251018  ,0.0737538   ,3.675   ,0.325     ,0.105686    ,3.22833  ,0.273731 ,0.0696686   ,0.43648     ,1.5358      ,1.36348     ,0.181406   ,1.02107     ,0.658069   ,0.519996  ,1.63548     ,1.25736     ,0.165592   ,1.01954      ,0.674816    ,0.454735    ,0.517351    ,0.594135    ,0.296959    ,1.05019     ,0.713977    ,nan          ,nan          ,nan         ,0.0205965    ,-0.0741362   ,-0.0624249   ,nan          ,nan          ,nan         ,0.0181291    ,-0.0699246   ,-0.0671131   ,nan          ,nan          ,nan          ,0.0284302    ,-0.0691547   ,-0.0626322  ,0           ,0.0750536    ,0            ,0.0738087    ,-0.0017449   ,0.04779      ,       1 ,       0 ,       1 ,       0 ,       1 ,       0
21.2266  ,0.3  , 3.53  ,     0 ,0.258072 ,-0        ,         0 ,-0       ,3.975   ,-0.275    ,0           ,3.61857 ,-0.301196 ,0.0824745   ,3.275    ,-0.275    ,0           ,3.91579 ,0.244833  ,0.0813267   ,3.675   ,0.325     ,0.105686    ,3.23841  ,0.27031  ,0.0768887   ,0.417404    ,1.54013     ,1.35419     ,0.207241   ,0.941029    ,0.593194   ,0.497423  ,1.63918     ,1.2555      ,0.18784    ,0.94663      ,0.605924    ,0.435154    ,0.514212    ,0.578703    ,0.328863    ,0.980488    ,0.650568    ,nan          ,nan          ,nan         ,0.0230661    ,-0.0613895   ,-0.0474869   ,nan          ,nan          ,nan         ,0.0204525    ,-0.056758    ,-0.0525871   ,nan          ,nan          ,nan          ,0.0285425    ,-0.0554211   ,-0.0506802  ,0           ,0.0824745    ,0            ,0.0813267    ,-0.0017449   ,0.0544939    ,       1 ,       0 ,       1 ,       0 ,       1 ,       0
21.2666  ,0.35 , 3.535 ,     0 ,0.258072 ,-0        ,         0 ,-0       ,3.975   ,-0.275    ,0           ,3.62779 ,-0.297296 ,0.0877739   ,3.275    ,-0.275    ,0           ,3.92413 ,0.239404  ,0.0868609   ,3.675   ,0.325     ,0.105686    ,3.24837  ,0.267015 ,0.0823226   ,0.397915    ,1.54469     ,1.34539     ,0.235667   ,0.876156    ,0.545821   ,0.47443   ,1.64255     ,1.25387     ,0.212511   ,0.888849     ,0.553745    ,0.415116    ,0.511611    ,0.563841    ,0.360734    ,0.926142    ,0.600584    ,nan          ,nan          ,nan         ,0.0249857    ,-0.0484487   ,-0.0327855   ,nan          ,nan          ,nan         ,0.0223416    ,-0.0436427   ,-0.0380754   ,nan          ,nan          ,nan          ,0.0283697    ,-0.0417111   ,-0.0386362  ,0           ,0.0954724    ,0            ,0.0868609    ,-0.0017449   ,0.0625303    ,       1 ,       0 ,       1 ,       0 ,       1 ,       0
21.3065  ,0.4  , 3.54  ,     0 ,0.258072 ,-0        ,         0 ,-0       ,3.975   ,-0.275    ,0           ,3.63753 ,-0.294422 ,0.0911985   ,3.275    ,-0.275    ,0           ,3.93286 ,0.23503   ,0.0905497   ,3.675   ,0.325     ,0.105686    ,3.25827  ,0.264133 ,0.0861269   ,0.37801     ,1.54947     ,1.33708     ,0.266036   ,0.82668     ,0.515669   ,0.451034  ,1.64557     ,1.25245     ,0.239108   ,0.846137     ,0.518262    ,0.394618    ,0.509553    ,0.549559    ,0.392251    ,0.887125    ,0.56413     ,nan          ,nan          ,nan         ,0.0263554    ,-0.0353136   ,-0.0183206   ,nan          ,nan          ,nan         ,0.0237965    ,-0.0305787   ,-0.023578    ,nan          ,nan          ,nan          ,0.0279118    ,-0.0280248   ,-0.0265003  ,0           ,0.0975834    ,0            ,0.0905498    ,-0.0017449   ,0.0748582    ,       1 ,       0 ,       1 ,       0 ,       1 ,       0
21.3468  ,0.45 , 3.545 ,     0 ,0.258072 ,-0        ,         0 ,-0       ,3.975   ,-0.275    ,0           ,3.64782 ,-0.292728 ,0.0929666   ,3.275    ,-0.275    ,0           ,3.94204 ,0.231917  ,0.0925566   ,3.675   ,0.325     ,0.105686    ,3.26821  ,0.26186  ,0.088428    ,0.357691    ,1.55442     ,1.32925     ,0.297697   ,0.792829    ,0.502458   ,0.427256  ,1.64823     ,1.25125     ,0.267129   ,0.818432     ,0.499458    ,0.37366     ,0.50804     ,0.535869    ,0.423097    ,0.863411    ,0.541308    ,nan          ,nan          ,nan         ,0.0271751    ,-0.0219844   ,-0.0040923   ,nan          ,nan          ,nan         ,0.0248173    ,-0.017566    ,-0.00909481  ,nan          ,nan          ,nan          ,0.0271688    ,-0.0143621   ,-0.0142724  ,0           ,0.0986209    ,0            ,0.0925566    ,-0.0017449   ,0.079858     ,       1 ,       0 ,       1 ,       0 ,       1 ,       0
21.3869  ,0.5  , 3.55  ,     0 ,0.258072 ,-0        ,         0 ,-0       ,3.975   ,-0.275    ,0           ,3.65872 ,-0.292284 ,0.0932448   ,3.275    ,-0.275    ,0           ,3.95175 ,0.230195  ,0.0930001   ,3.675   ,0.325     ,0.105686    ,3.27826  ,0.260313 ,0.0893064   ,0.336958    ,1.55954     ,1.32187     ,0.330002   ,0.774833    ,0.50591    ,0.403117  ,1.65051     ,1.25025     ,0.296075   ,0.805677     ,0.497318    ,0.35224     ,0.507071    ,0.52278     ,0.452951    ,0.854973    ,0.532222    ,nan          ,nan          ,nan         ,0.0274448    ,-0.00846106  ,0.00989942   ,nan          ,nan          ,nan         ,0.0254038    ,-0.00460458  ,0.00537406   ,nan          ,nan          ,nan          ,0.0261407    ,-0.000723099 ,-0.00195243 ,0           ,0.0987398    ,0            ,0.0984687    ,-0.0017449   ,0.0840863    ,       1 ,       0 ,       1 ,       0 ,       1 ,       0
21.4267  ,0.55 , 3.555 ,     0 ,0.258072 ,-0        ,         0 ,-0       ,3.975   ,-0.275    ,0           ,3.67024 ,-0.293088 ,0.0921309   ,3.275    ,-0.275    ,0           ,3.96206 ,0.22992   ,0.0919456   ,3.675   ,0.325     ,0.105686    ,3.28845  ,0.259555 ,0.088784    ,0.315815    ,1.56478     ,1.31494     ,0.3623     ,0.77293     ,0.525742   ,0.378641  ,1.6524      ,1.24944     ,0.325446   ,0.807811     ,0.511823    ,0.33036     ,0.506641    ,0.510301    ,0.481495    ,0.861793    ,0.537029    ,nan          ,nan          ,nan         ,0.0271656    ,0.00527589   ,0.0236455    ,nan          ,nan          ,nan         ,0.0255543    ,0.0083032    ,0.0198241    ,nan          ,nan          ,nan          ,0.0248255    ,0.0129153    ,0.0106048   ,0           ,0.0980203    ,0            ,0.0956944    ,-0.0017449   ,0.0875917    ,       1 ,       0 ,       1 ,       0 ,       1 ,       0
21.467   ,0.6  , 3.56  ,     0 ,0.258072 ,-0        ,         0 ,-0       ,3.975   ,-0.275    ,0           ,3.6824  ,-0.295067 ,0.0896428   ,3.275    ,-0.275    ,0           ,3.97302 ,0.23109   ,0.089403    ,3.675   ,0.325     ,0.105686    ,3.29885  ,0.25962  ,0.0868089   ,0.294263    ,1.57012     ,1.30845     ,0.393946   ,0.787386    ,0.561656   ,0.353854  ,1.65388     ,1.24882     ,0.354738   ,0.824771     ,0.542948    ,0.308023    ,0.506744    ,0.498438    ,0.508406    ,0.883886    ,0.556092    ,nan          ,nan          ,nan         ,0.0263386    ,0.0192473    ,0.0371362    ,nan          ,nan          ,nan         ,0.025267     ,0.0211548    ,0.0342503    ,nan          ,nan          ,nan          ,0.0232217    ,0.0265729    ,0.0235252   ,0           ,0.0964594    ,0            ,0.0914027    ,-0.0017449   ,0.0903621    ,       1 ,       0 ,       1 ,       0 ,       1 ,       0
21.5069  ,0.65 , 3.565 ,     0 ,0.258072 ,-0        ,         0 ,-0       ,3.975   ,-0.275    ,0           ,3.69512 ,-0.298095 ,0.0857133   ,3.275    ,-0.275    ,0           ,3.98468 ,0.233647  ,0.0853271   ,3.675   ,0.325     ,0.105686    ,3.30944  ,0.260496 ,0.0832692   ,0.27231     ,1.57554     ,1.30238     ,0.424291   ,0.81848     ,0.61335    ,0.328786  ,1.65495     ,1.24838     ,0.383447   ,0.856492     ,0.590665    ,0.285233    ,0.507364    ,0.487198    ,0.53336     ,0.921273    ,0.589816    ,nan          ,nan          ,nan         ,0.0249637    ,0.0334532    ,0.0503716    ,nan          ,nan          ,nan         ,0.0245419    ,0.0339503    ,0.0486526    ,nan          ,nan          ,nan          ,0.0213292    ,0.0402498    ,0.0368085   ,0           ,0.0939699    ,0            ,0.085566     ,-0.0017449   ,0.0821993    ,       1 ,       0 ,       1 ,       0 ,       1 ,       0
21.5471  ,0.7  , 3.57  ,     0 ,0.258072 ,-0        ,         0 ,-0       ,3.975   ,-0.275    ,0           ,3.70829 ,-0.301994 ,0.0801922   ,3.275    ,-0.275    ,0           ,3.99701 ,0.237483  ,0.0796248   ,3.675   ,0.325     ,0.105686    ,3.32018  ,0.262109 ,0.0780032   ,0.249963    ,1.581       ,1.29671     ,0.452689   ,0.866488    ,0.680523   ,0.303465  ,1.65559     ,1.24811     ,0.41107    ,0.902909     ,0.654946    ,0.261997    ,0.508485    ,0.476583    ,0.556035    ,0.973976    ,0.638608    ,nan          ,nan          ,nan         ,0.023041     ,0.0478935    ,0.0633515    ,nan          ,nan          ,nan         ,0.0233789    ,0.0466895    ,0.0630311    ,nan          ,nan          ,nan          ,0.0191481    ,0.053946     ,0.0504549   ,0           ,0.0801922    ,0            ,0.0781413    ,-0.0017449   ,0.0776717    ,       1 ,       0 ,       1 ,       0 ,       1 ,       0
21.5866  ,0.75 , 3.575 ,     0 ,0.258072 ,-0        ,         0 ,-0       ,3.975   ,-0.275    ,0           ,3.72165 ,-0.306531 ,0.0728566   ,3.275    ,-0.275    ,0           ,4.00995 ,0.24244   ,0.0721659   ,3.675   ,0.325     ,0.105686    ,3.33094  ,0.264329 ,0.0708133   ,0.227229    ,1.58648     ,1.29145     ,0.478494   ,0.931687    ,0.762873   ,0.277923  ,1.6558      ,1.24803     ,0.437102   ,0.963958     ,0.735765    ,0.238323    ,0.510083    ,0.466596    ,0.576108    ,1.04202     ,0.702875    ,nan          ,nan          ,nan         ,0.0205705    ,0.0625683    ,0.0760761    ,nan          ,nan          ,nan         ,0.0217781    ,0.0593727    ,0.0773857    ,nan          ,nan          ,nan          ,0.0166783    ,0.0676614    ,0.0644644   ,0           ,0.0728566    ,0            ,0.0673791    ,-0.0017449   ,0.0708133    ,       1 ,       0 ,       1 ,       0 ,       1 ,       0
21.6267  ,0.8  , 3.58  ,     0 ,0.258072 ,-0        ,         0 ,-0       ,3.975   ,-0.275    ,0           ,3.73488 ,-0.311407 ,0.0634328   ,3.275    ,-0.275    ,0           ,4.02335 ,0.248311  ,0.0628006   ,3.675   ,0.325     ,0.105686    ,3.34153  ,0.26696  ,0.0614873   ,0.204121    ,1.59194     ,1.28656     ,0.501057   ,1.01435     ,0.860099   ,0.252194  ,1.65559     ,1.24811     ,0.461039   ,1.03957      ,0.833093    ,0.214221    ,0.512129    ,0.457234    ,0.593255    ,1.12542     ,0.783021    ,nan          ,nan          ,nan         ,0.0175522    ,0.0774775    ,0.0885453    ,nan          ,nan          ,nan         ,0.0197394    ,0.0719996    ,0.0917164    ,nan          ,nan          ,nan          ,0.0139198    ,0.0813961    ,0.0788369   ,0           ,0.0634328    ,0            ,0.057067     ,-0.0017449   ,0.0614873    ,       1 ,       0 ,       1 ,       0 ,       1 ,       0
21.667   ,0.85 , 3.585 ,     0 ,0.258072 ,-0        ,         0 ,-0       ,3.975   ,-0.275    ,0           ,3.74749 ,-0.316244 ,0.0516302   ,3.275    ,-0.275    ,0           ,4.03695 ,0.254839  ,0.051383    ,3.675   ,0.325     ,0.105686    ,3.35166  ,0.269732 ,0.0498278   ,0.18065     ,1.59736     ,1.28204     ,0.519733   ,1.11477     ,0.971899   ,0.226311  ,1.65495     ,1.24838     ,0.482378   ,1.12969      ,0.946904    ,0.189705    ,0.514589    ,0.448496    ,0.607154    ,1.2242      ,0.879455    ,nan          ,nan          ,nan         ,0.0139861    ,0.0926212    ,0.100759     ,nan          ,nan          ,nan         ,0.0172629    ,0.0845704    ,0.106023     ,nan          ,nan          ,nan          ,0.0108726    ,0.09515      ,0.0935724   ,0           ,0.0516302    ,0            ,0.0379644    ,-0.0017449   ,0.0498278    ,       1 ,       0 ,       1 ,       0 ,       1 ,       0
21.7068  ,0.9  , 3.59  ,     0 ,0.258072 ,-0        ,         0 ,-0       ,3.975   ,-0.275    ,0           ,3.75889 ,-0.320559 ,0.0371929   ,3.275    ,-0.275    ,0           ,4.0504  ,0.261715  ,0.0378023   ,3.675   ,0.325     ,0.105686    ,3.36093  ,0.272298 ,0.0356924   ,0.156831    ,1.6027      ,1.27787     ,0.533874   ,1.2332      ,1.09797    ,0.200311  ,1.65388     ,1.24882     ,0.500613   ,1.23425      ,1.07717     ,0.16479     ,0.517422    ,0.440374    ,0.617481    ,1.33838     ,0.992581    ,nan          ,nan          ,nan         ,0.00987208   ,0.107999     ,0.112718     ,nan          ,nan          ,nan         ,0.0143485    ,0.097085     ,0.120306     ,nan          ,nan          ,nan          ,0.00753682   ,0.108923     ,0.108671    ,0           ,0.0371929    ,0            ,0.0380149    ,-0.0017449   ,0.0356924    ,       1 ,       1 ,       1 ,       1 ,       1 ,       1
21.7468  ,0.95 , 3.595 ,     0 ,0.258072 ,-0        ,         0 ,-0       ,3.975   ,-0.275    ,0           ,3.76833 ,-0.323736 ,0.0199691   ,3.275    ,-0.275    ,0           ,4.06327 ,0.268574  ,0.0220207   ,3.675   ,0.325     ,0.105686    ,3.36889  ,0.274227 ,0.0190427   ,0.13268     ,1.60794     ,1.27404     ,0.542833   ,1.36993     ,1.23801    ,0.174228  ,1.6524      ,1.24944     ,0.515242   ,1.35318      ,1.22386     ,0.139495    ,0.520582    ,0.43286     ,0.623914    ,1.46798     ,1.12281     ,nan          ,nan          ,nan         ,0.00521028   ,0.123612     ,0.124421     ,nan          ,nan          ,nan         ,0.0109962    ,0.109544     ,0.134565     ,nan          ,nan          ,nan          ,0.00391234   ,0.122716     ,0.124133    ,0           ,0.0199691    ,0            ,0.0178659    ,-0.0017449   ,0.0190427    ,       1 ,       1 ,       1 ,       1 ,       1 ,       1
21.7949  ,0    , 3.6   ,     0 ,0.258072 ,-0        ,         0 ,-0       ,3.975   ,-0.274998 ,1.59135e-06 ,3.775   ,-0.325    ,0           ,3.275    ,-0.274999 ,1.67582e-06 ,4.075   ,0.275     ,0.00411765  ,3.675   ,0.324997  ,0.105687    ,3.375    ,0.275    ,0           ,0.108217    ,1.61304     ,1.27054     ,0.545964   ,1.52524     ,1.39173    ,0.148098  ,1.65051     ,1.25025     ,0.525761   ,1.48642      ,1.38696     ,0.113838    ,0.524017    ,0.425943    ,0.62613     ,1.61304     ,1.27054     ,-8.00901e-07 ,-0.136527    ,-0.139957   ,nan          ,nan          ,nan          ,0.00749775   ,-0.133335    ,-0.140683   ,nan          ,nan          ,nan          ,0.0376431    ,-0.310136    ,-0.146637    ,nan          ,nan          ,nan         ,1.59135e-06 ,0            ,1.31215e-06  ,-0.000859862 ,-0.00174371  ,0            ,       1 ,       1 ,       1 ,       1 ,       1 ,       1
21.8269  ,0.05 , 3.605 ,     0 ,0.258083 ,-0        ,         0 ,-0       ,3.98018 ,-0.274237 ,0.0286884   ,3.775   ,-0.325    ,0           ,3.28198  ,-0.2738   ,0.01997     ,4.075   ,0.275     ,0.00411765  ,3.69095 ,0.313583  ,0.123469    ,3.375    ,0.275    ,0           ,0.109512    ,1.38765     ,1.0515      ,0.528589   ,1.52917     ,1.38037    ,0.159467  ,1.50211     ,1.09436     ,0.508704   ,1.48934      ,1.37506     ,0.179916    ,0.0627861   ,0.183843    ,0.605832    ,1.61806     ,1.26743     ,0.00161209   ,-0.138948    ,-0.128052   ,nan          ,nan          ,nan          ,0.0118871    ,-0.120764    ,-0.12625    ,nan          ,nan          ,nan          ,0.0372787    ,-0.216029    ,-0.128208    ,nan          ,nan          ,nan         ,0.0286884   ,0            ,0.0176281    ,-0.000859862 ,0.0154761    ,0            ,       0 ,       1 ,       0 ,       1 ,       0 ,       1
21.8671  ,0.1  , 3.61  ,     0 ,0.258095 ,-0        ,         0 ,-0       ,3.98569 ,-0.271514 ,0.0548737   ,3.775   ,-0.325    ,0           ,3.28951  ,-0.270708 ,0.0376846   ,4.075   ,0.275     ,0.00411765  ,3.70288 ,0.291017  ,0.123732    ,3.375    ,0.275    ,0           ,0.113577    ,1.15992     ,0.852013    ,0.510785   ,1.53345     ,1.36957    ,0.175671  ,1.36845     ,0.95531     ,0.491253   ,1.4926       ,1.36371     ,0.244825    ,-0.245925   ,-0.0256783  ,0.585062    ,1.62288     ,1.26462     ,0.00339081   ,-0.139383    ,-0.116044   ,nan          ,nan          ,nan          ,0.0157748    ,-0.108092    ,-0.111863   ,nan          ,nan          ,nan          ,0.0363154    ,-0.136973    ,-0.109648    ,nan          ,nan          ,nan         ,0.0548737   ,0            ,0.0302963    ,-0.000859862 ,0.0132908    ,0            ,       0 ,       1 ,       0 ,       1 ,       0 ,       1
21.9067  ,0.15 , 3.615 ,     0 ,0.258106 ,-0        ,         0 ,-0       ,3.99154 ,-0.266746 ,0.0772946   ,3.775   ,-0.325    ,0           ,3.29749  ,-0.266446 ,0.0529304   ,4.075   ,0.275     ,0.00411765  ,3.71079 ,0.264862  ,0.116202    ,3.375    ,0.275    ,0           ,0.120686    ,0.933106    ,0.672234    ,0.492546   ,1.53807     ,1.35931    ,0.196122  ,1.24964     ,0.833033    ,0.473401   ,1.49618      ,1.3529      ,0.30751     ,-0.428629   ,-0.202389   ,0.563828    ,1.62748     ,1.26208     ,0.00533537   ,-0.137834    ,-0.103932   ,nan          ,nan          ,nan          ,0.019161     ,-0.0953182   ,-0.0975218  ,nan          ,nan          ,nan          ,0.0347532    ,-0.0729678   ,-0.0909571   ,nan          ,nan          ,nan         ,0.0771048   ,0            ,0.0413642    ,-0.000859862 ,0.0177271    ,0            ,       0 ,       1 ,       0 ,       1 ,       0 ,       1
21.9469  ,0.2  , 3.62  ,     0 ,0.258118 ,-0        ,         0 ,-0       ,3.99777 ,-0.260492 ,0.0951492   ,3.775   ,-0.325    ,0           ,3.30584  ,-0.261658 ,0.0656676   ,4.075   ,0.275     ,0.00411765  ,3.71464 ,0.237116  ,0.108582    ,3.375    ,0.275    ,0           ,0.131108    ,0.710445    ,0.512334    ,0.473864   ,1.543       ,1.34958    ,0.220236  ,1.14582     ,0.72748     ,0.455145   ,1.50007      ,1.34261     ,0.366915    ,-0.51184    ,-0.346058   ,0.542135    ,1.63184     ,1.25982     ,0.00744576   ,-0.1343      ,-0.0917163  ,nan          ,nan          ,nan          ,0.0220457    ,-0.0824437   ,-0.0832266  ,nan          ,nan          ,nan          ,0.0325922    ,-0.024014    ,-0.0721351   ,nan          ,nan          ,nan         ,0.0903006   ,0            ,0.0624797    ,-0.000859862 ,0.0188622    ,0            ,       0 ,       1 ,       0 ,       1 ,       0 ,       1
21.987   ,0.25 , 3.625 ,     0 ,0.258129 ,-0        ,         0 ,-0       ,4.00445 ,-0.253695 ,0.1082      ,3.775   ,-0.325    ,0           ,3.3145   ,-0.256887 ,0.0759777   ,4.075   ,0.275     ,0.00411765  ,3.71492 ,0.209655  ,0.105255    ,3.375    ,0.275    ,0           ,0.145085    ,0.495253    ,0.372465    ,0.454735   ,1.54822     ,1.34037    ,0.247426  ,1.05709     ,0.638597    ,0.43648    ,1.50424      ,1.33283     ,0.421985    ,-0.522072   ,-0.456456   ,0.519996    ,1.63591     ,1.2578      ,0.00966438   ,-0.128649    ,-0.0794344  ,nan          ,nan          ,nan          ,0.0244288    ,-0.0694682   ,-0.0689772  ,nan          ,nan          ,nan          ,0.0298323    ,0.00988863   ,-0.0531821   ,nan          ,nan          ,nan         ,0.0934565   ,0            ,0.0710242    ,-0.000859862 ,0.0182254    ,0            ,       0 ,       1 ,       0 ,       1 ,       0 ,       1
22.027   ,0.3  , 3.63  ,     0 ,0.258141 ,-0        ,         0 ,-0       ,4.0117  ,-0.247362 ,0.116785    ,3.775   ,-0.325    ,0           ,3.32346  ,-0.252568 ,0.0840149   ,4.075   ,0.275     ,0.00411765  ,3.71322 ,0.185412  ,0.107303    ,3.375    ,0.275    ,0           ,0.162724    ,0.291147    ,0.252691    ,0.435154   ,1.55371     ,1.33168    ,0.277107  ,0.983582    ,0.56633     ,0.417404   ,1.50867      ,1.32356     ,0.471667    ,-0.485839   ,-0.533351   ,0.497423    ,1.63969     ,1.25603     ,0.0119279    ,-0.120735    ,-0.067127   ,nan          ,nan          ,nan          ,0.0263103    ,-0.0563915   ,-0.0547738  ,nan          ,nan          ,nan          ,0.0264735    ,0.0287402    ,-0.034098    ,nan          ,nan          ,nan         ,0.0912081   ,0            ,0.0797809    ,-0.000859862 ,0.0173868    ,0            ,       0 ,       1 ,       0 ,       1 ,       0 ,       1
22.0668  ,0.35 , 3.635 ,     0 ,0.258152 ,-0        ,         0 ,-0       ,4.01965 ,-0.24233  ,0.121727    ,3.775   ,-0.325    ,0           ,3.33274  ,-0.249024 ,0.0899652   ,4.075   ,0.275     ,0.00411765  ,3.71199 ,0.167429  ,0.112853    ,3.375    ,0.275    ,0           ,0.184099    ,0.101824    ,0.153053    ,0.415116   ,1.55943     ,1.32349    ,0.308692  ,0.925402    ,0.510627    ,0.397915   ,1.51334      ,1.31479     ,0.514932    ,-0.428808   ,-0.576532   ,0.47443     ,1.64315     ,1.25449     ,0.0142363    ,-0.110558    ,-0.054794   ,nan          ,nan          ,nan          ,0.0276904    ,-0.0432139   ,-0.0406161  ,nan          ,nan          ,nan          ,0.0225991    ,0.035091     ,-0.0149452   ,nan          ,nan          ,nan         ,0.0870768   ,0            ,0.0857823    ,-0.000859862 ,0.0178316    ,0            ,       0 ,       1 ,       0 ,       1 ,       0 ,       1
22.1067  ,0.4  , 3.64  ,     0 ,0.258163 ,-0        ,         0 ,-0       ,4.02848 ,-0.239085 ,0.124153    ,3.775   ,-0.325    ,0           ,3.34241  ,-0.246478 ,0.0940123   ,4.075   ,0.275     ,0.00411765  ,3.71301 ,0.156607  ,0.119482    ,3.375    ,0.275    ,0           ,0.209284    ,-0.0690154  ,0.0735927   ,0.394618   ,1.56537     ,1.31578    ,0.341597  ,0.882673    ,0.471432    ,0.37801    ,1.51823      ,1.3065      ,0.551229    ,-0.362049   ,-0.586148   ,0.451034    ,1.64625     ,1.25317     ,0.0165895    ,-0.0981181   ,-0.0424354  ,nan          ,nan          ,nan          ,0.0285688    ,-0.0299351   ,-0.0265044  ,nan          ,nan          ,nan          ,0.0185983    ,0.0408582    ,0.00398528   ,nan          ,nan          ,nan         ,0.0813506   ,0            ,0.0931747    ,-0.000859862 ,0.0203704    ,0            ,       0 ,       1 ,       0 ,       1 ,       0 ,       1
22.1471  ,0.45 , 3.645 ,     0 ,0.258175 ,-0        ,         0 ,-0       ,4.03836 ,-0.237681 ,0.125269    ,3.775   ,-0.325    ,0           ,3.35251  ,-0.245058 ,0.0963123   ,4.075   ,0.275     ,0.00411765  ,3.71704 ,0.152291  ,0.125829    ,3.375    ,0.275    ,0           ,0.238318    ,-0.217684   ,0.0143556   ,0.37366    ,1.5715      ,1.30856    ,0.375234  ,0.855512    ,0.448694    ,0.357691   ,1.5233       ,1.29869     ,0.580412    ,-0.284312   ,-0.562644   ,0.427256    ,1.649       ,1.25206     ,0.0188734    ,-0.0834488   ,-0.0300411  ,nan          ,nan          ,nan          ,0.0289457    ,-0.0165554   ,-0.0124386  ,nan          ,nan          ,nan          ,0.0145206    ,0.0475537    ,0.0226565    ,nan          ,nan          ,nan         ,0.064936    ,0            ,0.0925921    ,-0.000859862 ,0.0299306    ,0            ,       0 ,       1 ,       0 ,       1 ,       0 ,       1
22.187   ,0.5  , 3.65  ,     0 ,0.258186 ,-0        ,         0 ,-0       ,4.04932 ,-0.237872 ,0.126155    ,3.775   ,-0.325    ,0           ,3.36313  ,-0.244812 ,0.0969753   ,4.075   ,0.275     ,0.00411765  ,3.72446 ,0.153857  ,0.13093     ,3.375    ,0.275    ,0           ,0.270612    ,-0.340676   ,-0.0245577  ,0.35224    ,1.57779     ,1.3018     ,0.409019  ,0.844038    ,0.442358    ,0.336958   ,1.52853      ,1.29134     ,0.602343    ,-0.193964   ,-0.506477   ,0.403117    ,1.65137     ,1.25115     ,0.0205263    ,-0.0667137   ,-0.0175609  ,nan          ,nan          ,nan          ,0.0288211    ,-0.00307452  ,0.00158143  ,nan          ,nan          ,nan          ,0.0103658    ,0.0551775    ,0.0410686    ,nan          ,nan          ,nan         ,0.0563844   ,0            ,0.095029     ,-0.000859862 ,0.0368071    ,0            ,       0 ,       1 ,       0 ,       1 ,       0 ,       1
22.2266  ,0.55 , 3.655 ,     0 ,0.258198 ,-0        ,         0 ,-0       ,4.06123 ,-0.239252 ,0.127621    ,3.775   ,-0.325    ,0           ,3.3743   ,-0.245719 ,0.096053    ,4.075   ,0.275     ,0.00411765  ,3.73537 ,0.160834  ,0.134047    ,3.375    ,0.275    ,0           ,0.30503     ,-0.434647   ,-0.0429975  ,0.33036    ,1.58421     ,1.29548    ,0.442365  ,0.848366    ,0.452374    ,0.315815   ,1.5339       ,1.28444     ,0.616887    ,-0.0893679  ,-0.418105   ,0.378641    ,1.65334     ,1.25043     ,0.0214725    ,-0.0479351   ,-0.00498799 ,nan          ,nan          ,nan          ,0.028195     ,0.0104987    ,0.0155635   ,nan          ,nan          ,nan          ,0.00613408   ,0.0637296    ,0.0592214    ,nan          ,nan          ,nan         ,0.0405308   ,0            ,0.0959997    ,-0.000859862 ,0.0437388    ,0            ,       0 ,       1 ,       0 ,       1 ,       0 ,       1
22.2669  ,0.6  , 3.66  ,     0 ,0.258209 ,-0        ,         0 ,-0       ,4.07392 ,-0.241365 ,0.13012     ,3.775   ,-0.325    ,0           ,3.38602  ,-0.2477   ,0.0935322   ,4.075   ,0.275     ,0.00411765  ,3.7496  ,0.172894  ,0.134542    ,3.375    ,0.275    ,0           ,0.340417    ,-0.496255   ,-0.0408121  ,0.308023   ,1.59072     ,1.28961    ,0.474688  ,0.868596    ,0.478703    ,0.294263   ,1.53937      ,1.27798     ,0.623932    ,0.0310647   ,-0.298044   ,0.353854    ,1.6549      ,1.24989     ,0.0217121    ,-0.0271129   ,0.00767759  ,nan          ,nan          ,nan          ,0.0270676    ,0.0241563    ,0.0295149   ,nan          ,nan          ,nan          ,0.00190788   ,0.073045     ,0.0768963    ,nan          ,nan          ,nan         ,0.0369162   ,0            ,0.0954925    ,-0.000859862 ,0.0501907    ,0            ,       0 ,       1 ,       0 ,       1 ,       0 ,       1
22.3065  ,0.65 , 3.665 ,     0 ,0.258221 ,-0        ,         0 ,-0       ,4.08713 ,-0.243875 ,0.133723    ,3.775   ,-0.325    ,0           ,3.39827  ,-0.250625 ,0.0893357   ,4.075   ,0.275     ,0.00411765  ,3.76659 ,0.189549  ,0.131836    ,3.375    ,0.275    ,0           ,0.375618    ,-0.522161   ,-0.0178503  ,0.285233   ,1.5973      ,1.28416    ,0.505401  ,0.904828    ,0.521309    ,0.27231    ,1.54492      ,1.27194     ,0.623957    ,0.16774     ,-0.148381   ,0.328786    ,1.65605     ,1.24954     ,0.0212452    ,-0.00424705  ,0.0204358   ,nan          ,nan          ,nan          ,0.0254388    ,0.0378982    ,0.0434357   ,nan          ,nan          ,nan          ,-0.00177209  ,0.0820429    ,0.0926614    ,nan          ,nan          ,nan         ,0.0338736   ,0            ,0.0900508    ,-0.000859862 ,0.0719772    ,0            ,       0 ,       1 ,       0 ,       1 ,       0 ,       1
22.3466  ,0.7  , 3.67  ,     0 ,0.258232 ,-0        ,         0 ,-0       ,4.10067 ,-0.24669  ,0.13812     ,3.775   ,-0.325    ,0           ,3.4109   ,-0.254311 ,0.0833291   ,4.075   ,0.275     ,0.00411765  ,3.78541 ,0.209997  ,0.12545     ,3.375    ,0.275    ,0           ,0.409478    ,-0.509024   ,0.0260396   ,0.261997   ,1.60392     ,1.27912    ,0.533918  ,0.95716     ,0.580157    ,0.249963   ,1.55052      ,1.26631     ,0.618067    ,0.319814    ,0.0271431   ,0.303464    ,1.65678     ,1.24937     ,0.0200716    ,0.0206622    ,0.0332866   ,nan          ,nan          ,nan          ,0.0233086    ,0.0517246    ,0.0573258   ,nan          ,nan          ,nan          ,-0.00480767  ,0.0905271    ,0.106257     ,nan          ,nan          ,nan         ,0.0340308   ,0            ,0.0833291    ,-0.000859862 ,0.0844558    ,0            ,       0 ,       1 ,       0 ,       1 ,       0 ,       1
22.3869  ,0.75 , 3.675 ,     0 ,0.258243 ,-0        ,         0 ,-0       ,4.11437 ,-0.249984 ,0.142595    ,3.775   ,-0.325    ,0           ,3.42371  ,-0.258528 ,0.0753343   ,4.075   ,0.275     ,0.00411765  ,3.80496 ,0.23324   ,0.11501     ,3.375    ,0.275    ,0           ,0.440873    ,-0.453605   ,0.0909245   ,0.238323   ,1.61054     ,1.27446    ,0.559655  ,1.02569     ,0.655211    ,0.227229   ,1.55613      ,1.26109     ,0.607397    ,0.48638     ,0.224705    ,0.277923    ,1.65708     ,1.24937     ,0.0182445    ,0.0474394    ,0.0460805   ,nan          ,nan          ,nan          ,0.0206771    ,0.0656353    ,0.0711853   ,nan          ,nan          ,nan          ,-0.00719887  ,0.0984975    ,0.117682     ,nan          ,nan          ,nan         ,0.0376065   ,0            ,0.0753344    ,-0.000859862 ,0.107392     ,0            ,       0 ,       1 ,       0 ,       1 ,       0 ,       1
22.427   ,0.8  , 3.68  ,     0 ,0.258255 ,-0        ,         0 ,-0       ,4.12814 ,-0.254096 ,0.145962    ,3.775   ,-0.325    ,0           ,3.43637  ,-0.262987 ,0.0651524   ,4.075   ,0.275     ,0.00411765  ,3.82406 ,0.257998  ,0.100278    ,3.375    ,0.275    ,0           ,0.468786    ,-0.353019   ,0.176567    ,0.214221   ,1.61712     ,1.27019    ,0.582025  ,1.11052     ,0.746435    ,0.204121   ,1.56173      ,1.25624     ,0.59309     ,0.666542    ,0.440478    ,0.252194    ,1.65695     ,1.24955     ,0.0158102    ,0.0759315    ,0.0586868   ,nan          ,nan          ,nan          ,0.0175443    ,0.0796304    ,0.0850142   ,nan          ,nan          ,nan          ,-0.00890338  ,0.105993     ,0.12691      ,nan          ,nan          ,nan         ,0.0400696   ,0            ,0.0651524    ,-0.000859862 ,0.0999936    ,0            ,       0 ,       1 ,       0 ,       1 ,       0 ,       1
22.4671  ,0.85 , 3.685 ,     0 ,0.258266 ,-0        ,         0 ,-0       ,4.14188 ,-0.25934  ,0.146488    ,3.775   ,-0.325    ,0           ,3.44844  ,-0.26734  ,0.0525961   ,4.075   ,0.275     ,0.00411765  ,3.84152 ,0.28243   ,0.0811944   ,3.375    ,0.275    ,0           ,0.492223    ,-0.204463   ,0.28266     ,0.189705   ,1.62364     ,1.26627    ,0.600443  ,1.21174     ,0.853794    ,0.18065    ,1.56729      ,1.25177     ,0.576904    ,0.859969    ,0.670225    ,0.226311    ,1.65639     ,1.2499      ,0.0127686    ,0.106138     ,0.0711058   ,nan          ,nan          ,nan          ,0.01391      ,0.0937099    ,0.0988125   ,nan          ,nan          ,nan          ,-0.00919361  ,0.113687     ,0.133457     ,nan          ,nan          ,nan         ,0.0396931   ,0            ,0.0525961    ,-0.000859862 ,0.0885923    ,0            ,       0 ,       1 ,       0 ,       1 ,       0 ,       1
22.5066  ,0.9  , 3.69  ,     0 ,0.258278 ,-0        ,         0 ,-0       ,4.15519 ,-0.265626 ,0.141823    ,3.775   ,-0.325    ,0           ,3.45936  ,-0.271157 ,0.0375341   ,4.075   ,0.275     ,0.00411765  ,3.85633 ,0.303861  ,0.057844    ,3.375    ,0.275    ,0           ,0.510193    ,-0.00513582 ,0.408897    ,0.16479    ,1.63006     ,1.2627     ,0.614324  ,1.32946     ,0.977251    ,0.156831   ,1.57278      ,1.24765     ,0.561684    ,1.06734     ,0.90899     ,0.200311    ,1.65542     ,1.25043     ,0.00911972   ,0.13806      ,0.0833372   ,nan          ,nan          ,nan          ,0.00977445   ,0.107874     ,0.11258     ,nan          ,nan          ,nan          ,-0.00780635  ,0.121822     ,0.137148     ,nan          ,nan          ,nan         ,0.0361363   ,0            ,0.0375341    ,-0.000859862 ,0.057844     ,0            ,       1 ,       1 ,       1 ,       1 ,       1 ,       1
22.5467  ,0.95 , 3.695 ,     0 ,0.258289 ,-0        ,         0 ,-0       ,4.16698 ,-0.271836 ,0.129125    ,3.775   ,-0.325    ,0           ,3.46846  ,-0.27392  ,0.0199483   ,4.075   ,0.275     ,0.00411765  ,3.86771 ,0.319162  ,0.0305263   ,3.375    ,0.275    ,0           ,0.521703    ,0.247766    ,0.554973    ,0.139495   ,1.63635     ,1.25945    ,0.623081  ,1.46377     ,1.11677     ,0.13268    ,1.57816      ,1.24387     ,0.550386    ,1.28943     ,1.15174     ,0.174228    ,1.65402     ,1.25114     ,0.0048636    ,0.171697     ,0.0953813   ,nan          ,nan          ,nan          ,0.0051375    ,0.122122     ,0.126317    ,nan          ,nan          ,nan          ,-0.0047416   ,0.130398     ,0.137984     ,nan          ,nan          ,nan         ,0.0234388   ,0            ,0.0199483    ,-0.000859862 ,0.0305263    ,0            ,       1 ,       1 ,       1 ,       1 ,       1 ,       1
22.6069  ,0    , 3.7   ,     0 ,0.258301 ,-0        ,         0 ,-0       ,4.175   ,-0.275    ,0.105686    ,3.775   ,-0.324998 ,1.65497e-06 ,3.475    ,-0.275    ,0           ,4.075   ,0.274998  ,0.00411924  ,3.875   ,0.325     ,0           ,3.375    ,0.274999 ,1.67533e-06 ,0.525761    ,0.557046    ,0.72058     ,0.113838   ,1.64247     ,1.25651    ,0.62613   ,1.61477     ,1.27232     ,0.108217   ,1.5834       ,1.24042     ,0.545964    ,1.52701     ,1.39345     ,0.148098    ,1.65222     ,1.25204     ,nan          ,nan          ,nan         ,-8.42246e-07 ,-0.134883    ,-0.140725    ,nan          ,nan          ,nan         ,-0.0227224   ,-0.106566    ,-0.139413    ,nan          ,nan          ,nan          ,8.5625e-07   ,-0.134286    ,-0.140931   ,8.60177e-09 ,1.65497e-06  ,0            ,-0.00085854  ,0            ,1.67533e-06  ,       1 ,       1 ,       1 ,       1 ,       1 ,       1
22.6266  ,0.05 , 3.705 ,     0 ,0.258301 ,-0        ,         0 ,-0       ,4.175   ,-0.275    ,0.105686    ,3.78046 ,-0.32376  ,0.0201654   ,3.475    ,-0.275    ,0           ,4.07268 ,0.266442  ,0.0322138   ,3.875   ,0.325     ,0           ,3.38252  ,0.272126 ,0.0355494   ,0.508704    ,0.550786    ,0.702567    ,0.116973   ,1.49011     ,1.09987    ,0.605832  ,1.6197      ,1.26912     ,0.0750774  ,1.39243      ,1.00834     ,0.528589    ,1.53085     ,1.38202     ,0.163745    ,1.3822      ,0.975413    ,nan          ,nan          ,nan         ,0.00521848   ,-0.123115    ,-0.124602    ,nan          ,nan          ,nan         ,-0.0157367   ,-0.114244    ,-0.129353    ,nan          ,nan          ,nan          ,0.0142925    ,-0.130807    ,-0.130875   ,8.60177e-09 ,0.0201654    ,0            ,0.0253281    ,0            ,0.0355494    ,       1 ,       0 ,       1 ,       0 ,       1 ,       0
22.6671  ,0.1  , 3.71  ,     0 ,0.258301 ,-0        ,         0 ,-0       ,4.175   ,-0.275    ,0.105686    ,3.78679 ,-0.320542 ,0.0378818   ,3.475    ,-0.275    ,0           ,4.07314 ,0.258018  ,0.0584856   ,3.875   ,0.325     ,0           ,3.39296  ,0.263552 ,0.0672389   ,0.491253    ,0.544959    ,0.685046    ,0.125947   ,1.35176     ,0.962123   ,0.585062  ,1.62444     ,1.26622     ,0.0536574  ,1.19046      ,0.794169    ,0.510785    ,1.53505     ,1.37113     ,0.201875    ,1.12069     ,0.71934     ,nan          ,nan          ,nan         ,0.00988782   ,-0.111153    ,-0.108715    ,nan          ,nan          ,nan         ,-0.00914461  ,-0.119306    ,-0.118662    ,nan          ,nan          ,nan          ,0.0220927    ,-0.125923    ,-0.120734   ,8.60177e-09 ,0.0378818    ,0            ,0.0386301    ,0            ,0.0672389    ,       1 ,       0 ,       1 ,       0 ,       1 ,       0
22.7066  ,0.15 , 3.715 ,     0 ,0.258301 ,-0        ,         0 ,-0       ,4.175   ,-0.275    ,0.105686    ,3.79386 ,-0.316067 ,0.052936    ,3.475    ,-0.275    ,0           ,4.07587 ,0.248923  ,0.0812506   ,3.875   ,0.325     ,0           ,3.4031   ,0.250128 ,0.0931363   ,0.473401    ,0.539574    ,0.668027    ,0.14011    ,1.22765     ,0.843001   ,0.563828  ,1.62895     ,1.2636      ,0.0432776  ,0.982008     ,0.599001    ,0.492546    ,1.53957     ,1.36078     ,0.249274    ,0.870555    ,0.483996    ,nan          ,nan          ,nan         ,0.0140072    ,-0.0989967   ,-0.0930641   ,nan          ,nan          ,nan         ,-0.0029462   ,-0.121752    ,-0.10734     ,nan          ,nan          ,nan          ,0.0234013    ,-0.119635    ,-0.110507   ,8.60177e-09 ,0.0529359    ,0            ,0.0342203    ,0            ,0.0888771    ,       1 ,       0 ,       1 ,       0 ,       1 ,       0
22.7468  ,0.2  , 3.72  ,     0 ,0.258301 ,-0        ,         0 ,-0       ,4.175   ,-0.275    ,0.105686    ,3.80157 ,-0.310995 ,0.0653056   ,3.475    ,-0.275    ,0           ,4.08044 ,0.239126  ,0.0993101   ,3.875   ,0.325     ,0           ,3.4104   ,0.233537 ,0.112223    ,0.455145    ,0.534636    ,0.651518    ,0.158814   ,1.11802     ,0.742222   ,0.542135  ,1.63321     ,1.26124     ,0.0432585  ,0.771593     ,0.423921    ,0.473864    ,1.54441     ,1.35097     ,0.292731    ,0.634643    ,0.269555    ,nan          ,nan          ,nan         ,0.0175766    ,-0.0866463   ,-0.077649    ,nan          ,nan          ,nan         ,0.00285711   ,-0.121585    ,-0.0953924   ,nan          ,nan          ,nan          ,0.0182184    ,-0.111943    ,-0.100194   ,8.60177e-09 ,0.0653056    ,0            ,0.0485626    ,0            ,0.0904897    ,       1 ,       0 ,       1 ,       0 ,       1 ,       0
22.7869  ,0.25 , 3.725 ,     0 ,0.258301 ,-0        ,         0 ,-0       ,4.175   ,-0.275    ,0.105686    ,3.80982 ,-0.305889 ,0.0751064   ,3.475    ,-0.275    ,0           ,4.08647 ,0.229223  ,0.112077    ,3.875   ,0.325     ,0           ,3.41348  ,0.215678 ,0.124419    ,0.43648     ,0.53015     ,0.63553     ,0.181408   ,1.02308     ,0.659508   ,0.519996  ,1.6372      ,1.25914     ,0.0528596  ,0.563625     ,0.269848    ,0.454735    ,1.54955     ,1.34168     ,0.319098    ,0.415817    ,0.0761978   ,nan          ,nan          ,nan         ,0.020596     ,-0.0741016   ,-0.0624699   ,nan          ,nan          ,nan         ,0.00817665   ,-0.118956    ,-0.0830666   ,nan          ,nan          ,nan          ,0.00689942   ,-0.102848    ,-0.0897595  ,8.60177e-09 ,0.0751064    ,0            ,0.0593975    ,0            ,0.0927024    ,       1 ,       0 ,       1 ,       0 ,       1 ,       0
22.8269  ,0.3  , 3.73  ,     0 ,0.258301 ,-0        ,         0 ,-0       ,4.175   ,-0.275    ,0.105686    ,3.81857 ,-0.301209 ,0.0825404   ,3.475    ,-0.275    ,0           ,4.09363 ,0.220129  ,0.119656    ,3.875   ,0.325     ,0           ,3.41298  ,0.19816  ,0.13041     ,0.417404    ,0.526122    ,0.620071    ,0.207243   ,0.943072    ,0.594581   ,0.497423  ,1.64089     ,1.25728     ,0.0711811  ,0.362242     ,0.137253    ,0.435154    ,1.55494     ,1.3329      ,0.321634    ,0.216903    ,-0.0952361  ,nan          ,nan          ,nan         ,0.0230655    ,-0.0613627   ,-0.0475267   ,nan          ,nan          ,nan         ,0.0129599    ,-0.113955    ,-0.07051     ,nan          ,nan          ,nan          ,-0.00390215  ,-0.0923824   ,-0.0785181  ,8.60177e-09 ,0.0825404    ,0            ,0.0663346    ,0            ,0.088027     ,       1 ,       0 ,       1 ,       0 ,       1 ,       0
22.8668  ,0.35 , 3.735 ,     0 ,0.258301 ,-0        ,         0 ,-0       ,4.175   ,-0.275    ,0.105686    ,3.8278  ,-0.297308 ,0.0878507   ,3.475    ,-0.275    ,0           ,4.10172 ,0.212803  ,0.122772    ,3.875   ,0.325     ,0           ,3.41114  ,0.182308 ,0.131391    ,0.397915    ,0.522554    ,0.60515     ,0.23567    ,0.878223    ,0.547162   ,0.47443   ,1.64426     ,1.25566     ,0.0972974  ,0.17154      ,0.0265336   ,0.415116    ,1.56058     ,1.32463     ,0.305271    ,0.0406745   ,-0.242705   ,nan          ,nan          ,nan         ,0.024985     ,-0.0484295   ,-0.0328195   ,nan          ,nan          ,nan         ,0.017207     ,-0.106582    ,-0.0577227   ,nan          ,nan          ,nan          ,-0.0116709   ,-0.080558    ,-0.066211   ,8.60177e-09 ,0.0878507    ,0            ,0.0587221    ,0            ,0.0899722    ,       1 ,       0 ,       1 ,       0 ,       1 ,       0
22.907   ,0.4  , 3.74  ,     0 ,0.258301 ,-0        ,         0 ,-0       ,4.175   ,-0.275    ,0.105686    ,3.83754 ,-0.294432 ,0.0912833   ,3.475    ,-0.275    ,0           ,4.11073 ,0.207976  ,0.122627    ,3.875   ,0.325     ,0           ,3.40964  ,0.169077 ,0.128898    ,0.37801     ,0.519448    ,0.590776    ,0.266039   ,0.828762    ,0.516972   ,0.451034  ,1.64728     ,1.25424     ,0.130283   ,-0.00438589  ,-0.0619116  ,0.394618    ,1.56643     ,1.31684     ,0.276183    ,-0.110105   ,-0.36404    ,nan          ,nan          ,nan         ,0.0263545    ,-0.0353021   ,-0.0183482   ,nan          ,nan          ,nan         ,0.0209178    ,-0.0968371   ,-0.0447047   ,nan          ,nan          ,nan          ,-0.0164067   ,-0.067375    ,-0.0528383  ,8.60177e-09 ,0.0912833    ,0            ,0.0580735    ,0            ,0.0900692    ,       1 ,       0 ,       1 ,       0 ,       1 ,       0
22.947   ,0.45 , 3.745 ,     0 ,0.258301 ,-0        ,         0 ,-0       ,4.175   ,-0.275    ,0.105686    ,3.84783 ,-0.292737 ,0.0930559   ,3.475    ,-0.275    ,0           ,4.1208  ,0.205957  ,0.120687    ,3.875   ,0.325     ,0           ,3.40933  ,0.159165 ,0.124559    ,0.357691    ,0.516803    ,0.576958    ,0.2977     ,0.794919    ,0.503733   ,0.427256  ,1.64994     ,1.25304     ,0.16921    ,-0.161441    ,-0.127684   ,0.37366     ,1.57247     ,1.30953     ,0.240541    ,-0.232669   ,-0.457073   ,nan          ,nan          ,nan         ,0.027174     ,-0.0219805   ,-0.00411289  ,nan          ,nan          ,nan         ,0.0240837    ,-0.0847155   ,-0.0314592   ,nan          ,nan          ,nan          ,-0.0181097   ,-0.0528334   ,-0.0384001  ,8.60177e-09 ,0.0930559    ,0            ,0.0548616    ,0            ,0.0958663    ,       1 ,       0 ,       1 ,       0 ,       1 ,       0
22.9868  ,0.5  , 3.75  ,     0 ,0.258301 ,-0        ,         0 ,-0       ,4.175   ,-0.275    ,0.105686    ,3.85872 ,-0.292291 ,0.0933349   ,3.475    ,-0.275    ,0           ,4.13211 ,0.206562  ,0.118422    ,3.875   ,0.325     ,0           ,3.41052  ,0.153077 ,0.11981     ,0.336958    ,0.514617    ,0.563703    ,0.330005   ,0.776923    ,0.507165   ,0.403117  ,1.65222     ,1.25204     ,0.212956   ,-0.295428    ,-0.170461   ,0.35224     ,1.57867     ,1.30268     ,0.204556    ,-0.325373   ,-0.520133   ,nan          ,nan          ,nan         ,0.0274436    ,-0.00846468  ,0.00988647   ,nan          ,nan          ,nan         ,0.0264424    ,-0.0700831   ,-0.0180842   ,nan          ,nan          ,nan          ,-0.0167234   ,-0.0387231   ,-0.0236945  ,8.60177e-09 ,0.0933349    ,0            ,0.049669     ,0            ,0.0932123    ,       1 ,       0 ,       1 ,       0 ,       1 ,       0
23.0267  ,0.55 , 3.755 ,     0 ,0.258301 ,-0        ,         0 ,-0       ,4.175   ,-0.275    ,0.105686    ,3.87024 ,-0.293092 ,0.0922181   ,3.475    ,-0.275    ,0           ,4.14473 ,0.209194  ,0.117072    ,3.875   ,0.325     ,0           ,3.41324  ,0.15125  ,0.115404    ,0.315815    ,0.512883    ,0.551019    ,0.362303   ,0.77501     ,0.526987   ,0.378641  ,1.65411     ,1.25123     ,0.259971   ,-0.401933    ,-0.190075   ,0.33036     ,1.585       ,1.29628     ,0.174613    ,-0.392238   ,-0.554079   ,nan          ,nan          ,nan         ,0.0271643    ,0.00526512   ,0.0236408    ,nan          ,nan          ,nan         ,0.0278709    ,-0.0528768   ,-0.0046257   ,nan          ,nan          ,nan          ,-0.0121715   ,-0.0274567   ,-0.00979779 ,8.60177e-09 ,0.0922181    ,0            ,0.0432543    ,0            ,0.0895355    ,       1 ,       0 ,       1 ,       0 ,       1 ,       0
23.067   ,0.6  , 3.76  ,     0 ,0.258301 ,-0        ,         0 ,-0       ,4.175   ,-0.275    ,0.105686    ,3.8824  ,-0.295071 ,0.0897238   ,3.475    ,-0.275    ,0           ,4.15858 ,0.213071  ,0.117459    ,3.875   ,0.325     ,0           ,3.41758  ,0.154161 ,0.111624    ,0.294263    ,0.511594    ,0.53891     ,0.393948   ,0.789451    ,0.562902   ,0.353854  ,1.65559     ,1.25061     ,0.30865    ,-0.476513    ,-0.186384   ,0.308023    ,1.59142     ,1.29032     ,0.157157    ,-0.43908    ,-0.56057    ,nan          ,nan          ,nan         ,0.0263372    ,0.0192301    ,0.0371404    ,nan          ,nan          ,nan         ,0.0283691    ,-0.0330968   ,0.00891624   ,nan          ,nan          ,nan          ,-0.00445374  ,-0.0190474   ,0.00328434  ,8.60177e-09 ,0.0897238    ,0            ,0.0400311    ,0            ,0.0848766    ,       1 ,       0 ,       1 ,       0 ,       1 ,       0
23.1068  ,0.65 , 3.765 ,     0 ,0.258301 ,-0        ,         0 ,-0       ,4.175   ,-0.275    ,0.105686    ,3.89513 ,-0.298098 ,0.0857852   ,3.475    ,-0.275    ,0           ,4.17345 ,0.217485  ,0.119905    ,3.875   ,0.325     ,0           ,3.42399  ,0.162305 ,0.108609    ,0.27231     ,0.510738    ,0.527383    ,0.424293   ,0.820522    ,0.614609   ,0.328786  ,1.65665     ,1.25017     ,0.357385   ,-0.514724    ,-0.159242   ,0.285233    ,1.59791     ,1.28478     ,0.158631    ,-0.471713   ,-0.541262   ,nan          ,nan          ,nan         ,0.0249623    ,0.0334301    ,0.0503851    ,nan          ,nan          ,nan         ,0.027937     ,-0.0107429   ,0.0225416    ,nan          ,nan          ,nan          ,0.00642996   ,-0.013495    ,0.0155519   ,8.60177e-09 ,0.0857852    ,0            ,0.03639      ,0            ,0.078956     ,       1 ,       0 ,       1 ,       0 ,       1 ,       0
23.1468  ,0.7  , 3.77  ,     0 ,0.258301 ,-0        ,         0 ,-0       ,4.175   ,-0.275    ,0.105686    ,3.90829 ,-0.301997 ,0.0802526   ,3.475    ,-0.275    ,0           ,4.18901 ,0.222021  ,0.124208    ,3.875   ,0.325     ,0           ,3.43359  ,0.176056 ,0.106582    ,0.249963    ,0.510301    ,0.516441    ,0.452691   ,0.868502    ,0.681806   ,0.303464  ,1.65729     ,1.24991     ,0.404572   ,-0.512123    ,-0.108507   ,0.261997    ,1.60444     ,1.27965     ,0.185479    ,-0.495953   ,-0.497815   ,nan          ,nan          ,nan         ,0.0230397    ,0.0478654    ,0.0633752    ,nan          ,nan          ,nan         ,0.0265747    ,0.0141849    ,0.0362505    ,nan          ,nan          ,nan          ,0.0204796    ,-0.0107996   ,0.0270048   ,8.60177e-09 ,0.0802527    ,0            ,0.0331851    ,0            ,0.0710015    ,       1 ,       0 ,       1 ,       0 ,       1 ,       0
23.1868  ,0.75 , 3.775 ,     0 ,0.258301 ,-0        ,         0 ,-0       ,4.175   ,-0.275    ,0.105686    ,3.92165 ,-0.306533 ,0.0729043   ,3.475    ,-0.275    ,0           ,4.20497 ,0.226732  ,0.129641    ,3.875   ,0.325     ,0           ,3.44858  ,0.195316 ,0.106077    ,0.227229    ,0.510263    ,0.506085    ,0.478495   ,0.933668    ,0.764194   ,0.277923  ,1.6575      ,1.24982     ,0.44846    ,-0.464457    ,-0.0339566  ,0.238323    ,1.61097     ,1.27491     ,0.244049    ,-0.517408   ,-0.43184    ,nan          ,nan          ,nan         ,0.0205692    ,0.0625358    ,0.0761104    ,nan          ,nan          ,nan         ,0.024008     ,0.0413231    ,0.0501897    ,nan          ,nan          ,nan          ,0.0371951    ,-0.00989796  ,0.0378761   ,8.60177e-09 ,0.0729043    ,0            ,0.0365859    ,0            ,0.0595707    ,       1 ,       0 ,       1 ,       0 ,       1 ,       0
23.2265  ,0.8  , 3.78  ,     0 ,0.258301 ,-0        ,         0 ,-0       ,4.175   ,-0.275    ,0.105686    ,3.93488 ,-0.311409 ,0.0634672   ,3.475    ,-0.275    ,0           ,4.2211  ,0.23232   ,0.134979    ,3.875   ,0.325     ,0           ,4.2211   ,0.23232  ,0.134979    ,0.204121    ,0.510604    ,0.496317    ,0.501058   ,1.0163      ,0.861471   ,0.252194  ,1.65729     ,1.24991     ,0.486545   ,-0.368475    ,0.0650342   ,0.214221    ,1.61747     ,1.27054     ,0.332237    ,-0.52372    ,-0.341015   ,nan          ,nan          ,nan         ,0.0175511    ,0.0774413    ,0.0885908    ,nan          ,nan          ,nan         ,0.0198485    ,0.0701572    ,0.0645669    ,nan          ,nan          ,nan          ,0.047945     ,0.00756412   ,0.0521869   ,8.60177e-09 ,0.0634672    ,0            ,0.0373212    ,0            ,0.0373212    ,       1 ,       0 ,       1 ,       0 ,       1 ,       0
23.267   ,0.85 , 3.785 ,     0 ,0.258301 ,-0        ,         0 ,-0       ,4.175   ,-0.275    ,0.105686    ,3.94749 ,-0.316245 ,0.0516521   ,3.475    ,-0.275    ,0           ,4.23716 ,0.239762  ,0.138348    ,3.875   ,0.325     ,0           ,3.49917  ,0.238139 ,0.115587    ,0.18065     ,0.511297    ,0.487136    ,0.519733   ,1.11667     ,0.973337   ,0.226311  ,1.65665     ,1.25017     ,0.516072   ,-0.221254    ,0.189224    ,0.189705    ,1.6239      ,1.26654     ,0.43305     ,-0.470867   ,-0.216079   ,nan          ,nan          ,nan         ,0.0139851    ,0.092582     ,0.100816     ,nan          ,nan          ,nan         ,0.0140934    ,0.100683     ,0.0793837    ,nan          ,nan          ,nan          ,0.0496004    ,0.0482397    ,0.0713948   ,8.60177e-09 ,0.0516521    ,0            ,0.0359006    ,0            ,0.00953404   ,       1 ,       0 ,       1 ,       0 ,       1 ,       0
23.3065  ,0.9  , 3.79  ,     0 ,0.258301 ,-0        ,         0 ,-0       ,4.175   ,-0.275    ,0.105686    ,3.95889 ,-0.32056  ,0.037204    ,3.475    ,-0.275    ,0           ,4.25264 ,0.249814  ,0.137029    ,3.875   ,0.325     ,0           ,3.52983  ,0.254489 ,0.124055    ,0.156831    ,0.512311    ,0.478538    ,0.533874   ,1.23506     ,1.09949    ,0.200311  ,1.65559     ,1.25061     ,0.534287   ,-0.0198747   ,0.339373    ,0.16479     ,1.63024     ,1.26288     ,0.527976    ,-0.3116     ,-0.047064   ,nan          ,nan          ,nan         ,0.00987139   ,0.107958     ,0.112787     ,nan          ,nan          ,nan         ,0.00674273   ,0.132902     ,0.0946402    ,nan          ,nan          ,nan          ,0.0421613    ,0.112129     ,0.0954998   ,8.60177e-09 ,0.037204     ,0            ,0.0358888    ,0            ,0.009506     ,       1 ,       1 ,       1 ,       1 ,       1 ,       1
23.3466  ,0.95 , 3.795 ,     0 ,0.258301 ,-0        ,         0 ,-0       ,4.175   ,-0.275    ,0.105686    ,3.96833 ,-0.323736 ,0.0199725   ,3.475    ,-0.275    ,0           ,4.26621 ,0.262301  ,0.127447    ,3.875   ,0.325     ,0           ,3.55812  ,0.267513 ,0.125775    ,0.13268     ,0.513613    ,0.470519    ,0.542833   ,1.37175     ,1.23963    ,0.174228  ,1.65411     ,1.25123     ,0.538435   ,0.238585     ,0.516238    ,0.139495    ,1.63644     ,1.25954     ,0.598507    ,0.00132834  ,0.175997    ,nan          ,nan          ,nan         ,0.00520991   ,0.123569     ,0.124504     ,nan          ,nan          ,nan         ,-0.0022035   ,0.166812     ,0.110336     ,nan          ,nan          ,nan          ,0.0256277    ,0.199231     ,0.124502    ,8.60177e-09 ,0.0199725    ,0            ,0.0225949    ,0            ,0.0200884    ,       1 ,       1 ,       1 ,       1 ,       1 ,       1
23.3982  ,0    , 3.8   ,     0 ,0.258301 ,-0        ,         0 ,-0       ,4.175   ,-0.274997 ,0.105687    ,3.975   ,-0.325    ,0           ,3.475    ,-0.274999 ,1.67533e-06 ,4.275   ,0.275     ,0.105686    ,3.875   ,0.324998  ,1.65497e-06 ,3.575    ,0.275    ,0.105686    ,0.108217    ,0.515166    ,0.463073    ,0.545964   ,1.52701     ,1.39345    ,0.148098  ,1.65222     ,1.25204     ,0.525761   ,0.557046     ,0.72058     ,0.113838    ,1.64247     ,1.25651     ,0.62613     ,0.515166    ,0.463073    ,-2.69757e-07 ,-0.309547    ,-0.158401   ,nan          ,nan          ,nan          ,8.5625e-07   ,-0.134286    ,-0.140931   ,nan          ,nan          ,nan          ,-8.42246e-07 ,-0.134883    ,-0.140725    ,nan          ,nan          ,nan         ,7.51411e-07 ,0            ,1.67533e-06  ,-0.00119122  ,1.65497e-06  ,8.60177e-09  ,       1 ,       1 ,       1 ,       1 ,       1 ,       1
23.4269  ,0.05 , 3.805 ,     0 ,0.260028 ,-0        ,         0 ,-0       ,4.18059 ,-0.274773 ,0.114659    ,3.975   ,-0.325    ,0           ,3.48038  ,-0.27348  ,0.0224192   ,4.275   ,0.275     ,0.105686    ,3.88035 ,0.323609  ,0.0232301   ,3.575    ,0.275    ,0.105686    ,0.111244    ,0.381391    ,0.396842    ,0.528589   ,1.54421     ,1.39512    ,0.151329  ,1.49853     ,1.09034     ,0.508704   ,0.570999     ,0.713085    ,0.116473    ,1.48003     ,1.08943     ,0.605832    ,0.546557    ,0.471477    ,0.0118997    ,-0.226615    ,-0.107145   ,nan          ,nan          ,nan          ,0.00521803   ,-0.118016    ,-0.124495   ,nan          ,nan          ,nan          ,0.00419028   ,-0.127306    ,-0.129029    ,nan          ,nan          ,nan         ,0.0089726   ,0            ,0.0224192    ,-0.00119122  ,0.0232301    ,8.60177e-09  ,       0 ,       1 ,       0 ,       1 ,       0 ,       1
23.4667  ,0.1  , 3.81  ,     0 ,0.261755 ,-0        ,         0 ,-0       ,4.18735 ,-0.274716 ,0.120897    ,3.975   ,-0.325    ,0           ,3.48653  ,-0.269692 ,0.0421097   ,4.275   ,0.275     ,0.105686    ,3.88634 ,0.319807  ,0.0444922   ,3.575    ,0.275    ,0.105686    ,0.119908    ,0.28749     ,0.355304    ,0.510785   ,1.56172     ,1.39747    ,0.160609  ,1.36448     ,0.948561    ,0.491253   ,0.586063     ,0.706538    ,0.124057    ,1.32733     ,0.936957    ,0.585062    ,0.577889    ,0.480574    ,0.022547     ,-0.150052    ,-0.0596306  ,nan          ,nan          ,nan          ,0.00992827   ,-0.102064    ,-0.108242   ,nan          ,nan          ,nan          ,0.00798967   ,-0.119154    ,-0.11712     ,nan          ,nan          ,nan         ,0.0152107   ,0            ,0.0421097    ,-0.00119122  ,0.0444922    ,8.60177e-09  ,       0 ,       1 ,       0 ,       1 ,       0 ,       1
23.5067  ,0.15 , 3.815 ,     0 ,0.263482 ,-0        ,         0 ,-0       ,4.19523 ,-0.275333 ,0.125304    ,3.975   ,-0.325    ,0           ,3.49338  ,-0.26467  ,0.0589261   ,4.275   ,0.275     ,0.105686    ,3.89286 ,0.314202  ,0.0633799   ,3.575    ,0.275    ,0.105686    ,0.133583    ,0.230278    ,0.336588    ,0.492546   ,1.57952     ,1.40047    ,0.175319  ,1.24966     ,0.826473    ,0.473401   ,0.602214     ,0.700945    ,0.136104    ,1.18508     ,0.799371    ,0.563828    ,0.609007    ,0.490297    ,0.0319418    ,-0.0798573   ,-0.0158587  ,nan          ,nan          ,nan          ,0.0141316    ,-0.0864303   ,-0.0921725  ,nan          ,nan          ,nan          ,0.0113973    ,-0.110428    ,-0.104999    ,nan          ,nan          ,nan         ,0.019618    ,0            ,0.0589261    ,-0.00119122  ,0.0633799    ,8.60177e-09  ,       0 ,       1 ,       0 ,       1 ,       0 ,       1
23.5469  ,0.2  , 3.82  ,     0 ,0.265209 ,-0        ,         0 ,-0       ,4.2042  ,-0.276785 ,0.128415    ,3.975   ,-0.325    ,0           ,3.50084  ,-0.259262 ,0.0729224   ,4.275   ,0.275     ,0.105686    ,3.8998  ,0.307431  ,0.0796848   ,3.575    ,0.275    ,0.105686    ,0.151641    ,0.206571    ,0.338822    ,0.473864   ,1.59756     ,1.40412    ,0.194843  ,1.15371     ,0.723854    ,0.455145   ,0.619418     ,0.696307    ,0.15213     ,1.054       ,0.67693     ,0.542135    ,0.63977     ,0.500587    ,0.0400839    ,-0.0160316   ,0.0241708   ,nan          ,nan          ,nan          ,0.0178279    ,-0.0711154   ,-0.0762868  ,nan          ,nan          ,nan          ,0.0144132    ,-0.101127    ,-0.0926646   ,nan          ,nan          ,nan         ,0.0227291   ,0            ,0.0729224    ,-0.00119122  ,0.0835497    ,8.60177e-09  ,       0 ,       1 ,       0 ,       1 ,       0 ,       1
23.587   ,0.25 , 3.825 ,     0 ,0.266936 ,-0        ,         0 ,-0       ,4.2142  ,-0.279056 ,0.130438    ,3.975   ,-0.325    ,0           ,3.50887  ,-0.254128 ,0.0842648   ,4.275   ,0.275     ,0.105686    ,3.90706 ,0.300118  ,0.0933732   ,3.575    ,0.275    ,0.105686    ,0.173458    ,0.213185    ,0.360135    ,0.454735   ,1.61582     ,1.40841    ,0.218561  ,1.07622     ,0.640481    ,0.43648    ,0.637634     ,0.692621    ,0.171648    ,0.934797    ,0.569899    ,0.519996    ,0.670053    ,0.511387    ,0.0469733    ,0.0414253    ,0.060458    ,nan          ,nan          ,nan          ,0.0210173    ,-0.0561188   ,-0.0605847  ,nan          ,nan          ,nan          ,0.0170374    ,-0.091252    ,-0.0801179   ,nan          ,nan          ,nan         ,0.0247516   ,0            ,0.0817813    ,-0.00119122  ,0.103262     ,8.60177e-09  ,       0 ,       1 ,       0 ,       1 ,       0 ,       1
23.6267  ,0.3  , 3.83  ,     0 ,0.268663 ,-0        ,         0 ,-0       ,4.22519 ,-0.28203  ,0.131329    ,3.975   ,-0.325    ,0           ,3.51743  ,-0.249747 ,0.0931634   ,4.275   ,0.275     ,0.105686    ,3.91458 ,0.292838  ,0.104553    ,3.575    ,0.275    ,0.105686    ,0.198406    ,0.246935    ,0.398656    ,0.435154   ,1.63427     ,1.41332    ,0.245858  ,1.01681     ,0.57613     ,0.417404   ,0.656812     ,0.689881    ,0.194175    ,0.82818     ,0.478541    ,0.497423    ,0.699746    ,0.522643    ,0.0526102    ,0.0925135    ,0.0930028   ,nan          ,nan          ,nan          ,0.0236998    ,-0.0414407   ,-0.0450662  ,nan          ,nan          ,nan          ,0.0192699    ,-0.080802    ,-0.0673585   ,nan          ,nan          ,nan         ,0.0256429   ,0            ,0.09133      ,-0.00119122  ,0.101628     ,8.60177e-09  ,       0 ,       1 ,       0 ,       1 ,       0 ,       1
23.6667  ,0.35 , 3.835 ,     0 ,0.270391 ,-0        ,         0 ,-0       ,4.23712 ,-0.285515 ,0.130881    ,3.975   ,-0.325    ,0           ,3.52655  ,-0.246439 ,0.0998229   ,4.275   ,0.275     ,0.105686    ,3.92236 ,0.286089  ,0.113435    ,3.575    ,0.275    ,0.105686    ,0.225859    ,0.304637    ,0.452514    ,0.415116   ,1.65288     ,1.41883    ,0.276114  ,0.975097    ,0.530576    ,0.397915   ,0.676894     ,0.688076    ,0.219224    ,0.734862    ,0.403119    ,0.47443     ,0.728756    ,0.534309    ,0.0569944    ,0.137233     ,0.121805    ,nan          ,nan          ,nan          ,0.0258753    ,-0.0270811   ,-0.0297313  ,nan          ,nan          ,nan          ,0.0211106    ,-0.0697773   ,-0.0543865   ,nan          ,nan          ,nan         ,0.0251946   ,0            ,0.0909505    ,-0.00119122  ,0.107597     ,8.60177e-09  ,       0 ,       1 ,       0 ,       1 ,       0 ,       1
23.7068  ,0.4  , 3.84  ,     0 ,0.272118 ,-0        ,         0 ,-0       ,4.24988 ,-0.289246 ,0.128803    ,3.975   ,-0.325    ,0           ,3.53627  ,-0.244387 ,0.104412    ,4.275   ,0.275     ,0.105686    ,3.93044 ,0.28028   ,0.120291    ,3.575    ,0.275    ,0.105686    ,0.255192    ,0.383106    ,0.519838    ,0.394618   ,1.6716      ,1.42494    ,0.308712  ,0.950685    ,0.503597    ,0.37801    ,0.697816     ,0.687192    ,0.246311    ,0.655557    ,0.343897    ,0.451034    ,0.757004    ,0.546342    ,0.060126     ,0.175583     ,0.146865    ,nan          ,nan          ,nan          ,0.0275439    ,-0.0130399   ,-0.0145801  ,nan          ,nan          ,nan          ,0.0225595    ,-0.058178    ,-0.0412018   ,nan          ,nan          ,nan         ,0.0231168   ,0            ,0.0907206    ,-0.00119122  ,0.1119       ,8.60177e-09  ,       0 ,       1 ,       0 ,       1 ,       0 ,       1
23.7468  ,0.45 , 3.845 ,     0 ,0.273845 ,-0        ,         0 ,-0       ,4.26331 ,-0.292885 ,0.124806    ,3.975   ,-0.325    ,0           ,3.54664  ,-0.243659 ,0.107044    ,4.275   ,0.275     ,0.105686    ,3.93888 ,0.275727  ,0.125418    ,3.575    ,0.275    ,0.105686    ,0.285776    ,0.479158    ,0.598756    ,0.37366    ,1.69042     ,1.43162    ,0.343035  ,0.943188    ,0.494969    ,0.357691   ,0.719504     ,0.687212    ,0.274949    ,0.590975    ,0.301137    ,0.427256    ,0.784427    ,0.558704    ,0.062005     ,0.207565     ,0.168183    ,nan          ,nan          ,nan          ,0.0287056    ,0.000682778  ,0.000387586 ,nan          ,nan          ,nan          ,0.0236168    ,-0.0460041   ,-0.0278045   ,nan          ,nan          ,nan         ,0.00792154  ,0            ,0.0907307    ,-0.00119122  ,0.0996392    ,8.60177e-09  ,       0 ,       1 ,       0 ,       1 ,       0 ,       1
23.7866  ,0.5  , 3.85  ,     0 ,0.275572 ,-0        ,         0 ,-0       ,4.27718 ,-0.296045 ,0.118675    ,3.975   ,-0.325    ,0           ,3.55773  ,-0.244226 ,0.10777     ,4.275   ,0.275     ,0.105686    ,3.9478  ,0.272655  ,0.1291      ,3.575    ,0.275    ,0.105686    ,0.316988    ,0.58961     ,0.687397    ,0.35224    ,1.70929     ,1.43886    ,0.378464  ,0.95222     ,0.504467    ,0.336958   ,0.741882     ,0.688114    ,0.304655    ,0.541829    ,0.275105    ,0.403117    ,0.810974    ,0.571362    ,0.0626314    ,0.233178     ,0.185759    ,nan          ,nan          ,nan          ,0.0293603    ,0.014087     ,0.0151716   ,nan          ,nan          ,nan          ,0.0242801    ,-0.0332467   ,-0.0141875   ,nan          ,nan          ,nan         ,0.00792734  ,0            ,0.0923033    ,-0.00119122  ,0.0983304    ,8.60177e-09  ,       0 ,       1 ,       0 ,       1 ,       0 ,       1
23.8267  ,0.55 , 3.855 ,     0 ,0.277299 ,-0        ,         0 ,-0       ,4.29117 ,-0.298326 ,0.110333    ,3.975   ,-0.325    ,0           ,3.56955  ,-0.245976 ,0.106584    ,4.275   ,0.275     ,0.105686    ,3.95732 ,0.271213  ,0.131574    ,3.575    ,0.275    ,0.105686    ,0.348199    ,0.711275    ,0.783891    ,0.33036    ,1.72819     ,1.44664    ,0.414371  ,0.977392    ,0.531871    ,0.315815   ,0.764864     ,0.689873    ,0.334925    ,0.508898    ,0.266117    ,0.378641    ,0.836608    ,0.584287    ,0.0620051    ,0.252422     ,0.199592    ,nan          ,nan          ,nan          ,0.0294673    ,0.0271778    ,0.0297799   ,nan          ,nan          ,nan          ,0.0245251    ,-0.0198078   ,-0.000272318 ,nan          ,nan          ,nan         ,0.00643762  ,0            ,0.0931758    ,-0.00119122  ,0.0974898    ,8.60177e-09  ,       0 ,       1 ,       0 ,       1 ,       0 ,       1
23.8671  ,0.6  , 3.86  ,     0 ,0.279026 ,-0        ,         0 ,-0       ,4.3049  ,-0.299374 ,0.0998855   ,3.975   ,-0.325    ,0           ,3.58209  ,-0.248737 ,0.103424    ,4.275   ,0.275     ,0.105686    ,3.96756 ,0.271489  ,0.133002    ,3.575    ,0.275    ,0.105686    ,0.378784    ,0.84097     ,0.886365    ,0.308023   ,1.74709     ,1.45494    ,0.450004  ,1.01833     ,0.576982    ,0.294263   ,0.788364     ,0.692461    ,0.365235    ,0.493052    ,0.274563    ,0.353854    ,0.861304    ,0.597455    ,0.0601262    ,0.265297     ,0.209683    ,nan          ,nan          ,nan          ,0.0289046    ,0.0399701    ,0.0442362   ,nan          ,nan          ,nan          ,0.0243449    ,-0.00565994  ,0.013963     ,nan          ,nan          ,nan         ,0.00874915  ,0            ,0.0940736    ,-0.00119122  ,0.0931529    ,8.60177e-09  ,       0 ,       1 ,       0 ,       1 ,       0 ,       1
23.9067  ,0.65 , 3.865 ,     0 ,0.280753 ,-0        ,         0 ,-0       ,4.31796 ,-0.298948 ,0.0876295   ,3.975   ,-0.325    ,0           ,3.59523  ,-0.252287 ,0.0981918   ,4.275   ,0.275     ,0.105686    ,3.97864 ,0.27351   ,0.13345     ,3.575    ,0.275    ,0.105686    ,0.408117    ,0.975511    ,0.99295     ,0.285233   ,1.76595     ,1.46376    ,0.484539  ,1.07468     ,0.639617    ,0.27231    ,0.812293     ,0.695848    ,0.395059    ,0.495169    ,0.30084     ,0.328786    ,0.885047    ,0.610846    ,0.0569947    ,0.271804     ,0.216031    ,nan          ,nan          ,nan          ,0.027664     ,0.0524647    ,0.0585421   ,nan          ,nan          ,nan          ,0.0237395    ,0.00919697   ,0.0285186    ,nan          ,nan          ,nan         ,0.0161194   ,0            ,0.0928277    ,-0.00119122  ,0.0869006    ,8.60177e-09  ,       0 ,       1 ,       0 ,       1 ,       0 ,       1
23.9467  ,0.7  , 3.87  ,     0 ,0.28248  ,-0        ,         0 ,-0       ,4.32999 ,-0.296978 ,0.0740425   ,3.975   ,-0.325    ,0           ,3.60876  ,-0.256366 ,0.0907746   ,4.275   ,0.275     ,0.105686    ,3.99063 ,0.27725   ,0.132866    ,3.575    ,0.275    ,0.105686    ,0.43557     ,1.11171     ,1.10177     ,0.261997   ,1.78474     ,1.47306    ,0.517149  ,1.14607     ,0.719593    ,0.249963   ,0.836557     ,0.700002    ,0.42387     ,0.516128    ,0.345345    ,0.303464    ,0.907833    ,0.624444    ,0.0526106    ,0.271942     ,0.218637    ,nan          ,nan          ,nan          ,0.0257455    ,0.0646618    ,0.0726975   ,nan          ,nan          ,nan          ,0.0227089    ,0.0247629    ,0.0433943    ,nan          ,nan          ,nan         ,0.0347528   ,0            ,0.0877193    ,-0.00119122  ,0.0786838    ,8.60177e-09  ,       0 ,       1 ,       0 ,       1 ,       0 ,       1
23.9868  ,0.75 , 3.875 ,     0 ,0.284208 ,-0        ,         0 ,-0       ,4.34069 ,-0.293608 ,0.0597341   ,3.975   ,-0.325    ,0           ,3.6224   ,-0.260689 ,0.0810721   ,4.275   ,0.275     ,0.105686    ,4.00355 ,0.282628  ,0.131063    ,3.575    ,0.275    ,0.105686    ,0.460518    ,1.24639     ,1.21096     ,0.238323   ,1.80344     ,1.48284    ,0.547008  ,1.23215     ,0.816727    ,0.227229   ,0.861064     ,0.704887    ,0.451141    ,0.556807    ,0.408473    ,0.277923    ,0.929665    ,0.638236    ,0.0469739    ,0.265711     ,0.217501    ,nan          ,nan          ,nan          ,0.0231492    ,0.0765612    ,0.0867026   ,nan          ,nan          ,nan          ,0.0212531    ,0.0410378    ,0.0585902    ,nan          ,nan          ,nan         ,0.0392038   ,0            ,0.0807836    ,-0.00119122  ,0.0615067    ,8.60177e-09  ,       0 ,       1 ,       0 ,       1 ,       0 ,       1
24.0268  ,0.8  , 3.88  ,     0 ,0.285935 ,-0        ,         0 ,-0       ,4.34993 ,-0.289204 ,0.0453825   ,3.975   ,-0.325    ,0           ,3.63573  ,-0.264952 ,0.0690285   ,4.275   ,0.275     ,0.105686    ,4.01734 ,0.289497  ,0.12771     ,3.575    ,0.275    ,0.105686    ,0.482335    ,1.37636     ,1.31865     ,0.214221   ,1.82201     ,1.49308    ,0.57329   ,1.33254     ,0.930834    ,0.204121   ,0.885724     ,0.710469    ,0.476345    ,0.618084    ,0.490623    ,0.252194    ,0.950556    ,0.652212    ,0.0400845    ,0.253111     ,0.212622    ,nan          ,nan          ,nan          ,0.0198749    ,0.0881632    ,0.100557    ,nan          ,nan          ,nan          ,0.0193722    ,0.0580217    ,0.0741062    ,nan          ,nan          ,nan         ,0.0425414   ,0            ,0.0690285    ,-0.00119122  ,0.050316     ,8.60177e-09  ,       0 ,       1 ,       0 ,       1 ,       0 ,       1
24.0669  ,0.85 , 3.885 ,     0 ,0.287662 ,-0        ,         0 ,-0       ,4.35772 ,-0.284344 ,0.0316645   ,3.975   ,-0.325    ,0           ,3.64825  ,-0.268841 ,0.0546694   ,4.275   ,0.275     ,0.105686    ,4.03183 ,0.297623  ,0.122333    ,3.575    ,0.275    ,0.105686    ,0.500394    ,1.49844     ,1.42296     ,0.189705   ,1.84043     ,1.50376    ,0.595169  ,1.44689     ,1.06173     ,0.18065    ,0.910445     ,0.716712    ,0.498956    ,0.700838    ,0.59219     ,0.226311    ,0.970523    ,0.666368    ,0.0319425    ,0.234142     ,0.204002    ,nan          ,nan          ,nan          ,0.0159228    ,0.0994675    ,0.114261    ,nan          ,nan          ,nan          ,0.0170661    ,0.0757146    ,0.0899425    ,nan          ,nan          ,nan         ,0.0319275   ,0            ,0.0546694    ,-0.00119122  ,0.0296357    ,8.60177e-09  ,       0 ,       1 ,       0 ,       1 ,       0 ,       1
24.1067  ,0.9  , 3.89  ,     0 ,0.289389 ,-0        ,         0 ,-0       ,4.36426 ,-0.279772 ,0.0191961   ,3.975   ,-0.325    ,0           ,3.65938  ,-0.272033 ,0.0381413   ,4.275   ,0.275     ,0.105686    ,4.04667 ,0.306646  ,0.114338    ,3.575    ,0.275    ,0.105686    ,0.514069    ,1.60944     ,1.52203     ,0.16479    ,1.85868     ,1.51486    ,0.61182   ,1.57483     ,1.20924     ,0.156831   ,0.935141     ,0.723578    ,0.518447    ,0.805945    ,0.71357     ,0.200311    ,0.989593    ,0.680698    ,0.0225479    ,0.208805     ,0.191638    ,nan          ,nan          ,nan          ,0.0112927    ,0.110474     ,0.127815    ,nan          ,nan          ,nan          ,0.0143348    ,0.0941165    ,0.106099     ,nan          ,nan          ,nan         ,0.0191961   ,0            ,0.0381413    ,-0.00119122  ,0.030876     ,8.60177e-09  ,       1 ,       1 ,       1 ,       1 ,       1 ,       1
24.1467  ,0.95 , 3.895 ,     0 ,0.291116 ,-0        ,         0 ,-0       ,4.36988 ,-0.276348 ,0.00849904  ,3.975   ,-0.325    ,0           ,3.6685   ,-0.2742   ,0.019751    ,4.275   ,0.275     ,0.105686    ,4.06132 ,0.316031  ,0.103057    ,3.575    ,0.275    ,0.105686    ,0.522733    ,1.70618     ,1.61398     ,0.139494   ,1.87672     ,1.52637    ,0.622415  ,1.716       ,1.37317     ,0.13268    ,0.959728     ,0.73103     ,0.534292    ,0.934286    ,0.855162    ,0.174228    ,1.00779     ,0.695203    ,0.0119006    ,0.177098     ,0.175533    ,nan          ,nan          ,nan          ,0.00598482   ,0.121183     ,0.141218    ,nan          ,nan          ,nan          ,0.0111783    ,0.113227     ,0.122575     ,nan          ,nan          ,nan         ,0.00849903  ,0            ,0.019751     ,-0.00119122  ,0.0217527    ,8.60177e-09  ,       1 ,       1 ,       1 ,       1 ,       1 ,       1
24.2082  ,0    , 3.9   ,     0 ,0.292843 ,-0        ,         0 ,-0       ,4.375   ,-0.275    ,0           ,3.975   ,-0.324999 ,1.52787e-06 ,3.675    ,-0.275    ,0           ,4.275   ,0.274998  ,0.105688    ,4.075   ,0.325     ,0.0878431   ,3.575    ,0.274998 ,0.105688    ,0.525761    ,1.78548     ,1.69694     ,0.113838   ,1.89453     ,1.53827    ,0.62613   ,1.87004     ,1.55334     ,0.108217   ,0.984127     ,0.739033    ,0.545964    ,1.08674     ,1.01736     ,0.148098    ,1.02516     ,0.709883    ,nan          ,nan          ,nan         ,-1.02494e-06 ,-0.129835    ,-0.154529    ,nan          ,nan          ,nan         ,0.00348326   ,-0.168476    ,-0.142549    ,nan          ,nan          ,nan          ,4.73715e-07  ,-0.201976    ,-0.140197   ,0           ,1.52787e-06  ,0            ,-0.00118941  ,0.00293232   ,1.49177e-06  ,       1 ,       1 ,       1 ,       1 ,       1 ,       1
24.2266  ,0.05 , 3.905 ,     0 ,0.292694 ,-0        ,         0 ,-0       ,4.375   ,-0.275    ,0           ,3.9806  ,-0.324726 ,0.0266473   ,3.675    ,-0.275    ,0           ,4.28038 ,0.26523   ,0.124622    ,4.075   ,0.325     ,0.0878431   ,3.5807   ,0.270158 ,0.129978    ,0.508704    ,1.78684     ,1.6838      ,0.117087   ,1.70012     ,1.31753    ,0.605832  ,1.87333     ,1.54901     ,0.11565    ,0.77454      ,0.565175    ,0.528589    ,1.08783     ,1.00309     ,0.15573     ,0.723325    ,0.497505    ,nan          ,nan          ,nan         ,0.00426622   ,-0.13092     ,-0.141861    ,nan          ,nan          ,nan         ,0.00783927   ,-0.153127    ,-0.124344    ,nan          ,nan          ,nan          ,0.00913783   ,-0.168375    ,-0.12028    ,0           ,0.0266473    ,0            ,0.0167753    ,0.00293232   ,0.024292     ,       1 ,       0 ,       1 ,       0 ,       1 ,       0
24.267   ,0.1  , 3.91  ,     0 ,0.292546 ,-0        ,         0 ,-0       ,4.375   ,-0.275    ,0           ,3.9872  ,-0.323309 ,0.0523837   ,3.675    ,-0.275    ,0           ,4.28643 ,0.25409   ,0.138226    ,4.075   ,0.325     ,0.0878431   ,3.58783  ,0.259711 ,0.144985    ,0.491253    ,1.78853     ,1.67125     ,0.126257   ,1.50538     ,1.11567    ,0.585062  ,1.87644     ,1.54496     ,0.128432   ,0.585077     ,0.414694    ,0.510785    ,1.08938     ,0.989356    ,0.177196    ,0.474879    ,0.317157    ,nan          ,nan          ,nan         ,0.00795014   ,-0.130282    ,-0.129173    ,nan          ,nan          ,nan         ,0.011692     ,-0.137593    ,-0.106673    ,nan          ,nan          ,nan          ,0.0169611    ,-0.136519    ,-0.100927   ,0           ,0.0523837    ,0            ,0.033913     ,0.00293232   ,0.0392987    ,       1 ,       0 ,       1 ,       0 ,       1 ,       0
24.3065  ,0.15 , 3.915 ,     0 ,0.292397 ,-0        ,         0 ,-0       ,4.375   ,-0.275    ,0           ,3.99452 ,-0.320247 ,0.0760632   ,3.675    ,-0.275    ,0           ,4.29304 ,0.243043  ,0.147185    ,4.075   ,0.325     ,0.0878431   ,3.59615  ,0.247924 ,0.152765    ,0.473401    ,1.79053     ,1.65927     ,0.14048    ,1.31287     ,0.932732   ,0.563828  ,1.87936     ,1.54119     ,0.145907   ,0.415979     ,0.286898    ,0.492546    ,1.09137     ,0.976172    ,0.210352    ,0.276975    ,0.167917    ,nan          ,nan          ,nan         ,0.0110507    ,-0.127921    ,-0.116465    ,nan          ,nan          ,nan         ,0.0150413    ,-0.121875    ,-0.0895331   ,nan          ,nan          ,nan          ,0.0234702    ,-0.106408    ,-0.0821403  ,0           ,0.075342     ,0            ,0.0447809    ,0.00293232   ,0.0470787    ,       1 ,       0 ,       1 ,       0 ,       1 ,       0
24.3465  ,0.2  , 3.92  ,     0 ,0.292248 ,-0        ,         0 ,-0       ,4.375   ,-0.275    ,0           ,4.00231 ,-0.31553  ,0.0968083   ,3.675    ,-0.275    ,0           ,4.30014 ,0.233117  ,0.152435    ,4.075   ,0.325     ,0.0878431   ,3.60535  ,0.237039 ,0.155853    ,0.455145    ,1.79281     ,1.64784     ,0.158888   ,1.12516     ,0.768734   ,0.542135  ,1.88205     ,1.53767     ,0.167419   ,0.267487     ,0.181092    ,0.473864    ,1.09378     ,0.963531    ,0.253054    ,0.126767    ,0.0488631   ,nan          ,nan          ,nan         ,0.013568     ,-0.123837    ,-0.103738    ,nan          ,nan          ,nan         ,0.0178874    ,-0.105971    ,-0.0729259   ,nan          ,nan          ,nan          ,0.0286652    ,-0.0780432   ,-0.063918   ,0           ,0.090832     ,0            ,0.0528618    ,0.00293232   ,0.0501668    ,       1 ,       0 ,       1 ,       0 ,       1 ,       0
24.3871  ,0.25 , 3.925 ,     0 ,0.2921   ,-0        ,         0 ,-0       ,4.375   ,-0.275    ,0           ,4.01035 ,-0.309546 ,0.114066    ,3.675    ,-0.275    ,0           ,4.30773 ,0.224936  ,0.154992    ,4.075   ,0.325     ,0.0878431   ,3.61523  ,0.227985 ,0.156465    ,0.43648     ,1.79535     ,1.63695     ,0.180647   ,0.944816    ,0.623734   ,0.519996  ,1.88451     ,1.5344      ,0.192313   ,0.139841     ,0.0965826   ,0.454735    ,1.09661     ,0.951429    ,0.303159    ,0.0214065   ,-0.0409262  ,nan          ,nan          ,nan         ,0.0156016    ,-0.118021    ,-0.0909201   ,nan          ,nan          ,nan         ,0.0202302    ,-0.0898836   ,-0.0568511   ,nan          ,nan          ,nan          ,0.032546     ,-0.0514234   ,-0.0462608  ,0           ,0.091206     ,0            ,0.0560863    ,0.00293232   ,0.0507784    ,       1 ,       0 ,       1 ,       0 ,       1 ,       0
24.4269  ,0.3  , 3.93  ,     0 ,0.291951 ,-0        ,         0 ,-0       ,4.375   ,-0.275    ,0           ,4.01857 ,-0.302951 ,0.127628    ,3.675    ,-0.275    ,0           ,4.31585 ,0.218788  ,0.155823    ,4.075   ,0.325     ,0.0878431   ,3.6257   ,0.221002 ,0.156204    ,0.417404    ,1.79813     ,1.62657     ,0.205249   ,0.774444    ,0.498017   ,0.497423  ,1.8867      ,1.53135     ,0.219931   ,0.0332825    ,0.0326763   ,0.435154    ,1.09983     ,0.939863    ,0.358523    ,-0.0419536  ,-0.102372   ,nan          ,nan          ,nan         ,0.0173948    ,-0.110451    ,-0.0778407   ,nan          ,nan          ,nan         ,0.0220696    ,-0.073611    ,-0.0413086   ,nan          ,nan          ,nan          ,0.0351128    ,-0.026549    ,-0.0291685  ,0           ,0.0821881    ,0            ,0.0574261    ,0.00293232   ,0.0505179    ,       1 ,       0 ,       1 ,       0 ,       1 ,       0
24.4667  ,0.35 , 3.935 ,     0 ,0.291802 ,-0        ,         0 ,-0       ,4.375   ,-0.275    ,0           ,4.02701 ,-0.296501 ,0.137634    ,3.675    ,-0.275    ,0           ,4.32456 ,0.214713  ,0.155763    ,4.075   ,0.325     ,0.0878431   ,3.63675  ,0.216063 ,0.156034    ,0.397915    ,1.80113     ,1.61671     ,0.232352   ,0.616654    ,0.391981   ,0.47443   ,1.88861     ,1.52853     ,0.249619   ,-0.0519482   ,-0.0113208  ,0.415116    ,1.10342     ,0.928828    ,0.416967    ,-0.0661626  ,-0.13639    ,nan          ,nan          ,nan         ,0.0189586    ,-0.101126    ,-0.0644916   ,nan          ,nan          ,nan         ,0.0234057    ,-0.0571536   ,-0.0262984   ,nan          ,nan          ,nan          ,0.0362671    ,-0.00342666  ,-0.01262    ,0           ,0.0798421    ,0            ,0.057631     ,0.00293232   ,0.0503477    ,       1 ,       0 ,       1 ,       0 ,       1 ,       0
24.5071  ,0.4  , 3.94  ,     0 ,0.291654 ,-0        ,         0 ,-0       ,4.375   ,-0.275    ,0           ,4.03579 ,-0.290894 ,0.144529    ,3.675    ,-0.275    ,0           ,4.33391 ,0.212591  ,0.155463    ,4.075   ,0.325     ,0.0878431   ,3.64842  ,0.213112 ,0.15634     ,0.37801     ,1.80432     ,1.60734     ,0.261613   ,0.474062    ,0.30603    ,0.451034  ,1.89021     ,1.52592     ,0.28072    ,-0.11561     ,-0.0361026  ,0.394618    ,1.10736     ,0.918319    ,0.475887    ,-0.0540987  ,-0.1438     ,nan          ,nan          ,nan         ,0.020293     ,-0.090045    ,-0.050873    ,nan          ,nan          ,nan         ,0.0242385    ,-0.0405116   ,-0.0118205   ,nan          ,nan          ,nan          ,0.0356752    ,0.0179214    ,0.003457    ,0           ,0.075805     ,0            ,0.0573098    ,0.00293232   ,0.0506541    ,       1 ,       0 ,       1 ,       0 ,       1 ,       0
24.547   ,0.45 , 3.945 ,     0 ,0.291505 ,-0        ,         0 ,-0       ,4.375   ,-0.275    ,0           ,4.04508 ,-0.286668 ,0.148969    ,3.675    ,-0.275    ,0           ,4.34396 ,0.212224  ,0.155376    ,4.075   ,0.325     ,0.0878431   ,3.66075  ,0.212142 ,0.157022    ,0.357691    ,1.80768     ,1.59845     ,0.292687   ,0.349282    ,0.240561   ,0.427256  ,1.89149     ,1.5235      ,0.312579   ,-0.157463    ,-0.0423627  ,0.37366     ,1.11161     ,0.90833     ,0.532394    ,-0.00865883 ,-0.125364   ,nan          ,nan          ,nan         ,0.0213766    ,-0.0772126   ,-0.0370055   ,nan          ,nan          ,nan         ,0.024568     ,-0.0236848   ,0.00212502   ,nan          ,nan          ,nan          ,0.0333096    ,0.0374933    ,0.0190685   ,0           ,0.0702338    ,0            ,0.0569003    ,0.00293232   ,0.0504008    ,       1 ,       0 ,       1 ,       0 ,       1 ,       0
24.5869  ,0.5  , 3.95  ,     0 ,0.291356 ,-0        ,         0 ,-0       ,4.375   ,-0.275    ,0           ,4.05503 ,-0.284126 ,0.151701    ,3.675    ,-0.275    ,0           ,4.35471 ,0.213396  ,0.155747    ,4.075   ,0.325     ,0.0878431   ,3.67383  ,0.213177 ,0.157581    ,0.336958    ,1.81118     ,1.59002     ,0.325039   ,0.244894    ,0.195788   ,0.403117  ,1.89244     ,1.52128     ,0.344539   ,-0.177265    ,-0.0307949  ,0.35224     ,1.11616     ,0.898852    ,0.583596    ,0.0672595   ,-0.0818414  ,nan          ,nan          ,nan         ,0.0219714    ,-0.0626689   ,-0.0231213   ,nan          ,nan          ,nan         ,0.0243942    ,-0.00667334  ,0.0155382    ,nan          ,nan          ,nan          ,0.0291702    ,0.0552891    ,0.0342144   ,0           ,0.0606619    ,0            ,0.0546225    ,0.00293232   ,0.0518172    ,       1 ,       0 ,       1 ,       0 ,       1 ,       0
24.6266  ,0.55 , 3.955 ,     0 ,0.291208 ,-0        ,         0 ,-0       ,4.375   ,-0.275    ,0           ,4.06573 ,-0.283346 ,0.153427    ,3.675    ,-0.275    ,0           ,4.36617 ,0.215924  ,0.156622    ,4.075   ,0.325     ,0.0878431   ,3.68758  ,0.21624  ,0.157209    ,0.315814    ,1.8148      ,1.58204     ,0.357864   ,0.163436    ,0.17166    ,0.378641  ,1.89305     ,1.51924     ,0.375945   ,-0.174777    ,-0.00209233 ,0.33036     ,1.12097     ,0.889878    ,0.626599    ,0.170759    ,-0.0139911  ,nan          ,nan          ,nan         ,0.0220113    ,-0.0464251   ,-0.00928489  ,nan          ,nan          ,nan         ,0.0237178    ,0.0105223    ,0.0284209    ,nan          ,nan          ,nan          ,0.023257     ,0.0713088    ,0.0488948   ,0           ,0.0573351    ,0            ,0.0548322    ,0.00293232   ,0.0523488    ,       1 ,       0 ,       1 ,       0 ,       1 ,       0
24.6666  ,0.6  , 3.96  ,     0 ,0.291059 ,-0        ,         0 ,-0       ,4.375   ,-0.275    ,0           ,4.0772  ,-0.284249 ,0.15468     ,3.675    ,-0.275    ,0           ,4.37831 ,0.219672  ,0.157847    ,4.075   ,0.325     ,0.0878431   ,3.70172  ,0.221326 ,0.154907    ,0.294263    ,1.81851     ,1.5745      ,0.390335   ,0.107438    ,0.168105   ,0.353854  ,1.89329     ,1.51738     ,0.406142   ,-0.149759    ,0.0430558   ,0.308023    ,1.126       ,0.881397    ,0.65865     ,0.298937    ,0.0774125   ,nan          ,nan          ,nan         ,0.0214963    ,-0.0284814   ,0.0045037    ,nan          ,nan          ,nan         ,0.0225396    ,0.0279013    ,0.0407756    ,nan          ,nan          ,nan          ,0.0159974    ,0.0855361    ,0.0630649   ,0           ,0.0533321    ,0            ,0.0552576    ,0.00293232   ,0.0444784    ,       1 ,       0 ,       1 ,       0 ,       1 ,       0
24.7065  ,0.65 , 3.965 ,     0 ,0.29091  ,-0        ,         0 ,-0       ,4.375   ,-0.275    ,0           ,4.08943 ,-0.286686 ,0.155737    ,3.675    ,-0.275    ,0           ,4.39107 ,0.224561  ,0.159081    ,4.075   ,0.325     ,0.0878431   ,3.7159   ,0.228248 ,0.149625    ,0.27231     ,1.82228     ,1.56737     ,0.421626   ,0.079434    ,0.185052   ,0.328786  ,1.89317     ,1.51569     ,0.434477   ,-0.101972    ,0.103961    ,0.285233    ,1.13123     ,0.873398    ,0.679057    ,0.448813    ,0.191379    ,nan          ,nan          ,nan         ,0.0204263    ,-0.00883757  ,0.0182445    ,nan          ,nan          ,nan         ,0.0208599    ,0.0454637    ,0.0526024    ,nan          ,nan          ,nan          ,0.00911523   ,0.0979062    ,0.0765442   ,0           ,0.0488669    ,0            ,0.0555653    ,0.00293232   ,0.0467113    ,       1 ,       0 ,       1 ,       0 ,       1 ,       0
24.7467  ,0.7  , 3.97  ,     0 ,0.290761 ,-0        ,         0 ,-0       ,4.375   ,-0.275    ,0           ,4.10231 ,-0.290498 ,0.156554    ,3.675    ,-0.275    ,0           ,4.40436 ,0.230537  ,0.159793    ,4.075   ,0.325     ,0.0878431   ,3.7296   ,0.236585 ,0.140437    ,0.249963    ,1.8261      ,1.56065     ,0.450909   ,0.0819552   ,0.222431   ,0.303464  ,1.89267     ,1.51417     ,0.460296   ,-0.0311765   ,0.179936    ,0.261997    ,1.1366      ,0.86587     ,0.688693    ,0.617348    ,0.326756    ,nan          ,nan          ,nan         ,0.0188014    ,0.0125063    ,0.0319375    ,nan          ,nan          ,nan         ,0.0186785    ,0.0632094    ,0.0639013    ,nan          ,nan          ,nan          ,0.00279218   ,0.108412     ,0.0893137   ,0           ,0.0523579    ,0            ,0.0555664    ,0.00293232   ,0.045906     ,       1 ,       0 ,       1 ,       0 ,       1 ,       0
24.7867  ,0.75 , 3.975 ,     0 ,0.290613 ,-0        ,         0 ,-0       ,4.375   ,-0.275    ,0           ,4.1157  ,-0.295547 ,0.156721    ,3.675    ,-0.275    ,0           ,4.41802 ,0.237536  ,0.159273    ,4.075   ,0.325     ,0.0878431   ,3.74207  ,0.245731 ,0.126702    ,0.227229    ,1.82993     ,1.55432     ,0.477398   ,0.117582    ,0.280216   ,0.277923  ,1.8918      ,1.51282     ,0.482945   ,0.0628654    ,0.270293    ,0.238323    ,1.14209     ,0.858799    ,0.68847     ,0.8015      ,0.482384    ,nan          ,nan          ,nan         ,0.0166972    ,0.0356441    ,0.0456718    ,nan          ,nan          ,nan         ,0.0159954    ,0.0811384    ,0.0746722    ,nan          ,nan          ,nan          ,-0.0029717   ,0.117054     ,0.101373    ,0           ,0.0516447    ,0            ,0.0549402    ,0.00293232   ,0.0412795    ,       1 ,       0 ,       1 ,       0 ,       1 ,       0
24.827   ,0.8  , 3.98  ,     0 ,0.290464 ,-0        ,         0 ,-0       ,4.375   ,-0.275    ,0           ,4.12941 ,-0.301693 ,0.155415    ,3.675    ,-0.275    ,0           ,4.43177 ,0.245419  ,0.156648    ,4.075   ,0.325     ,0.0878431   ,3.75249  ,0.254931 ,0.108209    ,0.204121    ,1.83374     ,1.54836     ,0.500446   ,0.189071    ,0.358547   ,0.252194  ,1.89054     ,1.51164     ,0.501771   ,0.180393     ,0.374343    ,0.214221    ,1.14765     ,0.852171    ,0.67932     ,0.998228    ,0.657108    ,nan          ,nan          ,nan         ,0.0141813    ,0.0606598    ,0.0595272    ,nan          ,nan          ,nan         ,0.0128107    ,0.0992508    ,0.0849153    ,nan          ,nan          ,nan          ,-0.0080622   ,0.123828     ,0.112732    ,0           ,0.0494395    ,0            ,0.0521338    ,0.00293232   ,0.0611675    ,       1 ,       0 ,       1 ,       0 ,       1 ,       0
24.8671  ,0.85 , 3.985 ,     0 ,0.290315 ,-0        ,         0 ,-0       ,4.375   ,-0.275    ,0           ,4.14309 ,-0.308679 ,0.151387    ,3.675    ,-0.275    ,0           ,4.44518 ,0.25388   ,0.150927    ,4.075   ,0.325     ,0.0878431   ,3.76039  ,0.263275 ,0.0852583   ,0.18065     ,1.83751     ,1.54276     ,0.51944    ,0.299219    ,0.457607   ,0.226311  ,1.88891     ,1.51062     ,0.516119   ,0.321646     ,0.491398    ,0.189705    ,1.15324     ,0.845971    ,0.663612    ,1.20444     ,0.84988     ,nan          ,nan          ,nan         ,0.0112537    ,0.0875532    ,0.0735035    ,nan          ,nan          ,nan         ,0.0091243    ,0.117547     ,0.0946304    ,nan          ,nan          ,nan          ,-0.0106819   ,0.128675     ,0.123527    ,0           ,0.0445134    ,0            ,0.0458207    ,0.00293232   ,0.0585705    ,       1 ,       0 ,       1 ,       0 ,       1 ,       0
24.9067  ,0.9  , 3.99  ,     0 ,0.290167 ,-0        ,         0 ,-0       ,4.375   ,-0.275    ,0           ,4.15611 ,-0.315915 ,0.142983    ,3.675    ,-0.275    ,0           ,4.45754 ,0.262349  ,0.141082    ,4.075   ,0.325     ,0.0878431   ,3.76611  ,0.269779 ,0.0586675   ,0.156831    ,1.84122     ,1.5375      ,0.533766   ,0.450824    ,0.577574   ,0.200311  ,1.8869      ,1.50978     ,0.525336   ,0.486862     ,0.620771    ,0.16479     ,1.1588      ,0.840183    ,0.64615     ,1.41698     ,1.05984     ,nan          ,nan          ,nan         ,0.0079143    ,0.116324     ,0.0876008    ,nan          ,nan          ,nan         ,0.00493629   ,0.136026     ,0.103818     ,nan          ,nan          ,nan          ,-0.0102117   ,0.131576     ,0.133805    ,0           ,0.0372971    ,0            ,0.0362267    ,0.00293232   ,0.0542782    ,       1 ,       1 ,       1 ,       1 ,       1 ,       1
24.9467  ,0.95 , 3.995 ,     0 ,0.290018 ,-0        ,         0 ,-0       ,4.375   ,-0.275    ,0           ,4.16736 ,-0.322144 ,0.128314    ,3.675    ,-0.275    ,0           ,4.4679  ,0.269873  ,0.126197    ,4.075   ,0.325     ,0.0878431   ,3.77054  ,0.273743 ,0.0297147   ,0.13268     ,1.84482     ,1.53257     ,0.542812   ,0.646681    ,0.718629   ,0.174228  ,1.88452     ,1.5091      ,0.528768   ,0.676281     ,0.761773    ,0.139494    ,1.16431     ,0.83479     ,0.631976    ,1.63266     ,1.28615     ,nan          ,nan          ,nan         ,0.00416319   ,0.146973     ,0.101819     ,nan          ,nan          ,nan         ,0.000246626  ,0.154688     ,0.112477     ,nan          ,nan          ,nan          ,-0.00665133  ,0.13253      ,0.143567    ,0           ,0.0226274    ,0            ,0.0208474    ,0.00293232   ,0.033671     ,       1 ,       1 ,       1 ,       1 ,       1 ,       1
25.0047  ,0    , 4     ,     0 ,0.289869 ,-0        ,         0 ,-0       ,4.375   ,-0.274998 ,1.48918e-06 ,4.175   ,-0.325    ,0.105686    ,3.675    ,-0.274999 ,1.56017e-06 ,4.475   ,0.275     ,0.105686    ,4.075   ,0.324998  ,0.0878447   ,3.775    ,0.275    ,0           ,0.108217    ,1.84831     ,1.52796     ,0.545964   ,0.889589    ,0.880952   ,0.148098  ,1.88177     ,1.50861     ,0.525761   ,0.890142     ,0.913716    ,0.113838    ,1.16969     ,0.829775    ,0.62613     ,1.84831     ,1.52796     ,-9.61052e-07 ,-0.131538    ,-0.152813   ,nan          ,nan          ,nan          ,1.02599e-06  ,-0.129182    ,-0.152968   ,nan          ,nan          ,nan          ,-0.0287611   ,-0.120141    ,-0.133483    ,nan          ,nan          ,nan         ,1.48918e-06 ,8.60177e-09  ,1.56017e-06  ,-0.00073286  ,0.00293368   ,0            ,       1 ,       1 ,       1 ,       1 ,       1 ,       1
25.0267  ,0.05 , 4.005 ,     0 ,0.289869 ,-0        ,         0 ,-0       ,4.38048 ,-0.273777 ,0.0213025   ,4.175   ,-0.325    ,0.105686    ,3.68049  ,-0.273888 ,0.0211284   ,4.475   ,0.275     ,0.105686    ,4.07327 ,0.315858  ,0.106592    ,3.775    ,0.275    ,0           ,0.111244    ,1.69442     ,1.35136     ,0.528589   ,0.890158    ,0.86628    ,0.151562  ,1.73295     ,1.33308     ,0.508704   ,0.8896       ,0.898773    ,0.0827669   ,1.01343     ,0.664071    ,0.605832    ,1.85273     ,1.5249      ,0.00486418   ,-0.120014    ,-0.135929   ,nan          ,nan          ,nan          ,0.00562983   ,-0.116922    ,-0.137337   ,nan          ,nan          ,nan          ,-0.0185269   ,-0.116694    ,-0.117938    ,nan          ,nan          ,nan         ,0.0213025   ,8.60177e-09  ,0.0211284    ,-0.00073286  ,0.0207591    ,0            ,       0 ,       1 ,       0 ,       1 ,       0 ,       1
25.067   ,0.1  , 4.01  ,     0 ,0.289869 ,-0        ,         0 ,-0       ,4.38685 ,-0.270541 ,0.0407255   ,4.175   ,-0.325    ,0.105686    ,3.6869   ,-0.270986 ,0.0405558   ,4.475   ,0.275     ,0.105686    ,4.07439 ,0.306698  ,0.121964    ,3.775    ,0.275    ,0           ,0.11991     ,1.55475     ,1.19531     ,0.510785   ,0.891256    ,0.852175   ,0.161476  ,1.59901     ,1.17642     ,0.491253   ,0.889534     ,0.884373    ,0.0645766   ,0.862525    ,0.518647    ,0.585062    ,1.85697     ,1.52213     ,0.00921706   ,-0.108284    ,-0.11921    ,nan          ,nan          ,nan          ,0.0106666    ,-0.104575    ,-0.121752   ,nan          ,nan          ,nan          ,-0.00922196  ,-0.112027    ,-0.10272     ,nan          ,nan          ,nan         ,0.0460058   ,8.60177e-09  ,0.0405558    ,-0.00073286  ,0.0351411    ,0            ,       0 ,       1 ,       0 ,       1 ,       0 ,       1
25.1066  ,0.15 , 4.015 ,     0 ,0.289869 ,-0        ,         0 ,-0       ,4.39397 ,-0.26595  ,0.0578083   ,4.175   ,-0.325    ,0.105686    ,3.69411  ,-0.266932 ,0.057838    ,4.475   ,0.275     ,0.105686    ,4.07777 ,0.298004  ,0.133853    ,3.775    ,0.275    ,0           ,0.133587    ,1.42957     ,1.05962     ,0.492546   ,0.892877    ,0.838639   ,0.177123  ,1.48005     ,1.03858     ,0.473401   ,0.889936     ,0.870519    ,0.0580417   ,0.718574    ,0.393071    ,0.563828    ,1.86101     ,1.51962     ,0.0130577    ,-0.0963482   ,-0.102655   ,nan          ,nan          ,nan          ,0.0151112    ,-0.0921409   ,-0.106215   ,nan          ,nan          ,nan          ,-0.000846168 ,-0.106139    ,-0.0878289   ,nan          ,nan          ,nan         ,0.0605993   ,8.60177e-09  ,0.057838     ,-0.00073286  ,0.0351982    ,0            ,       0 ,       1 ,       0 ,       1 ,       0 ,       1
25.1468  ,0.2  , 4.02  ,     0 ,0.289869 ,-0        ,         0 ,-0       ,4.40173 ,-0.260639 ,0.0723136   ,4.175   ,-0.325    ,0.105686    ,3.70197  ,-0.262325 ,0.0727296   ,4.475   ,0.275     ,0.105686    ,4.08292 ,0.290237  ,0.142434    ,3.775    ,0.275    ,0           ,0.151649    ,1.3191      ,0.94408     ,0.473864   ,0.895011    ,0.825673   ,0.197787  ,1.37619     ,0.919497    ,0.455145   ,0.890798     ,0.857211    ,0.061937    ,0.583188    ,0.286911    ,0.542135    ,1.86482     ,1.51738     ,0.016386     ,-0.0842058   ,-0.0862635  ,nan          ,nan          ,nan          ,0.0189638    ,-0.0796197   ,-0.0907236  ,nan          ,nan          ,nan          ,0.00660046   ,-0.0990319   ,-0.0732658   ,nan          ,nan          ,nan         ,0.0723136   ,8.60177e-09  ,0.0727296    ,-0.00073286  ,0.0434815    ,0            ,       0 ,       1 ,       0 ,       1 ,       0 ,       1
25.1868  ,0.25 , 4.025 ,     0 ,0.289869 ,-0        ,         0 ,-0       ,4.41002 ,-0.255185 ,0.0841784   ,4.175   ,-0.325    ,0.105686    ,3.71039  ,-0.257689 ,0.0851371   ,4.475   ,0.275     ,0.105686    ,4.08946 ,0.28379   ,0.14811     ,3.775    ,0.275    ,0           ,0.173469    ,1.22362     ,0.848492    ,0.454735   ,0.897647    ,0.81328    ,0.222752  ,1.28751     ,0.819125    ,0.43648    ,0.892109     ,0.844451    ,0.0750377   ,0.457977    ,0.199736    ,0.519996    ,1.86838     ,1.51538     ,0.0192021    ,-0.0718572   ,-0.0700366  ,nan          ,nan          ,nan          ,0.0222244    ,-0.0670115   ,-0.0752795  ,nan          ,nan          ,nan          ,0.0131179    ,-0.0907045   ,-0.0590301   ,nan          ,nan          ,nan         ,0.0831816   ,8.60177e-09  ,0.0837473    ,-0.00073286  ,0.0488335    ,0            ,       0 ,       1 ,       0 ,       1 ,       0 ,       1
25.2265  ,0.3  , 4.03  ,     0 ,0.289869 ,-0        ,         0 ,-0       ,4.41877 ,-0.250082 ,0.0934625   ,4.175   ,-0.325    ,0.105686    ,3.71929  ,-0.253457 ,0.0950713   ,4.475   ,0.275     ,0.105686    ,4.09715 ,0.278955  ,0.151438    ,3.775    ,0.275    ,0           ,0.198422    ,1.14338     ,0.772655    ,0.435154   ,0.900772    ,0.801459   ,0.251302  ,1.21414     ,0.737401    ,0.417404   ,0.893855     ,0.832239    ,0.0961187   ,0.34455     ,0.131114    ,0.497423    ,1.87168     ,1.5136      ,0.0215059    ,-0.0593022   ,-0.0539739  ,nan          ,nan          ,nan          ,0.0248929    ,-0.0543162   ,-0.0598823  ,nan          ,nan          ,nan          ,0.0187062    ,-0.0811569   ,-0.045122    ,nan          ,nan          ,nan         ,0.0930413   ,8.60177e-09  ,0.091301     ,-0.00073286  ,0.0515971    ,0            ,       0 ,       1 ,       0 ,       1 ,       0 ,       1
25.2666  ,0.35 , 4.035 ,     0 ,0.289869 ,-0        ,         0 ,-0       ,4.42798 ,-0.245729 ,0.100301    ,4.175   ,-0.325    ,0.105686    ,3.72866  ,-0.249965 ,0.102605    ,4.475   ,0.275     ,0.105686    ,4.10585 ,0.275888  ,0.153056    ,3.775    ,0.275    ,0           ,0.225879    ,1.07861     ,0.716368    ,0.415116   ,0.904367    ,0.790211   ,0.282721  ,1.15617     ,0.674269    ,0.397915   ,0.896021     ,0.820574    ,0.123955    ,0.244515    ,0.0806121   ,0.47443     ,1.87468     ,1.51205     ,0.0232975    ,-0.046541    ,-0.0380753  ,nan          ,nan          ,nan          ,0.0269693    ,-0.0415338   ,-0.044532   ,nan          ,nan          ,nan          ,0.0233653    ,-0.0703893   ,-0.0315413   ,nan          ,nan          ,nan         ,0.100994    ,8.60177e-09  ,0.0971696    ,-0.00073286  ,0.0540511    ,0            ,       0 ,       1 ,       0 ,       1 ,       0 ,       1
25.3066  ,0.4  , 4.04  ,     0 ,0.289869 ,-0        ,         0 ,-0       ,4.43767 ,-0.242427 ,0.104864    ,4.175   ,-0.325    ,0.105686    ,3.73851  ,-0.24745  ,0.107839    ,4.475   ,0.275     ,0.105686    ,4.11552 ,0.274607  ,0.153609    ,3.775    ,0.275    ,0           ,0.255214    ,1.02959     ,0.679429    ,0.394618   ,0.908412    ,0.779534   ,0.316293  ,1.11372     ,0.629673    ,0.37801    ,0.89859      ,0.809455    ,0.157321    ,0.15948     ,0.0477999   ,0.451034    ,1.87737     ,1.51071     ,0.0245767    ,-0.0335735   ,-0.022341   ,nan          ,nan          ,nan          ,0.0284536    ,-0.0286643   ,-0.0292285  ,nan          ,nan          ,nan          ,0.0270953    ,-0.0584016   ,-0.0182881   ,nan          ,nan          ,nan         ,0.107187    ,8.60177e-09  ,0.100132     ,-0.00073286  ,0.0541193    ,0            ,       0 ,       1 ,       0 ,       1 ,       0 ,       1
25.347   ,0.45 , 4.045 ,     0 ,0.289869 ,-0        ,         0 ,-0       ,4.44789 ,-0.24038  ,0.10732     ,4.175   ,-0.325    ,0.105686    ,3.74888  ,-0.246054 ,0.110871    ,4.475   ,0.275     ,0.105686    ,4.1262  ,0.274999  ,0.153676    ,3.775    ,0.275    ,0           ,0.285802    ,0.996553    ,0.661639    ,0.37366    ,0.912884    ,0.769424   ,0.351303  ,1.08688     ,0.603556    ,0.357691   ,0.90154      ,0.798879    ,0.194993    ,0.0910549   ,0.0322452   ,0.427256    ,1.87974     ,1.50956     ,0.0253438    ,-0.0203997   ,-0.00677086 ,nan          ,nan          ,nan          ,0.0293459    ,-0.0157078   ,-0.0139718  ,nan          ,nan          ,nan          ,0.0298961    ,-0.0451938   ,-0.00536243  ,nan          ,nan          ,nan         ,0.111771    ,8.60177e-09  ,0.103053     ,-0.00073286  ,0.0534776    ,0            ,       0 ,       1 ,       0 ,       1 ,       0 ,       1
25.3869  ,0.5  , 4.05  ,     0 ,0.289869 ,-0        ,         0 ,-0       ,4.4587  ,-0.239698 ,0.107809    ,4.175   ,-0.325    ,0.105686    ,3.75982  ,-0.245832 ,0.111778    ,4.475   ,0.275     ,0.105686    ,4.1379  ,0.276852  ,0.153711    ,3.775    ,0.275    ,0           ,0.317014    ,0.97976     ,0.662796    ,0.35224    ,0.917756    ,0.759877   ,0.387033  ,1.07576     ,0.59586     ,0.336958   ,0.904849     ,0.788843    ,0.235744    ,0.0408472   ,0.0335162   ,0.403117    ,1.88177     ,1.50861     ,0.0255985    ,-0.00701962  ,0.0086351   ,nan          ,nan          ,nan          ,0.0296462    ,-0.0026641   ,0.00123799  ,nan          ,nan          ,nan          ,0.0317682    ,-0.0307668   ,0.00723648   ,nan          ,nan          ,nan         ,0.107809    ,8.60177e-09  ,0.108833     ,-0.00073286  ,0.0524919    ,0            ,       0 ,       1 ,       0 ,       1 ,       0 ,       1
25.4267  ,0.55 , 4.055 ,     0 ,0.289869 ,-0        ,         0 ,-0       ,4.47015 ,-0.240407 ,0.106426    ,4.175   ,-0.325    ,0.105686    ,3.77136  ,-0.246762 ,0.110603    ,4.475   ,0.275     ,0.105686    ,4.15063 ,0.279905  ,0.153999    ,3.775    ,0.275    ,0           ,0.348225    ,0.979464    ,0.682699    ,0.33036    ,0.922998    ,0.750887   ,0.422769  ,1.08047     ,0.606539    ,0.315814   ,0.908491     ,0.779341    ,0.278357    ,0.0104561   ,0.0511892   ,0.378641    ,1.88345     ,1.50784     ,0.0253413    ,0.00657102   ,0.0238749   ,nan          ,nan          ,nan          ,0.0293535    ,0.0104562    ,0.0164219   ,nan          ,nan          ,nan          ,0.0327198    ,-0.0151354   ,0.0195213    ,nan          ,nan          ,nan         ,0.106426    ,8.60177e-09  ,0.110682     ,-0.00073286  ,0.0557272    ,0            ,       0 ,       1 ,       0 ,       1 ,       0 ,       1
25.467   ,0.6  , 4.06  ,     0 ,0.289869 ,-0        ,         0 ,-0       ,4.48225 ,-0.242452 ,0.103202    ,4.175   ,-0.325    ,0.105686    ,3.7835   ,-0.24876  ,0.107342    ,4.475   ,0.275     ,0.105686    ,4.16434 ,0.2839    ,0.154619    ,3.775    ,0.275    ,0           ,0.378808    ,0.995926    ,0.721142    ,0.308023   ,0.928575    ,0.742446   ,0.457791  ,1.10108     ,0.635578    ,0.294263   ,0.912437     ,0.77037     ,0.321619    ,0.00146431  ,0.0848549   ,0.353854    ,1.88477     ,1.50725     ,0.0245724    ,0.0203772    ,0.0389461   ,nan          ,nan          ,nan          ,0.028467     ,0.0236431    ,0.0315999   ,nan          ,nan          ,nan          ,0.0327541    ,0.00169494   ,0.0314967    ,nan          ,nan          ,nan         ,0.103202    ,8.60177e-09  ,0.111526     ,-0.00073286  ,0.0549307    ,0            ,       0 ,       1 ,       0 ,       1 ,       0 ,       1
25.5069  ,0.65 , 4.065 ,     0 ,0.289869 ,-0        ,         0 ,-0       ,4.49494 ,-0.245702 ,0.098104    ,4.175   ,-0.325    ,0.105686    ,3.7962   ,-0.251683 ,0.101949    ,4.475   ,0.275     ,0.105686    ,4.17894 ,0.288618  ,0.155429    ,3.775    ,0.275    ,0           ,0.408137    ,1.02941     ,0.777919    ,0.285233   ,0.934452    ,0.734546   ,0.491382  ,1.13768     ,0.682968    ,0.27231    ,0.916656     ,0.76192     ,0.364321    ,0.0154524   ,0.134105    ,0.328786    ,1.88572     ,1.50683     ,0.0232918    ,0.034399     ,0.0538488   ,nan          ,nan          ,nan          ,0.0269867    ,0.0368967    ,0.0467721   ,nan          ,nan          ,nan          ,0.0318709    ,0.0197242    ,0.0431625    ,nan          ,nan          ,nan         ,0.098104    ,8.60177e-09  ,0.101949     ,-0.00073286  ,0.0541689    ,0            ,       0 ,       1 ,       0 ,       1 ,       0 ,       1
25.5468  ,0.7  , 4.07  ,     0 ,0.289869 ,-0        ,         0 ,-0       ,4.50811 ,-0.249957 ,0.0910361   ,4.175   ,-0.325    ,0.105686    ,3.8093   ,-0.255332 ,0.0943481   ,4.475   ,0.275     ,0.105686    ,4.19424 ,0.293903  ,0.156043    ,3.775    ,0.275    ,0           ,0.435587    ,1.08018     ,0.852825    ,0.261997   ,0.940586    ,0.727176   ,0.522824  ,1.19035     ,0.748702    ,0.249963   ,0.921115     ,0.753984    ,0.405254    ,0.0540011   ,0.198532    ,0.303464    ,1.88629     ,1.50658     ,0.0214995    ,0.0486363    ,0.068583    ,nan          ,nan          ,nan          ,0.0249127    ,0.0502169    ,0.0619384   ,nan          ,nan          ,nan          ,0.0300702    ,0.0389525    ,0.0545189    ,nan          ,nan          ,nan         ,0.0910361   ,8.60177e-09  ,0.0943481    ,-0.00073286  ,0.0531014    ,0            ,       0 ,       1 ,       0 ,       1 ,       0 ,       1
25.5868  ,0.75 , 4.075 ,     0 ,0.289869 ,-0        ,         0 ,-0       ,4.52152 ,-0.254942 ,0.081852    ,4.175   ,-0.325    ,0.105686    ,3.82256  ,-0.259457 ,0.0844455   ,4.475   ,0.275     ,0.105686    ,4.21001 ,0.299651  ,0.155826    ,3.775    ,0.275    ,0           ,0.460531    ,1.14849     ,0.945652    ,0.238323   ,0.946935    ,0.720325   ,0.551399  ,1.25916     ,0.832775    ,0.227229   ,0.925777     ,0.746553    ,0.443208    ,0.118691    ,0.277727    ,0.277923    ,1.88648     ,1.5065      ,0.0191956    ,0.0630892    ,0.0831486   ,nan          ,nan          ,nan          ,0.0222448    ,0.0636037    ,0.0770989   ,nan          ,nan          ,nan          ,0.0273522    ,0.0593797    ,0.0655658    ,nan          ,nan          ,nan         ,0.081852    ,8.60177e-09  ,0.0844455    ,-0.00073286  ,0.0495058    ,0            ,       0 ,       1 ,       0 ,       1 ,       0 ,       1
25.627   ,0.8  , 4.08  ,     0 ,0.289869 ,-0        ,         0 ,-0       ,4.5348  ,-0.260303 ,0.0703806   ,4.175   ,-0.325    ,0.105686    ,3.83564  ,-0.263762 ,0.072157    ,4.475   ,0.275     ,0.105686    ,4.22588 ,0.305759  ,0.153897    ,3.775    ,0.275    ,0           ,0.482344    ,1.23463     ,1.0562      ,0.214221   ,0.953452    ,0.713977   ,0.576388  ,1.34421     ,0.935178    ,0.204121   ,0.930603     ,0.739616    ,0.476974    ,0.211103    ,0.371283    ,0.252194    ,1.88629     ,1.50658     ,0.0163799    ,0.0777577    ,0.0975458   ,nan          ,nan          ,nan          ,0.0189832    ,0.0770572    ,0.0922534   ,nan          ,nan          ,nan          ,0.0237167    ,0.0810059    ,0.0763033    ,nan          ,nan          ,nan         ,0.0703806   ,8.60177e-09  ,0.072157     ,-0.00073286  ,0.048211     ,0            ,       0 ,       1 ,       0 ,       1 ,       0 ,       1
25.6669  ,0.85 , 4.085 ,     0 ,0.289869 ,-0        ,         0 ,-0       ,4.54747 ,-0.265595 ,0.0564656   ,4.175   ,-0.325    ,0.105686    ,3.84805  ,-0.267901 ,0.0574422   ,4.475   ,0.275     ,0.105686    ,4.24132 ,0.312032  ,0.149147    ,3.775    ,0.275    ,0           ,0.500399    ,1.33883     ,1.18425     ,0.189705   ,0.960089    ,0.708118   ,0.597074  ,1.44557     ,1.0559      ,0.18065    ,0.935553     ,0.733162    ,0.505342    ,0.332819    ,0.478792    ,0.226311    ,1.88572     ,1.50683     ,0.0130527    ,0.0926417    ,0.111774    ,nan          ,nan          ,nan          ,0.0151278    ,0.0905773    ,0.107402    ,nan          ,nan          ,nan          ,0.0191637    ,0.103831     ,0.0867312    ,nan          ,nan          ,nan         ,0.0564656   ,8.60177e-09  ,0.0574422    ,-0.00073286  ,0.0434607    ,0            ,       0 ,       1 ,       0 ,       1 ,       0 ,       1
25.7068  ,0.9  , 4.09  ,     0 ,0.289869 ,-0        ,         0 ,-0       ,4.55889 ,-0.270272 ,0.0400208   ,4.175   ,-0.325    ,0.105686    ,3.85921  ,-0.271475 ,0.0403495   ,4.475   ,0.275     ,0.105686    ,4.25553 ,0.318033  ,0.140313    ,3.775    ,0.275    ,0           ,0.514071    ,1.46138     ,1.3296      ,0.16479    ,0.966793    ,0.702732   ,0.612738  ,1.56332     ,1.19495     ,0.156831   ,0.940586     ,0.727177    ,0.527103    ,0.485417    ,0.599845    ,0.200311    ,1.88477     ,1.50725     ,0.0092137    ,0.107741     ,0.125834    ,nan          ,nan          ,nan          ,0.0106787    ,0.104164     ,0.122545    ,nan          ,nan          ,nan          ,0.0136934    ,0.127855     ,0.0968497    ,nan          ,nan          ,nan         ,0.0400207   ,8.60177e-09  ,0.0403495    ,-0.00073286  ,0.0346267    ,0            ,       1 ,       1 ,       1 ,       1 ,       1 ,       1
25.7468  ,0.95 , 4.095 ,     0 ,0.289869 ,-0        ,         0 ,-0       ,4.56834 ,-0.273669 ,0.021103    ,4.175   ,-0.325    ,0.105686    ,3.86843  ,-0.27402  ,0.0210705   ,4.475   ,0.275     ,0.105686    ,4.2673  ,0.32288   ,0.12614     ,3.775    ,0.275    ,0           ,0.522734    ,1.60253     ,1.49206     ,0.139494   ,0.973512    ,0.697802   ,0.622663  ,1.69754     ,1.3523      ,0.13268    ,0.945657     ,0.721648    ,0.541047    ,0.670481    ,0.734034    ,0.174227    ,1.88345     ,1.50784     ,0.00486306   ,0.123057     ,0.139726    ,nan          ,nan          ,nan          ,0.00563575   ,0.117817     ,0.137682    ,nan          ,nan          ,nan          ,0.00730557   ,0.153078     ,0.106659     ,nan          ,nan          ,nan         ,0.021103    ,8.60177e-09  ,0.0210705    ,-0.00073286  ,0.0204535    ,0            ,       1 ,       1 ,       1 ,       1 ,       1 ,       1
25.7925  ,0    , 4.1   ,     0 ,0.289869 ,-0        ,         0 ,-0       ,4.575   ,-0.275    ,0           ,4.175   ,-0.324998 ,0.105688    ,3.875    ,-0.275    ,0           ,4.475   ,0.274998  ,0.105688    ,4.275   ,0.325     ,0.105686    ,3.775    ,0.274999 ,1.56017e-06 ,0.525761    ,1.76255     ,1.6714      ,0.113838   ,0.980192    ,0.693307   ,0.62613   ,1.84831     ,1.52796     ,0.108217   ,0.950721     ,0.71656     ,0.545964    ,0.889589    ,0.880952    ,0.148098    ,1.88177     ,1.50861     ,nan          ,nan          ,nan         ,-4.50239e-07 ,-0.207802    ,-0.140197    ,nan          ,nan          ,nan         ,0.00135118   ,-0.196399    ,-0.141467    ,nan          ,nan          ,nan          ,1.02599e-06  ,-0.129182    ,-0.152968   ,0           ,1.42741e-06  ,0            ,-0.000731406 ,8.60177e-09  ,1.56017e-06  ,       1 ,       1 ,       1 ,       1 ,       1 ,       1
25.8268  ,0.05 , 4.105 ,     0 ,0.290018 ,-0        ,         0 ,-0       ,4.575   ,-0.275    ,0           ,4.18013 ,-0.319049 ,0.133435    ,3.875    ,-0.275    ,0           ,4.48087 ,0.267403  ,0.128664    ,4.275   ,0.325     ,0.105686    ,3.78048  ,0.273859 ,0.0213253   ,0.508704    ,1.76626     ,1.66085     ,0.118116   ,0.613214    ,0.448024   ,0.605832  ,1.85381     ,1.52616     ,0.116871   ,0.669473     ,0.515014    ,0.528589    ,0.891658    ,0.867252    ,0.151551    ,1.73269     ,1.33265     ,nan          ,nan          ,nan         ,0.00442351   ,-0.181233    ,-0.119998    ,nan          ,nan          ,nan         ,0.0094988    ,-0.16254     ,-0.115773    ,nan          ,nan          ,nan          ,0.00559571   ,-0.11666     ,-0.13721    ,0           ,0.0277485    ,0            ,0.0234761    ,8.60177e-09  ,0.0213253    ,       1 ,       0 ,       1 ,       0 ,       1 ,       0
25.8669  ,0.1  , 4.11  ,     0 ,0.290167 ,-0        ,         0 ,-0       ,4.575   ,-0.275    ,0           ,4.18574 ,-0.306457 ,0.148802    ,3.875    ,-0.275    ,0           ,4.48836 ,0.256049  ,0.142625    ,4.275   ,0.325     ,0.105686    ,3.78688  ,0.27089  ,0.0409206   ,0.491253    ,1.77028     ,1.65087     ,0.130101   ,0.296694    ,0.240112   ,0.585062  ,1.85913     ,1.52465     ,0.137441   ,0.439723     ,0.352527    ,0.510785    ,0.89429     ,0.854142    ,0.161434    ,1.59883     ,1.17577     ,nan          ,nan          ,nan         ,0.00817089   ,-0.154303    ,-0.100574    ,nan          ,nan          ,nan         ,0.016545     ,-0.130739    ,-0.0916655   ,nan          ,nan          ,nan          ,0.010604     ,-0.10408     ,-0.121501   ,0           ,0.043116     ,0            ,0.0381834    ,8.60177e-09  ,0.0461605    ,       1 ,       0 ,       1 ,       0 ,       1 ,       0
25.9068  ,0.15 , 4.115 ,     0 ,0.290315 ,-0        ,         0 ,-0       ,4.575   ,-0.275    ,0           ,4.19197 ,-0.292887 ,0.154353    ,3.875    ,-0.275    ,0           ,4.49719 ,0.244413  ,0.150065    ,4.275   ,0.325     ,0.105686    ,3.79406  ,0.266755 ,0.058343    ,0.473401    ,1.7746      ,1.64145     ,0.148516   ,0.0313155   ,0.068109   ,0.563828  ,1.86425     ,1.52342     ,0.1682     ,0.258242     ,0.226611    ,0.492546    ,0.897477    ,0.841624    ,0.177035    ,1.48026     ,1.03792     ,nan          ,nan          ,nan         ,0.0112417    ,-0.12701     ,-0.0819251   ,nan          ,nan          ,nan         ,0.0224897    ,-0.100996    ,-0.0691448   ,nan          ,nan          ,nan          ,0.015026     ,-0.0914418   ,-0.105842   ,0           ,0.0486665    ,0            ,0.048962     ,8.60177e-09  ,0.0610224    ,       1 ,       0 ,       1 ,       0 ,       1 ,       0
25.9469  ,0.2  , 4.12  ,     0 ,0.290464 ,-0        ,         0 ,-0       ,4.575   ,-0.275    ,0           ,4.19883 ,-0.281126 ,0.15373     ,3.875    ,-0.275    ,0           ,4.50712 ,0.234158  ,0.153465    ,4.275   ,0.325     ,0.105686    ,3.8019   ,0.262071 ,0.073351    ,0.455145    ,1.77919     ,1.63258     ,0.172086   ,-0.18224    ,-0.0694477 ,0.542135  ,1.86913     ,1.52244     ,0.20742    ,0.121802     ,0.134776    ,0.473864    ,0.901209    ,0.829701    ,0.197643    ,1.37705     ,0.919026    ,nan          ,nan          ,nan         ,0.0136359    ,-0.0993558   ,-0.0640513   ,nan          ,nan          ,nan         ,0.027333     ,-0.0733106   ,-0.0482108   ,nan          ,nan          ,nan          ,0.0188616    ,-0.0787445   ,-0.0902321  ,0           ,0.0480433    ,0            ,0.0513351    ,8.60177e-09  ,0.073351     ,       1 ,       0 ,       1 ,       0 ,       1 ,       0
25.987   ,0.25 , 4.125 ,     0 ,0.290613 ,-0        ,         0 ,-0       ,4.575   ,-0.275    ,0           ,4.20624 ,-0.271828 ,0.150287    ,3.875    ,-0.275    ,0           ,4.51803 ,0.225841  ,0.154769    ,4.275   ,0.325     ,0.105686    ,3.81028  ,0.257374 ,0.0858549   ,0.43648     ,1.78404     ,1.62424     ,0.199534   ,-0.343289   ,-0.17402   ,0.519996  ,1.87376     ,1.5217      ,0.253373   ,0.0271755    ,0.0745335   ,0.454735    ,0.905471    ,0.818374    ,0.222548    ,1.28928     ,0.819034    ,nan          ,nan          ,nan         ,0.0153536    ,-0.0713396   ,-0.0469528   ,nan          ,nan          ,nan         ,0.0310748    ,-0.0476831   ,-0.0288637   ,nan          ,nan          ,nan          ,0.0221108    ,-0.0659886   ,-0.0746714  ,0           ,0.0446011    ,0            ,0.0541513    ,8.60177e-09  ,0.0846341    ,       1 ,       0 ,       1 ,       0 ,       1 ,       0
26.0269  ,0.3  , 4.13  ,     0 ,0.290761 ,-0        ,         0 ,-0       ,4.575   ,-0.275    ,0           ,4.21403 ,-0.26447  ,0.146513    ,3.875    ,-0.275    ,0           ,4.52988 ,0.219465  ,0.155257    ,4.275   ,0.325     ,0.105686    ,3.81916  ,0.253103 ,0.0958683   ,0.417404    ,1.7891      ,1.61641     ,0.229584   ,-0.45115    ,-0.24707   ,0.497423  ,1.87811     ,1.52119     ,0.304332   ,-0.0288657   ,0.0433948   ,0.435154    ,0.910248    ,0.807641    ,0.251038    ,1.21701     ,0.737884    ,nan          ,nan          ,nan         ,0.0163946    ,-0.0429616   ,-0.0306294   ,nan          ,nan          ,nan         ,0.0337151    ,-0.0241135   ,-0.0111032   ,nan          ,nan          ,nan          ,0.0247737    ,-0.053174    ,-0.0591601  ,0           ,0.0408267    ,0            ,0.0559384    ,8.60177e-09  ,0.095126     ,       1 ,       0 ,       1 ,       0 ,       1 ,       0
26.0668  ,0.35 , 4.135 ,     0 ,0.29091  ,-0        ,         0 ,-0       ,4.575   ,-0.275    ,0           ,4.22195 ,-0.258203 ,0.143963    ,3.875    ,-0.275    ,0           ,4.54267 ,0.214828  ,0.155601    ,4.275   ,0.325     ,0.105686    ,3.8285   ,0.249598 ,0.103465    ,0.397915    ,1.79438     ,1.60909     ,0.261003   ,-0.505393   ,-0.289993  ,0.47443   ,1.88218     ,1.52091     ,0.358569   ,-0.0495495   ,0.0388707   ,0.415116    ,0.91552     ,0.797502    ,0.282402    ,1.16033     ,0.675516    ,nan          ,nan          ,nan         ,0.0168655    ,-0.0148319   ,-0.0149166   ,nan          ,nan          ,nan         ,0.0352541    ,-0.00260175  ,0.0050704    ,nan          ,nan          ,nan          ,0.0268502    ,-0.0403007   ,-0.0436982  ,0           ,0.0382771    ,0            ,0.0572304    ,8.60177e-09  ,0.103738     ,       1 ,       0 ,       1 ,       0 ,       1 ,       0
26.107   ,0.4  , 4.14  ,     0 ,0.291059 ,-0        ,         0 ,-0       ,4.575   ,-0.275    ,0           ,4.22992 ,-0.252797 ,0.143417    ,3.875    ,-0.275    ,0           ,4.55637 ,0.211701  ,0.15599     ,4.275   ,0.325     ,0.105686    ,3.83833  ,0.247094 ,0.108743    ,0.37801     ,1.79983     ,1.60226     ,0.293087   ,-0.50861    ,-0.303366  ,0.451034  ,1.88593     ,1.52084     ,0.414355   ,-0.0381039   ,0.0584721   ,0.394618    ,0.921263    ,0.787955    ,0.315929    ,1.11928     ,0.63187     ,nan          ,nan          ,nan         ,0.0171209    ,0.0110125    ,0.000734301  ,nan          ,nan          ,nan         ,0.0356916    ,0.0168521    ,0.0196573    ,nan          ,nan          ,nan          ,0.0283404    ,-0.0273689   ,-0.0282857  ,0           ,0.0377308    ,0            ,0.0593838    ,8.60177e-09  ,0.110557     ,       1 ,       0 ,       1 ,       0 ,       1 ,       0
26.147   ,0.45 , 4.145 ,     0 ,0.291208 ,-0        ,         0 ,-0       ,4.575   ,-0.275    ,0           ,4.23815 ,-0.248684 ,0.144998    ,3.875    ,-0.275    ,0           ,4.57098 ,0.209888  ,0.156252    ,4.275   ,0.325     ,0.105686    ,3.84869  ,0.245732 ,0.111798    ,0.357691    ,1.80544     ,1.59591     ,0.325477   ,-0.465386   ,-0.287233  ,0.427256  ,1.88936     ,1.52096     ,0.469965   ,0.00224317   ,0.09971     ,0.37366     ,0.927451    ,0.778994    ,0.350907    ,1.09396     ,0.606886    ,nan          ,nan          ,nan         ,0.0171895    ,0.0344082    ,0.0163675    ,nan          ,nan          ,nan         ,0.0350276    ,0.0342482    ,0.0326574    ,nan          ,nan          ,nan          ,0.0292442    ,-0.0143783   ,-0.0129226  ,0           ,0.0393115    ,0            ,0.0611375    ,8.60177e-09  ,0.115671     ,       1 ,       0 ,       1 ,       0 ,       1 ,       0
26.1867  ,0.5  , 4.15  ,     0 ,0.291356 ,-0        ,         0 ,-0       ,4.575   ,-0.275    ,0           ,4.24698 ,-0.246593 ,0.148239    ,3.875    ,-0.275    ,0           ,4.58641 ,0.209238  ,0.155975    ,4.275   ,0.325     ,0.105686    ,3.85964  ,0.245561 ,0.112704    ,0.336958    ,1.81118     ,1.59002     ,0.357819   ,-0.38034    ,-0.241629  ,0.403117  ,1.89244     ,1.52128     ,0.523668   ,0.0682638    ,0.160095    ,0.35224     ,0.934055    ,0.770614    ,0.386626    ,1.08443     ,0.600505    ,nan          ,nan          ,nan         ,0.0170712    ,0.0553553    ,0.0319829    ,nan          ,nan          ,nan         ,0.0332622    ,0.0495864    ,0.0440707    ,nan          ,nan          ,nan          ,0.0295616    ,-0.00132916  ,0.00239118  ,0           ,0.0425523    ,0            ,0.0620889    ,8.60177e-09  ,0.112704     ,       1 ,       0 ,       1 ,       0 ,       1 ,       0
26.2265  ,0.55 , 4.155 ,     0 ,0.291505 ,-0        ,         0 ,-0       ,4.575   ,-0.275    ,0           ,4.25693 ,-0.247328 ,0.152114    ,3.875    ,-0.275    ,0           ,4.60247 ,0.209626  ,0.154605    ,4.275   ,0.325     ,0.105686    ,3.8712   ,0.246555 ,0.111498    ,0.315814    ,1.81702     ,1.58458     ,0.389762   ,-0.258091   ,-0.166585  ,0.378641  ,1.89518     ,1.52178     ,0.573738   ,0.15673      ,0.23714     ,0.33036     ,0.941041    ,0.762808    ,0.422372    ,1.09076     ,0.612673    ,nan          ,nan          ,nan         ,0.0167661    ,0.0738538    ,0.0475806    ,nan          ,nan          ,nan         ,0.0303906    ,0.0628632    ,0.0539002    ,nan          ,nan          ,nan          ,0.029288     ,0.011771     ,0.0176715   ,0           ,0.0452411    ,0            ,0.0637362    ,8.60177e-09  ,0.111498     ,       1 ,       0 ,       1 ,       0 ,       1 ,       0
26.2665  ,0.6  , 4.16  ,     0 ,0.291654 ,-0        ,         0 ,-0       ,4.575   ,-0.275    ,0           ,4.26854 ,-0.251507 ,0.155101    ,3.875    ,-0.275    ,0           ,4.61884 ,0.210986  ,0.151559    ,4.275   ,0.325     ,0.105686    ,3.88337  ,0.248622 ,0.108173    ,0.294263    ,1.82295     ,1.57957     ,0.420953   ,-0.103257   ,-0.0621379 ,0.353854  ,1.89755     ,1.52246     ,0.618339   ,0.264331     ,0.328421    ,0.308023    ,0.948372    ,0.755567    ,0.457425    ,1.113       ,0.643362    ,nan          ,nan          ,nan         ,0.0162653    ,0.0899073    ,0.0631442    ,nan          ,nan          ,nan         ,0.0262509    ,0.0739574    ,0.0622456    ,nan          ,nan          ,nan          ,0.0284182    ,0.0249139    ,0.0329358   ,0           ,0.0489912    ,0            ,0.062743     ,8.60177e-09  ,0.108173     ,       1 ,       0 ,       1 ,       0 ,       1 ,       0
26.3066  ,0.65 , 4.165 ,     0 ,0.291802 ,-0        ,         0 ,-0       ,4.575   ,-0.275    ,0           ,4.28216 ,-0.259246 ,0.155343    ,3.875    ,-0.275    ,0           ,4.63501 ,0.213365  ,0.146329    ,4.275   ,0.325     ,0.105686    ,3.8961   ,0.251611 ,0.102684    ,0.27231     ,1.82893     ,1.57498     ,0.450793   ,0.0796464   ,0.0712217  ,0.328786  ,1.89956     ,1.52331     ,0.655388   ,0.387577     ,0.431667    ,0.285233    ,0.956008    ,0.748881    ,0.491062    ,1.15121     ,0.692555    ,nan          ,nan          ,nan         ,0.0152654    ,0.103644     ,0.0781057    ,nan          ,nan          ,nan         ,0.0207636    ,0.0828095    ,0.0691559    ,nan          ,nan          ,nan          ,0.0269523    ,0.0380996    ,0.048184    ,0           ,0.0501264    ,0            ,0.0596691    ,8.60177e-09  ,0.102684     ,       1 ,       0 ,       1 ,       0 ,       1 ,       0
26.3469  ,0.7  , 4.17  ,     0 ,0.291951 ,-0        ,         0 ,-0       ,4.575   ,-0.275    ,0           ,4.29761 ,-0.269958 ,0.150945    ,3.875    ,-0.275    ,0           ,4.65028 ,0.216882  ,0.138575    ,4.275   ,0.325     ,0.105686    ,3.90923  ,0.255315 ,0.0949576   ,0.249963    ,1.83493     ,1.5708      ,0.478135   ,0.286335    ,0.231971   ,0.303464  ,1.90119     ,1.52433     ,0.682774   ,0.522949     ,0.544627    ,0.261997    ,0.963905    ,0.742737    ,0.522559    ,1.20543     ,0.76023     ,nan          ,nan          ,nan         ,0.0136166    ,0.115126     ,0.0921844    ,nan          ,nan          ,nan         ,0.0139287    ,0.0894195    ,0.0746312    ,nan          ,nan          ,nan          ,0.0248902    ,0.0513279    ,0.0634161   ,0           ,0.0467433    ,0            ,0.0491241    ,8.60177e-09  ,0.103852     ,       1 ,       0 ,       1 ,       0 ,       1 ,       0
26.3867  ,0.75 , 4.175 ,     0 ,0.2921   ,-0        ,         0 ,-0       ,4.575   ,-0.275    ,0           ,4.31422 ,-0.282549 ,0.140365    ,3.875    ,-0.275    ,0           ,4.66384 ,0.221728  ,0.128188    ,4.275   ,0.325     ,0.105686    ,3.92253  ,0.259481 ,0.0849068   ,0.227229    ,1.84094     ,1.567       ,0.501756   ,0.512559    ,0.418444   ,0.277923  ,1.90244     ,1.52553     ,0.698381   ,0.666932     ,0.66505     ,0.238323    ,0.972017    ,0.73712     ,0.551194    ,1.27573     ,0.84637     ,nan          ,nan          ,nan         ,0.0113188    ,0.124355     ,0.10538      ,nan          ,nan          ,nan         ,0.00574624   ,0.0937874    ,0.0786713    ,nan          ,nan          ,nan          ,0.0222321    ,0.064599     ,0.0786321   ,0           ,0.0392749    ,0            ,0.0441699    ,8.60177e-09  ,0.0932282    ,       1 ,       0 ,       1 ,       0 ,       1 ,       0
26.4268  ,0.8  , 4.18  ,     0 ,0.292248 ,-0        ,         0 ,-0       ,4.575   ,-0.275    ,0           ,4.33086 ,-0.295631 ,0.122764    ,3.875    ,-0.275    ,0           ,4.67478 ,0.228165  ,0.115334    ,4.275   ,0.325     ,0.105686    ,3.93564  ,0.263807 ,0.0724596   ,0.204121    ,1.84692     ,1.56358     ,0.520429   ,0.754065    ,0.628976   ,0.252194  ,1.90332     ,1.52688     ,0.700096   ,0.816007     ,0.790684    ,0.214221    ,0.980294    ,0.732017    ,0.576244    ,1.36214     ,0.950953    ,nan          ,nan          ,nan         ,0.00837198   ,0.131331     ,0.117693     ,nan          ,nan          ,nan         ,-0.00378382  ,0.0959132    ,0.0812763    ,nan          ,nan          ,nan          ,0.0189777    ,0.0779128    ,0.0938321   ,0           ,0.0356221    ,0            ,0.03929      ,8.60177e-09  ,0.0724256    ,       1 ,       0 ,       1 ,       0 ,       1 ,       0
26.4673  ,0.85 , 4.185 ,     0 ,0.292397 ,-0        ,         0 ,-0       ,4.575   ,-0.275    ,0           ,4.34615 ,-0.307722 ,0.0982809   ,3.875    ,-0.275    ,0           ,4.68219 ,0.236491  ,0.100448    ,4.275   ,0.325     ,0.105686    ,3.94806  ,0.267949 ,0.0575934   ,0.18065     ,1.85284     ,1.56052     ,0.533302   ,1.00666     ,0.861794   ,0.226311  ,1.90382     ,1.52841     ,0.685806   ,0.966659     ,0.91928     ,0.189705    ,0.988686    ,0.72741     ,0.596986    ,1.46473     ,1.07396     ,nan          ,nan          ,nan         ,0.00537676   ,0.13614      ,0.128949     ,nan          ,nan          ,nan         ,-0.0146615   ,0.0957969    ,0.0824462    ,nan          ,nan          ,nan          ,0.0151273    ,0.0912693    ,0.109016    ,0           ,0.0416176    ,0            ,0.0318867    ,8.60177e-09  ,0.0575197    ,       1 ,       0 ,       1 ,       0 ,       1 ,       0
26.5069  ,0.9  , 4.19  ,     0 ,0.292546 ,-0        ,         0 ,-0       ,4.575   ,-0.275    ,0           ,4.35894 ,-0.317259 ,0.0681214   ,3.875    ,-0.275    ,0           ,4.68522 ,0.24698   ,0.084187    ,4.275   ,0.325     ,0.105686    ,3.95922  ,0.271509 ,0.0403801   ,0.156831    ,1.85869     ,1.5578      ,0.541092   ,1.26637     ,1.11467    ,0.200311  ,1.90395     ,1.5301      ,0.653395   ,1.11537      ,1.04858     ,0.16479     ,0.997138    ,0.723282    ,0.612696    ,1.58354     ,1.21537     ,nan          ,nan          ,nan         ,0.00298303   ,0.138881     ,0.138956     ,nan          ,nan          ,nan         ,-0.0268867   ,0.0934385    ,0.0821811    ,nan          ,nan          ,nan          ,0.0106807    ,0.104668     ,0.124184    ,0           ,0.0595751    ,0            ,0.0212428    ,8.60177e-09  ,0.0448802    ,       1 ,       1 ,       1 ,       1 ,       1 ,       1
26.5467  ,0.95 , 4.195 ,     0 ,0.292694 ,-0        ,         0 ,-0       ,4.575   ,-0.275    ,0           ,4.36857 ,-0.323124 ,0.0344346   ,3.875    ,-0.275    ,0           ,4.68307 ,0.259812  ,0.06735     ,4.275   ,0.325     ,0.105686    ,3.96844  ,0.274032 ,0.0210402   ,0.13268     ,1.86443     ,1.55541     ,0.544934   ,1.5293      ,1.38524    ,0.174227  ,1.90371     ,1.53197     ,0.600752   ,1.25862      ,1.17635     ,0.139494    ,1.0056      ,0.719612    ,0.622651    ,1.71863     ,1.37517     ,nan          ,nan          ,nan         ,0.00119104   ,0.139552     ,0.147716     ,nan          ,nan          ,nan         ,-0.0404596   ,0.088838     ,0.0804808    ,nan          ,nan          ,nan          ,0.00563791   ,0.11811      ,0.139336    ,0           ,0.0367173    ,0            ,0.0195228    ,8.60177e-09  ,0.0209729    ,       1 ,       1 ,       1 ,       1 ,       1 ,       1
26.6005  ,0    , 4.2   ,     0 ,0.292843 ,-0        ,         0 ,-0       ,4.575   ,-0.274999 ,1.4746e-06  ,4.375   ,-0.325    ,0           ,3.875    ,-0.274999 ,1.54457e-06 ,4.675   ,0.275     ,0.0507843   ,4.275   ,0.324998  ,0.105688    ,3.975    ,0.275    ,0           ,0.108217    ,1.87004     ,1.55334     ,0.545964   ,1.79155     ,1.67116    ,0.148098  ,1.90312     ,1.53401     ,0.525761   ,1.3929       ,1.30032     ,0.113838    ,1.014       ,0.716381    ,0.62613     ,1.87004     ,1.55334     ,-9.7603e-07  ,-0.131595    ,-0.154471   ,nan          ,nan          ,nan          ,1.04198e-06  ,-0.129223    ,-0.154552   ,nan          ,nan          ,nan          ,-4.65967e-07 ,-0.201588    ,-0.139148    ,nan          ,nan          ,nan         ,1.4746e-06  ,0            ,1.54457e-06  ,-0.000392161 ,1.45877e-06  ,0            ,       1 ,       1 ,       1 ,       1 ,       1 ,       1
26.6267  ,0.05 , 4.205 ,     0 ,0.291505 ,-0        ,         0 ,-0       ,4.58051 ,-0.27402  ,0.0199473   ,4.375   ,-0.325    ,0           ,3.88028  ,-0.274098 ,0.0188199   ,4.675   ,0.275     ,0.0507843   ,4.28023 ,0.322239  ,0.125389    ,3.975    ,0.275    ,0           ,0.111264    ,1.71592     ,1.3757      ,0.528589   ,1.78475     ,1.64837    ,0.150265  ,1.76088     ,1.36512     ,0.508704   ,1.38493      ,1.2785      ,0.11669     ,0.755552    ,0.541109    ,0.605832    ,1.86465     ,1.53883     ,0.00493764   ,-0.12249     ,-0.138501   ,nan          ,nan          ,nan          ,0.00372787   ,-0.118373    ,-0.139492   ,nan          ,nan          ,nan          ,0.00419491   ,-0.184368    ,-0.122678    ,nan          ,nan          ,nan         ,0.0199473   ,0            ,0.0188199    ,-0.000392161 ,0.019703     ,0            ,       0 ,       1 ,       0 ,       1 ,       0 ,       1
26.667   ,0.1  , 4.21  ,     0 ,0.290167 ,-0        ,         0 ,-0       ,4.58696 ,-0.271342 ,0.0383372   ,4.375   ,-0.325    ,0           ,3.8861   ,-0.271702 ,0.0362137   ,4.675   ,0.275     ,0.0507843   ,4.286   ,0.315833  ,0.138948    ,3.975    ,0.275    ,0           ,0.119982    ,1.57313     ,1.21734     ,0.510785   ,1.77835     ,1.62624    ,0.156563  ,1.6312      ,1.21346     ,0.491253   ,1.37725      ,1.25718     ,0.124898    ,0.52026     ,0.387621    ,0.585062    ,1.85913     ,1.52465     ,0.00935252   ,-0.11292     ,-0.122664   ,nan          ,nan          ,nan          ,0.00719332   ,-0.107355    ,-0.12455    ,nan          ,nan          ,nan          ,0.00799751   ,-0.167002    ,-0.106614    ,nan          ,nan          ,nan         ,0.0383372   ,0            ,0.0362137    ,-0.000392161 ,0.0332622    ,0            ,       0 ,       1 ,       0 ,       1 ,       0 ,       1
26.7066  ,0.15 , 4.215 ,     0 ,0.288828 ,-0        ,         0 ,-0       ,4.5942  ,-0.267412 ,0.0546507   ,4.375   ,-0.325    ,0           ,3.89243  ,-0.26829  ,0.0517599   ,4.675   ,0.275     ,0.0507843   ,4.29235 ,0.308121  ,0.146968    ,3.975    ,0.275    ,0           ,0.133737    ,1.44222     ,1.07812     ,0.492546   ,1.77231     ,1.60476    ,0.166693  ,1.51427     ,1.0789      ,0.473401   ,1.36984      ,1.23636     ,0.137935    ,0.308323    ,0.255373    ,0.563827    ,1.85345     ,1.5108      ,0.0132437    ,-0.102884    ,-0.10696    ,nan          ,nan          ,nan          ,0.0103974    ,-0.0961689   ,-0.109726   ,nan          ,nan          ,nan          ,0.0114073    ,-0.149489    ,-0.090958    ,nan          ,nan          ,nan         ,0.0546507   ,0            ,0.0517599    ,-0.000392161 ,0.0412812    ,0            ,       0 ,       1 ,       0 ,       1 ,       0 ,       1
26.747   ,0.2  , 4.22  ,     0 ,0.28749  ,-0        ,         0 ,-0       ,4.60209 ,-0.262715 ,0.0685817   ,4.375   ,-0.325    ,0           ,3.89923  ,-0.264332 ,0.0652055   ,4.675   ,0.275     ,0.0507843   ,4.29932 ,0.300751  ,0.150567    ,3.975    ,0.275    ,0           ,0.151893    ,1.32377     ,0.957855    ,0.473864   ,1.76663     ,1.58389    ,0.180353  ,1.4103      ,0.961297    ,0.455145   ,1.36267      ,1.21603     ,0.155276    ,0.119935    ,0.143819    ,0.542135    ,1.84759     ,1.49725     ,0.0166111    ,-0.0923836   ,-0.0913895  ,nan          ,nan          ,nan          ,0.0133401    ,-0.0848152   ,-0.0950194  ,nan          ,nan          ,nan          ,0.0144244    ,-0.131831    ,-0.0757085   ,nan          ,nan          ,nan         ,0.0685817   ,0            ,0.0652055    ,-0.000392161 ,0.0448804    ,0            ,       0 ,       1 ,       0 ,       1 ,       0 ,       1
26.787   ,0.25 , 4.225 ,     0 ,0.286152 ,-0        ,         0 ,-0       ,4.61053 ,-0.257737 ,0.0800046   ,4.375   ,-0.325    ,0           ,3.90646  ,-0.260258 ,0.0764334   ,4.675   ,0.275     ,0.0507843   ,4.30692 ,0.294701  ,0.15106     ,3.975    ,0.275    ,0           ,0.173816    ,1.21833     ,0.856395    ,0.454735   ,1.76127     ,1.56362    ,0.197244  ,1.31946     ,0.860526    ,0.43648    ,1.35575      ,1.19616     ,0.176394    ,-0.044707   ,0.0524152   ,0.519996    ,1.84151     ,1.48399     ,0.0194548    ,-0.0814177   ,-0.0759519  ,nan          ,nan          ,nan          ,0.0160214    ,-0.0732938   ,-0.0804309  ,nan          ,nan          ,nan          ,0.0170486    ,-0.114027    ,-0.0608658   ,nan          ,nan          ,nan         ,0.0800047   ,0            ,0.0764334    ,-0.000392161 ,0.0440797    ,0            ,       0 ,       1 ,       0 ,       1 ,       0 ,       1
26.8268  ,0.3  , 4.23  ,     0 ,0.284814 ,-0        ,         0 ,-0       ,4.61943 ,-0.252924 ,0.0889351   ,4.375   ,-0.325    ,0           ,3.91413  ,-0.256443 ,0.0854275   ,4.675   ,0.275     ,0.0507843   ,4.3152  ,0.290394  ,0.14972     ,3.975    ,0.275    ,0           ,0.19887     ,1.12647     ,0.773577    ,0.435154   ,1.7562      ,1.54392    ,0.217065  ,1.24196     ,0.776447    ,0.417404   ,1.34903      ,1.17677     ,0.200763    ,-0.185408   ,-0.0193842  ,0.497423    ,1.83518     ,1.47101     ,0.0217747    ,-0.0699867   ,-0.0606474  ,nan          ,nan          ,nan          ,0.0184413    ,-0.0616047   ,-0.0659602  ,nan          ,nan          ,nan          ,0.0192801    ,-0.0960767   ,-0.0464299   ,nan          ,nan          ,nan         ,0.0889351   ,0            ,0.0854275    ,-0.000392161 ,0.0430228    ,0            ,       0 ,       1 ,       0 ,       1 ,       0 ,       1
26.8666  ,0.35 , 4.235 ,     0 ,0.283475 ,-0        ,         0 ,-0       ,4.62876 ,-0.248666 ,0.0954877   ,4.375   ,-0.325    ,0           ,3.92222  ,-0.25319  ,0.0922399   ,4.675   ,0.275     ,0.0507843   ,4.32421 ,0.287854  ,0.147639    ,3.975    ,0.275    ,0           ,0.22642     ,1.04876     ,0.709239    ,0.415116   ,1.75139     ,1.52477    ,0.239516  ,1.17798     ,0.708925    ,0.397915   ,1.34251      ,1.15782     ,0.227858    ,-0.301972   ,-0.0721236  ,0.47443     ,1.82859     ,1.45829     ,0.023571     ,-0.0580904   ,-0.0454761  ,nan          ,nan          ,nan          ,0.0205998    ,-0.0497478   ,-0.0516074  ,nan          ,nan          ,nan          ,0.0211188    ,-0.0779803   ,-0.0324009   ,nan          ,nan          ,nan         ,0.0954878   ,0            ,0.0922399    ,-0.000392161 ,0.0411084    ,0            ,       0 ,       1 ,       0 ,       1 ,       0 ,       1
26.9071  ,0.4  , 4.24  ,     0 ,0.282137 ,-0        ,         0 ,-0       ,4.63853 ,-0.245276 ,0.099835    ,4.375   ,-0.325    ,0           ,3.93078  ,-0.250726 ,0.0969607   ,4.675   ,0.275     ,0.0507843   ,4.33394 ,0.286861  ,0.145656    ,3.975    ,0.275    ,0           ,0.25583     ,0.98576     ,0.66322     ,0.394618   ,1.74683     ,1.50616    ,0.264297  ,1.12771     ,0.657825    ,0.37801    ,1.33615      ,1.13932     ,0.257152    ,-0.394204   ,-0.106348   ,0.451034    ,1.8217      ,1.44583     ,0.0248435    ,-0.0457289   ,-0.0304378  ,nan          ,nan          ,nan          ,0.0224969    ,-0.0377231   ,-0.0373725  ,nan          ,nan          ,nan          ,0.0225648    ,-0.0597379   ,-0.0187787   ,nan          ,nan          ,nan         ,0.099835    ,0            ,0.0969607    ,-0.000392161 ,0.0391912    ,0            ,       0 ,       1 ,       0 ,       1 ,       0 ,       1
26.947   ,0.45 , 4.245 ,     0 ,0.280799 ,-0        ,         0 ,-0       ,4.64878 ,-0.242983 ,0.102168    ,4.375   ,-0.325    ,0           ,3.93984  ,-0.249202 ,0.0996928   ,4.675   ,0.275     ,0.0507843   ,4.3444  ,0.287091  ,0.144347    ,3.975    ,0.275    ,0           ,0.286467    ,0.938032    ,0.635357    ,0.37366    ,1.74249     ,1.48806    ,0.291107  ,1.09136     ,0.62301     ,0.357691   ,1.32995      ,1.12125     ,0.28812     ,-0.461908   ,-0.122602   ,0.427256    ,1.8145      ,1.4336      ,0.0255922    ,-0.0329022   ,-0.0155327  ,nan          ,nan          ,nan          ,0.0241327    ,-0.0255306   ,-0.0232554  ,nan          ,nan          ,nan          ,0.0236179    ,-0.0413494   ,-0.00556343  ,nan          ,nan          ,nan         ,0.102168    ,0            ,0.0996929    ,-0.000392161 ,0.0378666    ,0            ,       0 ,       1 ,       0 ,       1 ,       0 ,       1
26.987   ,0.5  , 4.25  ,     0 ,0.279461 ,-0        ,         0 ,-0       ,4.65957 ,-0.241933 ,0.102664    ,4.375   ,-0.325    ,0           ,3.94948  ,-0.248692 ,0.100532    ,4.675   ,0.275     ,0.0507843   ,4.35553 ,0.288221  ,0.144033    ,3.975    ,0.275    ,0           ,0.317694    ,0.906143    ,0.625491    ,0.35224    ,1.73833     ,1.47046    ,0.319646  ,1.06912     ,0.604346    ,0.336958   ,1.32386      ,1.10361     ,0.320233    ,-0.504883   ,-0.12143    ,0.403117    ,1.80696     ,1.42161     ,0.0258177    ,-0.0196106   ,-0.00076105 ,nan          ,nan          ,nan          ,0.0255064    ,-0.0131697   ,-0.00925155 ,nan          ,nan          ,nan          ,0.0242686    ,-0.022777    ,0.0072452    ,nan          ,nan          ,nan         ,0.102664    ,0            ,0.100532     ,-0.000392161 ,0.0379836    ,0            ,       0 ,       1 ,       0 ,       1 ,       0 ,       1
27.0268  ,0.55 , 4.255 ,     0 ,0.278123 ,-0        ,         0 ,-0       ,4.67093 ,-0.242188 ,0.101456    ,4.375   ,-0.325    ,0           ,3.95974  ,-0.249211 ,0.09954     ,4.675   ,0.275     ,0.0507843   ,4.36725 ,0.289983  ,0.144804    ,3.975    ,0.275    ,0           ,0.348881    ,0.890651    ,0.633454    ,0.33036    ,1.73432     ,1.45334    ,0.349601  ,1.06118     ,0.601786    ,0.315814   ,1.31788      ,1.08638     ,0.352879    ,-0.52259    ,-0.103377   ,0.378641    ,1.79907     ,1.40984     ,0.0255295    ,-0.00586142  ,0.0138697   ,nan          ,nan          ,nan          ,0.0265926    ,-0.000613085 ,0.0048224   ,nan          ,nan          ,nan          ,0.0243913    ,-0.00353029  ,0.0196494    ,nan          ,nan          ,nan         ,0.101456    ,0            ,0.103434     ,-0.000392161 ,0.0387066    ,0            ,       0 ,       1 ,       0 ,       1 ,       0 ,       1
27.0669  ,0.6  , 4.26  ,     0 ,0.276784 ,-0        ,         0 ,-0       ,4.68288 ,-0.243736 ,0.0986099   ,4.375   ,-0.325    ,0           ,3.9707   ,-0.250742 ,0.0967258   ,4.675   ,0.275     ,0.0507843   ,4.37946 ,0.292198  ,0.146525    ,3.975    ,0.275    ,0           ,0.37941     ,0.892109    ,0.659074    ,0.308023   ,1.73045     ,1.43667    ,0.380632  ,1.06779     ,0.61549     ,0.294263   ,1.31196      ,1.06956     ,0.38531     ,-0.51397    ,-0.0689821  ,0.353854    ,1.7908      ,1.39829     ,0.0247316    ,0.00834229   ,0.0283563   ,nan          ,nan          ,nan          ,0.0273781    ,0.0121534    ,0.0190613   ,nan          ,nan          ,nan          ,0.0239474    ,0.0165412    ,0.0316498    ,nan          ,nan          ,nan         ,0.09861     ,0            ,0.098371     ,-0.000392161 ,0.0403668    ,0            ,       0 ,       1 ,       0 ,       1 ,       0 ,       1
27.1068  ,0.65 , 4.265 ,     0 ,0.275446 ,-0        ,         0 ,-0       ,4.6954  ,-0.246489 ,0.094111    ,4.375   ,-0.325    ,0           ,3.98237  ,-0.253199 ,0.0920562   ,4.675   ,0.275     ,0.0507843   ,4.39206 ,0.294834  ,0.14885     ,3.975    ,0.275    ,0           ,0.408662    ,0.911069    ,0.702175    ,0.285233   ,1.72667     ,1.42045    ,0.412393  ,1.08919     ,0.645646    ,0.27231    ,1.30608      ,1.05312     ,0.416766    ,-0.477918   ,-0.0187867  ,0.328786    ,1.78213     ,1.38695     ,0.0234241    ,0.0230006    ,0.0426989   ,nan          ,nan          ,nan          ,0.027863     ,0.0251296    ,0.033465    ,nan          ,nan          ,nan          ,0.0229369    ,0.0374375    ,0.0432465    ,nan          ,nan          ,nan         ,0.0941111   ,0            ,0.0915934    ,-0.000392161 ,0.0426196    ,0            ,       0 ,       1 ,       0 ,       1 ,       0 ,       1
27.1469  ,0.7  , 4.27  ,     0 ,0.274108 ,-0        ,         0 ,-0       ,4.70837 ,-0.250293 ,0.0878537   ,4.375   ,-0.325    ,0           ,3.99478  ,-0.256429 ,0.0854608   ,4.675   ,0.275     ,0.0507843   ,4.40495 ,0.297984  ,0.15122     ,3.975    ,0.275    ,0           ,0.43602     ,0.948082    ,0.762583    ,0.261997   ,1.72296     ,1.40465    ,0.444537  ,1.12561     ,0.692445    ,0.249963   ,1.30022      ,1.03707     ,0.446491    ,-0.41333    ,0.0466685   ,0.303464    ,1.77307     ,1.37582     ,0.0216069    ,0.0381134    ,0.0568975   ,nan          ,nan          ,nan          ,0.0280471    ,0.0383157    ,0.0480336   ,nan          ,nan          ,nan          ,0.0213599    ,0.0591587    ,0.0544395    ,nan          ,nan          ,nan         ,0.0878537   ,0            ,0.083043     ,-0.000392161 ,0.0449025    ,0            ,       0 ,       1 ,       0 ,       1 ,       0 ,       1
27.1867  ,0.75 , 4.275 ,     0 ,0.27277  ,-0        ,         0 ,-0       ,4.72159 ,-0.254918 ,0.079645    ,4.375   ,-0.325    ,0           ,4.00785  ,-0.260211 ,0.0768379   ,4.675   ,0.275     ,0.0507843   ,4.41808 ,0.301816  ,0.152839    ,3.975    ,0.275    ,0           ,0.460865    ,1.0037      ,0.840124    ,0.238323   ,1.71928     ,1.38926    ,0.476721  ,1.1773      ,0.756075    ,0.227229   ,1.29434      ,1.02139     ,0.473724    ,-0.3191     ,0.126843    ,0.277923    ,1.76359     ,1.3649      ,0.01928      ,0.0536808    ,0.070952    ,nan          ,nan          ,nan          ,0.0279305    ,0.0517115    ,0.0627672   ,nan          ,nan          ,nan          ,0.0192163    ,0.0817045    ,0.0652287    ,nan          ,nan          ,nan         ,0.079645    ,0            ,0.0792633    ,-0.000392161 ,0.0471531    ,0            ,       0 ,       1 ,       0 ,       1 ,       0 ,       1
27.2265  ,0.8  , 4.28  ,     0 ,0.271431 ,-0        ,         0 ,-0       ,4.73473 ,-0.26005  ,0.0692198   ,4.375   ,-0.325    ,0           ,4.02147  ,-0.264253 ,0.0660679   ,4.675   ,0.275     ,0.0507843   ,4.43134 ,0.306466  ,0.152656    ,3.975    ,0.275    ,0           ,0.482578    ,1.07847     ,0.934622    ,0.214221   ,1.7156      ,1.37426    ,0.508598  ,1.24451     ,0.836727    ,0.204121   ,1.2884       ,1.00608     ,0.497706    ,-0.194125   ,0.221196    ,0.252194    ,1.75368     ,1.35418     ,0.0164435    ,0.0697027    ,0.0848624   ,nan          ,nan          ,nan          ,0.0275133    ,0.0653172    ,0.0776656   ,nan          ,nan          ,nan          ,0.0165062    ,0.105075     ,0.0756141    ,nan          ,nan          ,nan         ,0.0692198   ,0            ,0.0629336    ,-0.000392161 ,0.0469702    ,0            ,       0 ,       1 ,       0 ,       1 ,       0 ,       1
27.2669  ,0.85 , 4.285 ,     0 ,0.270093 ,-0        ,         0 ,-0       ,4.74733 ,-0.265268 ,0.0562737   ,4.375   ,-0.325    ,0           ,4.0354   ,-0.268199 ,0.0530351   ,4.675   ,0.275     ,0.0507843   ,4.44446 ,0.311888  ,0.149353    ,3.975    ,0.275    ,0           ,0.500543    ,1.17295     ,1.0459      ,0.189705   ,1.7119      ,1.35963    ,0.539823  ,1.32746     ,0.93459     ,0.18065    ,1.28238      ,0.991107    ,0.517681    ,-0.0373003  ,0.329186    ,0.226311    ,1.74335     ,1.34367     ,0.0130973    ,0.0861792    ,0.0986288   ,nan          ,nan          ,nan          ,0.0267953    ,0.0791327    ,0.0927289   ,nan          ,nan          ,nan          ,0.0132296    ,0.129271     ,0.0855958    ,nan          ,nan          ,nan         ,0.0562737   ,0            ,0.0496774    ,-0.000392161 ,0.0436669    ,0            ,       0 ,       1 ,       0 ,       1 ,       0 ,       1
27.3066  ,0.9  , 4.29  ,     0 ,0.268755 ,-0        ,         0 ,-0       ,4.75877 ,-0.270016 ,0.040517    ,4.375   ,-0.325    ,0           ,4.04929  ,-0.271629 ,0.0376592   ,4.675   ,0.275     ,0.0507843   ,4.4569  ,0.317653  ,0.141402    ,3.975    ,0.275    ,0           ,0.51414     ,1.28768     ,1.17379     ,0.16479    ,1.70813     ,1.34536    ,0.57005   ,1.42641     ,1.04985     ,0.156831   ,1.27624      ,0.976475    ,0.532887    ,0.152479    ,0.450274    ,0.200311    ,1.73258     ,1.33337     ,0.0092414    ,0.10311      ,0.112251    ,nan          ,nan          ,nan          ,0.0257766    ,0.0931581    ,0.107957    ,nan          ,nan          ,nan          ,0.00938634   ,0.154291     ,0.0951737    ,nan          ,nan          ,nan         ,0.040517    ,0            ,0.0346717    ,-0.000392161 ,0.0357155    ,0            ,       1 ,       1 ,       1 ,       1 ,       1 ,       1
27.3466  ,0.95 , 4.295 ,     0 ,0.267417 ,-0        ,         0 ,-0       ,4.76829 ,-0.273569 ,0.0217555   ,4.375   ,-0.325    ,0           ,4.06269  ,-0.274068 ,0.0199383   ,4.675   ,0.275     ,0.0507843   ,4.46762 ,0.322687  ,0.127245    ,3.975    ,0.275    ,0           ,0.522752    ,1.42323     ,1.31811     ,0.139494   ,1.70426     ,1.33142    ,0.598934  ,1.54159     ,1.1827      ,0.13268    ,1.26995      ,0.96217     ,0.542568    ,0.376318    ,0.583918    ,0.174227    ,1.72138     ,1.32328     ,0.00487587   ,0.120496     ,0.125729    ,nan          ,nan          ,nan          ,0.0244573    ,0.107393     ,0.12335     ,nan          ,nan          ,nan          ,0.00497657   ,0.180136     ,0.104348     ,nan          ,nan          ,nan         ,0.0217555   ,0            ,0.0180316    ,-0.000392161 ,0.0215589    ,0            ,       1 ,       1 ,       1 ,       1 ,       1 ,       1
27.3934  ,0    , 4.3   ,     0 ,0.266078 ,-0        ,         0 ,-0       ,4.775   ,-0.275    ,0           ,4.375   ,-0.324998 ,1.63626e-06 ,4.075    ,-0.275    ,0           ,4.675   ,0.274998  ,0.0507859   ,4.475   ,0.325     ,0.105686    ,3.975    ,0.274999 ,1.65567e-06 ,0.525761    ,1.58014     ,1.47869     ,0.113838   ,1.70025     ,1.3178     ,0.62613   ,1.67325     ,1.33334     ,0.108217   ,1.26346      ,0.948178    ,0.545964    ,0.635321    ,0.729577    ,0.148098    ,1.70975     ,1.31341     ,nan          ,nan          ,nan         ,-8.83382e-07 ,-0.132681    ,-0.143027    ,nan          ,nan          ,nan         ,0.0567111    ,-0.0754115   ,-0.0899694   ,nan          ,nan          ,nan          ,8.9807e-07   ,-0.132079    ,-0.143191   ,0           ,1.63626e-06  ,0            ,-0.000389413 ,8.60177e-09  ,1.65038e-06  ,       1 ,       1 ,       1 ,       1 ,       1 ,       1
27.427   ,0.05 , 4.305 ,     0 ,0.266078 ,-0        ,         0 ,-0       ,4.775   ,-0.275    ,0           ,4.38047 ,-0.3238   ,0.0203278   ,4.075    ,-0.275    ,0           ,4.68874 ,0.265987  ,0.0595599   ,4.475   ,0.325     ,0.105686    ,3.98037  ,0.273706 ,0.0316764   ,0.508704    ,1.58298     ,1.46687     ,0.116976   ,1.5499      ,1.15801    ,0.605832  ,1.67806     ,1.33019     ,0.157663   ,1.19807      ,0.872369    ,0.528589    ,0.631768    ,0.71254     ,0.151079    ,1.47202     ,1.06631     ,nan          ,nan          ,nan         ,0.00520776   ,-0.121145    ,-0.126809    ,nan          ,nan          ,nan         ,0.0523362    ,-0.0686914   ,-0.0772011   ,nan          ,nan          ,nan          ,0.0033126    ,-0.135727    ,-0.135454   ,0           ,0.0203278    ,0            ,0.0153745    ,8.60177e-09  ,0.0345649    ,       1 ,       0 ,       1 ,       0 ,       1 ,       0
27.4671  ,0.1  , 4.31  ,     0 ,0.266078 ,-0        ,         0 ,-0       ,4.775   ,-0.275    ,0           ,4.38681 ,-0.320667 ,0.0383668   ,4.075    ,-0.275    ,0           ,4.70129 ,0.25792   ,0.0670169   ,4.475   ,0.325     ,0.105686    ,3.98627  ,0.269131 ,0.0614686   ,0.491253    ,1.58615     ,1.4556      ,0.125959   ,1.41332     ,1.01729    ,0.585062  ,1.68268     ,1.32734     ,0.203214   ,1.13897      ,0.80808     ,0.510785    ,0.628749    ,0.696042    ,0.159666    ,1.2299      ,0.833585    ,nan          ,nan          ,nan         ,0.00986695   ,-0.109414    ,-0.110806    ,nan          ,nan          ,nan         ,0.0481253    ,-0.0615566   ,-0.0645689   ,nan          ,nan          ,nan          ,0.00632534   ,-0.137032    ,-0.12697    ,0           ,0.0442268    ,0            ,0.0325163    ,8.60177e-09  ,0.0579771    ,       1 ,       0 ,       1 ,       0 ,       1 ,       0
27.5068  ,0.15 , 4.315 ,     0 ,0.266078 ,-0        ,         0 ,-0       ,4.775   ,-0.275    ,0           ,4.3939  ,-0.316283 ,0.0538499   ,4.075    ,-0.275    ,0           ,4.71289 ,0.25093   ,0.073165    ,4.475   ,0.325     ,0.105686    ,3.99238  ,0.261005 ,0.0874017   ,0.473401    ,1.58963     ,1.44487     ,0.140135   ,1.29076     ,0.895409   ,0.563827  ,1.68708     ,1.32477     ,0.245021   ,1.08652      ,0.755188    ,0.492546    ,0.626271    ,0.680092    ,0.173329    ,0.987541    ,0.616565    ,nan          ,nan          ,nan         ,0.0139767    ,-0.0974883   ,-0.0950188   ,nan          ,nan          ,nan         ,0.0440786    ,-0.0540071   ,-0.0520728   ,nan          ,nan          ,nan          ,0.00903911   ,-0.135992    ,-0.117738   ,0           ,0.0576119    ,0            ,0.0430152    ,8.60177e-09  ,0.0714511    ,       1 ,       0 ,       1 ,       0 ,       1 ,       0
27.547   ,0.2  , 4.32  ,     0 ,0.266078 ,-0        ,         0 ,-0       ,4.775   ,-0.275    ,0           ,4.40162 ,-0.311276 ,0.0667011   ,4.075    ,-0.275    ,0           ,4.72378 ,0.245112  ,0.0780407   ,4.475   ,0.325     ,0.105686    ,3.99847  ,0.249992 ,0.107931    ,0.455145    ,1.5934      ,1.43466     ,0.158854   ,1.18244     ,0.792097   ,0.542135  ,1.69124     ,1.32245     ,0.283231   ,1.04112      ,0.713569    ,0.473864    ,0.624339    ,0.664701    ,0.191539    ,0.749107    ,0.416575    ,nan          ,nan          ,nan         ,0.017537     ,-0.0853672   ,-0.0794474   ,nan          ,nan          ,nan         ,0.0401959    ,-0.0460428   ,-0.0397127   ,nan          ,nan          ,nan          ,0.0114539    ,-0.132608    ,-0.107758   ,0           ,0.0667011    ,0            ,0.0351773    ,8.60177e-09  ,0.0958983    ,       1 ,       0 ,       1 ,       0 ,       1 ,       0
27.5869  ,0.25 , 4.325 ,     0 ,0.266078 ,-0        ,         0 ,-0       ,4.775   ,-0.275    ,0           ,4.40989 ,-0.306201 ,0.0769865   ,4.075    ,-0.275    ,0           ,4.73417 ,0.240531  ,0.0816993   ,4.475   ,0.325     ,0.105686    ,4.00442  ,0.237422 ,0.122201    ,0.43648     ,1.59744     ,1.42497     ,0.181465   ,1.08859     ,0.707103   ,0.519996  ,1.69512     ,1.32039     ,0.317993   ,1.00312      ,0.683101    ,0.454735    ,0.622958    ,0.649877    ,0.213754    ,0.518777    ,0.234933    ,nan          ,nan          ,nan         ,0.0205478    ,-0.0730511   ,-0.0640917   ,nan          ,nan          ,nan         ,0.0364772    ,-0.0376638   ,-0.0274887   ,nan          ,nan          ,nan          ,0.0135494    ,-0.126826    ,-0.0970444  ,0           ,0.0772083    ,0            ,0.0448089    ,8.60177e-09  ,0.0915421    ,       1 ,       0 ,       1 ,       0 ,       1 ,       0
27.6267  ,0.3  , 4.33  ,     0 ,0.266078 ,-0        ,         0 ,-0       ,4.775   ,-0.275    ,0           ,4.41865 ,-0.301513 ,0.084865    ,4.075    ,-0.275    ,0           ,4.74424 ,0.237219  ,0.084205    ,4.475   ,0.325     ,0.105686    ,4.01029  ,0.224885 ,0.130186    ,0.417404    ,1.60173     ,1.41579     ,0.207317   ,1.00945     ,0.640171   ,0.497423  ,1.69872     ,1.31856     ,0.349457   ,0.972911     ,0.663659    ,0.435154    ,0.622127    ,0.63563     ,0.239366    ,0.300914    ,0.0729093   ,nan          ,nan          ,nan         ,0.0230091    ,-0.0605401   ,-0.0489516   ,nan          ,nan          ,nan         ,0.0329226    ,-0.02887     ,-0.0154009   ,nan          ,nan          ,nan          ,0.0152848    ,-0.118539    ,-0.0856265  ,0           ,0.0859065    ,0            ,0.0528561    ,8.60177e-09  ,0.0940598    ,       1 ,       0 ,       1 ,       0 ,       1 ,       0
27.6667  ,0.35 , 4.335 ,     0 ,0.266078 ,-0        ,         0 ,-0       ,4.775   ,-0.275    ,0           ,4.42788 ,-0.297571 ,0.0905453   ,4.075    ,-0.275    ,0           ,4.75414 ,0.235178  ,0.0856222   ,4.475   ,0.325     ,0.105686    ,4.01624  ,0.213853 ,0.132648    ,0.397915    ,1.60624     ,1.4071      ,0.23576    ,0.945239    ,0.591045   ,0.47443   ,1.702       ,1.31696     ,0.377771   ,0.950869     ,0.65512     ,0.415116    ,0.621848    ,0.621967    ,0.267735    ,0.0999649   ,-0.0682488  ,nan          ,nan          ,nan         ,0.024921     ,-0.047834    ,-0.0340272   ,nan          ,nan          ,nan         ,0.0295321    ,-0.0196614   ,-0.00344908  ,nan          ,nan          ,nan          ,0.016659     ,-0.107744    ,-0.0735048  ,0           ,0.0929076    ,0            ,0.0586356    ,8.60177e-09  ,0.101303     ,       1 ,       0 ,       1 ,       0 ,       1 ,       0
27.707   ,0.4  , 4.34  ,     0 ,0.266078 ,-0        ,         0 ,-0       ,4.775   ,-0.275    ,0           ,4.43761 ,-0.294633 ,0.0942476   ,4.075    ,-0.275    ,0           ,4.764   ,0.234387  ,0.086007    ,4.475   ,0.325     ,0.105686    ,4.02257  ,0.205374 ,0.130954    ,0.37801     ,1.61094     ,1.39889     ,0.266141   ,0.896199    ,0.559471   ,0.451034  ,1.70494     ,1.31557     ,0.403083   ,0.937367     ,0.65736     ,0.394618    ,0.622116    ,0.608896    ,0.298219    ,-0.0796234  ,-0.187294   ,nan          ,nan          ,nan         ,0.0262835    ,-0.0349329   ,-0.0193184   ,nan          ,nan          ,nan         ,0.0263056    ,-0.0100382   ,0.00836662   ,nan          ,nan          ,nan          ,0.017672     ,-0.0944414   ,-0.0606795  ,0           ,0.0983994    ,0            ,0.0632078    ,8.60177e-09  ,0.104251     ,       1 ,       0 ,       1 ,       0 ,       1 ,       0
27.7471  ,0.45 , 4.345 ,     0 ,0.266078 ,-0        ,         0 ,-0       ,4.775   ,-0.275    ,0           ,4.44789 ,-0.292866 ,0.0961734   ,4.075    ,-0.275    ,0           ,4.7739  ,0.2348    ,0.0853998   ,4.475   ,0.325     ,0.105686    ,4.02954  ,0.199915 ,0.126782    ,0.357691    ,1.61583     ,1.39116     ,0.297812   ,0.862556    ,0.545192   ,0.427256  ,1.70753     ,1.31439     ,0.425543   ,0.932783     ,0.670257    ,0.37366     ,0.622923    ,0.596423    ,0.33018     ,-0.233409   ,-0.282978   ,nan          ,nan          ,nan         ,0.0270965    ,-0.0218368   ,-0.0048253   ,nan          ,nan          ,nan         ,0.0232432    ,-1.22689e-07 ,0.0200462    ,nan          ,nan          ,nan          ,0.0183268    ,-0.078652    ,-0.0471473  ,0           ,0.10256      ,0            ,0.0665348    ,8.60177e-09  ,0.111838     ,       1 ,       0 ,       1 ,       0 ,       1 ,       0
27.787   ,0.5  , 4.35  ,     0 ,0.266078 ,-0        ,         0 ,-0       ,4.775   ,-0.275    ,0           ,4.45876 ,-0.292353 ,0.0964817   ,4.075    ,-0.275    ,0           ,4.7839  ,0.236346  ,0.0838193   ,4.475   ,0.325     ,0.105686    ,4.03737  ,0.19741  ,0.121818    ,0.336958    ,1.62086     ,1.38388     ,0.330119   ,0.844542    ,0.547954   ,0.403117  ,1.70975     ,1.31341     ,0.4453     ,0.937493     ,0.693687    ,0.35224     ,0.624258    ,0.584552    ,0.363012    ,-0.3572     ,-0.354016   ,nan          ,nan          ,nan         ,0.02736      ,-0.00854565  ,0.00945216   ,nan          ,nan          ,nan         ,0.0203448    ,0.0104527    ,0.0315898    ,nan          ,nan          ,nan          ,0.0186622    ,-0.0606483   ,-0.0328689  ,0           ,0.0964817    ,0            ,0.0686908    ,8.60177e-09  ,0.114698     ,       1 ,       0 ,       1 ,       0 ,       1 ,       0
27.8266  ,0.55 , 4.355 ,     0 ,0.266078 ,-0        ,         0 ,-0       ,4.775   ,-0.275    ,0           ,4.47027 ,-0.293102 ,0.0952717   ,4.075    ,-0.275    ,0           ,4.79402 ,0.238929  ,0.0812575   ,4.475   ,0.325     ,0.105686    ,4.04613  ,0.19745  ,0.117508    ,0.315814    ,1.62601     ,1.37704     ,0.362415   ,0.842399    ,0.567497   ,0.378641  ,1.71158     ,1.31262     ,0.462501   ,0.951873     ,0.727524    ,0.33036     ,0.626107    ,0.573287    ,0.396166    ,-0.447184   ,-0.39907    ,nan          ,nan          ,nan         ,0.0270763    ,0.00497043   ,0.023505     ,nan          ,nan          ,nan         ,0.017607     ,0.0213251    ,0.0429929    ,nan          ,nan          ,nan          ,0.0186896    ,-0.0405117   ,-0.0178325  ,0           ,0.0952717    ,0            ,0.0697372    ,8.60177e-09  ,0.11013      ,       1 ,       0 ,       1 ,       0 ,       1 ,       0
27.8669  ,0.6  , 4.36  ,     0 ,0.266078 ,-0        ,         0 ,-0       ,4.775   ,-0.275    ,0           ,4.48241 ,-0.295047 ,0.09257     ,4.075    ,-0.275    ,0           ,4.80424 ,0.242427  ,0.0776759   ,4.475   ,0.325     ,0.105686    ,4.05582  ,0.199464 ,0.114929    ,0.294263    ,1.63126     ,1.37064     ,0.394051   ,0.856419    ,0.603548   ,0.353854  ,1.71302     ,1.31201     ,0.47729    ,0.976309     ,0.77164     ,0.308023    ,0.628451    ,0.562629    ,0.429096    ,-0.499578   ,-0.416795   ,nan          ,nan          ,nan         ,0.0262476    ,0.0187435    ,0.0373236    ,nan          ,nan          ,nan         ,0.0150255    ,0.0326234    ,0.0542503    ,nan          ,nan          ,nan          ,0.0184091    ,-0.0182422   ,-0.00203808 ,0           ,0.09257      ,0            ,0.0756182    ,8.60177e-09  ,0.097617     ,       1 ,       0 ,       1 ,       0 ,       1 ,       0
27.9068  ,0.65 , 4.365 ,     0 ,0.266078 ,-0        ,         0 ,-0       ,4.775   ,-0.275    ,0           ,4.49513 ,-0.29806  ,0.088325    ,4.075    ,-0.275    ,0           ,4.8145  ,0.246685  ,0.0730049   ,4.475   ,0.325     ,0.105686    ,4.06637  ,0.202958 ,0.114713    ,0.27231     ,1.63658     ,1.36466     ,0.424383   ,0.886906    ,0.655829   ,0.328786  ,1.71405     ,1.31157     ,0.489807   ,1.01119      ,0.8259      ,0.285233    ,0.631264    ,0.55258     ,0.461256    ,-0.510603   ,-0.405848   ,nan          ,nan          ,nan         ,0.024874     ,0.0327734    ,0.0509081    ,nan          ,nan          ,nan         ,0.0126003    ,0.0443473    ,0.065362     ,nan          ,nan          ,nan          ,0.0178207    ,0.00616011   ,0.0145143   ,0           ,0.088325     ,0            ,0.0730049    ,8.60177e-09  ,0.0869816    ,       1 ,       0 ,       1 ,       0 ,       1 ,       0
27.9469  ,0.7  , 4.37  ,     0 ,0.266078 ,-0        ,         0 ,-0       ,4.775   ,-0.275    ,0           ,4.50829 ,-0.301962 ,0.0824082   ,4.075    ,-0.275    ,0           ,4.82471 ,0.25151   ,0.067145    ,4.475   ,0.325     ,0.105686    ,4.07775  ,0.207692 ,0.116985    ,0.249963    ,1.64193     ,1.35909     ,0.452766   ,0.934165    ,0.724063   ,0.303464  ,1.71468     ,1.31131     ,0.500196   ,1.05689      ,0.890174    ,0.261997    ,0.634518    ,0.543135    ,0.4921      ,-0.476497   ,-0.364885   ,nan          ,nan          ,nan         ,0.0229555    ,0.0470604    ,0.0642583    ,nan          ,nan          ,nan         ,0.0103315    ,0.056497     ,0.0763279    ,nan          ,nan          ,nan          ,0.0169294    ,0.0325906    ,0.0318239   ,0           ,0.0824082    ,0            ,0.0669825    ,8.60177e-09  ,0.0800666    ,       1 ,       0 ,       1 ,       0 ,       1 ,       0
27.9867  ,0.75 , 4.375 ,     0 ,0.266078 ,-0        ,         0 ,-0       ,4.775   ,-0.275    ,0           ,4.52165 ,-0.306511 ,0.0746242   ,4.075    ,-0.275    ,0           ,4.83475 ,0.256668  ,0.0599716   ,4.475   ,0.325     ,0.105686    ,4.09017  ,0.213882 ,0.121234    ,0.227229    ,1.6473      ,1.3539      ,0.478552   ,0.998499    ,0.807972   ,0.277923  ,1.71489     ,1.31123     ,0.508598   ,1.11381      ,0.964329    ,0.238323    ,0.638178    ,0.534291    ,0.521147    ,-0.394784   ,-0.292574   ,nan          ,nan          ,nan         ,0.020492     ,0.0616043    ,0.0773744    ,nan          ,nan          ,nan         ,0.00821889   ,0.0690725    ,0.0871482    ,nan          ,nan          ,nan          ,0.0158043    ,0.0596179    ,0.0498786   ,0           ,0.0746242    ,0            ,0.0620136    ,8.60177e-09  ,0.072831     ,       1 ,       0 ,       1 ,       0 ,       1 ,       0
28.0271  ,0.8  , 4.38  ,     0 ,0.266078 ,-0        ,         0 ,-0       ,4.775   ,-0.275    ,0           ,4.53489 ,-0.311404 ,0.0647313   ,4.075    ,-0.275    ,0           ,4.84445 ,0.261871  ,0.0513454   ,4.475   ,0.325     ,0.105686    ,4.10408  ,0.222152 ,0.126179    ,0.204121    ,1.65264     ,1.34909     ,0.501098   ,1.08021     ,0.90728    ,0.252194  ,1.71468     ,1.31131     ,0.515154   ,1.18233      ,1.04823     ,0.214221    ,0.642206    ,0.52604     ,0.548011    ,-0.265031   ,-0.187598   ,nan          ,nan          ,nan         ,0.0174836    ,0.0764052    ,0.0902562    ,nan          ,nan          ,nan         ,0.00626264   ,0.0820737    ,0.0978227    ,nan          ,nan          ,nan          ,0.0144673    ,0.0867882    ,0.0686746   ,0           ,0.0647313    ,0            ,0.0558366    ,8.60177e-09  ,0.0534293    ,       1 ,       0 ,       1 ,       0 ,       1 ,       0
28.0674  ,0.85 , 4.385 ,     0 ,0.266078 ,-0        ,         0 ,-0       ,4.775   ,-0.275    ,0           ,4.5475  ,-0.316253 ,0.0524757   ,4.075    ,-0.275    ,0           ,4.85359 ,0.266768  ,0.0411261   ,4.475   ,0.325     ,0.105686    ,4.11995  ,0.233046 ,0.129702    ,0.18065     ,1.65794     ,1.34465     ,0.519758   ,1.17961     ,1.02171    ,0.226311  ,1.71405     ,1.31157     ,0.520007   ,1.26284      ,1.14175     ,0.189705    ,0.646556    ,0.518375    ,0.572317    ,-0.0869832  ,-0.0486426  ,nan          ,nan          ,nan         ,0.0139303    ,0.091463     ,0.102904     ,nan          ,nan          ,nan         ,0.00446268   ,0.0955006    ,0.108352     ,nan          ,nan          ,nan          ,0.0129184    ,0.114101     ,0.0882121   ,0           ,0.0524757    ,0            ,0.0411261    ,8.60177e-09  ,0.045856     ,       1 ,       0 ,       1 ,       0 ,       1 ,       0
28.1068  ,0.9  , 4.39  ,     0 ,0.266078 ,-0        ,         0 ,-0       ,4.775   ,-0.275    ,0           ,4.5589  ,-0.320571 ,0.0376418   ,4.075    ,-0.275    ,0           ,4.86193 ,0.270937  ,0.0291947   ,4.475   ,0.325     ,0.105686    ,4.13786  ,0.246555 ,0.12878     ,0.156831    ,1.66316     ,1.34055     ,0.533886   ,1.297       ,1.15098    ,0.200311  ,1.71302     ,1.31201     ,0.523298   ,1.35572      ,1.24476     ,0.16479     ,0.651179    ,0.511283    ,0.593689    ,0.139612    ,0.125606    ,nan          ,nan          ,nan         ,0.00983201   ,0.106778     ,0.115317     ,nan          ,nan          ,nan         ,0.00281904   ,0.109353     ,0.118735     ,nan          ,nan          ,nan          ,0.0111576    ,0.141557     ,0.108491    ,0           ,0.0376418    ,0            ,0.0291947    ,8.60177e-09  ,0.0332674    ,       1 ,       1 ,       1 ,       1 ,       1 ,       1
28.1467  ,0.95 , 4.395 ,     0 ,0.266078 ,-0        ,         0 ,-0       ,4.775   ,-0.275    ,0           ,4.56833 ,-0.323742 ,0.0201215   ,4.075    ,-0.275    ,0           ,4.86917 ,0.273875  ,0.0154811   ,4.475   ,0.325     ,0.105686    ,4.15699  ,0.261521 ,0.119703    ,0.13268     ,1.66827     ,1.33678     ,0.542836   ,1.43268     ,1.29482    ,0.174227  ,1.71158     ,1.31262     ,0.525168   ,1.46135      ,1.35712     ,0.139494    ,0.656023    ,0.504751    ,0.611752    ,0.415007    ,0.336461    ,nan          ,nan          ,nan         ,0.00518881   ,0.122349     ,0.127497     ,nan          ,nan          ,nan         ,0.0013317    ,0.123632     ,0.128972     ,nan          ,nan          ,nan          ,0.00918484   ,0.169156     ,0.129511    ,0           ,0.0201215    ,0            ,0.0154811    ,8.60177e-09  ,0.025794     ,       1 ,       1 ,       1 ,       1 ,       1 ,       1
28.2038  ,0    , 4.4   ,     0 ,0.266078 ,-0        ,         0 ,-0       ,4.775   ,-0.274998 ,1.57508e-06 ,4.575   ,-0.325    ,0           ,4.075    ,-0.274999 ,1.65567e-06 ,4.875   ,0.275     ,0           ,4.475   ,0.324997  ,0.105687    ,4.175    ,0.275    ,0.0988235   ,0.108217    ,1.67325     ,1.33334     ,0.545964   ,1.58697     ,1.45294    ,0.148098  ,1.70975     ,1.31341     ,0.525761   ,1.58014      ,1.47869     ,0.113838    ,0.661027    ,0.498763    ,0.62613     ,0.739457    ,0.585238    ,-8.41227e-07 ,-0.134308    ,-0.142472   ,nan          ,nan          ,nan          ,-0.0297588   ,-0.127611    ,-0.134832   ,nan          ,nan          ,nan          ,-3.24411e-07 ,-0.285662    ,-0.157627    ,nan          ,nan          ,nan         ,1.57508e-06 ,0            ,1.684e-06    ,0            ,1.04348e-06  ,0.000283781  ,       1 ,       1 ,       1 ,       1 ,       1 ,       1
28.2266  ,0.05 , 4.405 ,     0 ,0.266479 ,-0        ,         0 ,-0       ,4.78047 ,-0.273695 ,0.0207265   ,4.575   ,-0.325    ,0           ,4.0713   ,-0.273198 ,0.0311791   ,4.875   ,0.275     ,0           ,4.48049 ,0.320872  ,0.122987    ,4.175    ,0.275    ,0.0988235   ,0.111241    ,1.52112     ,1.17386     ,0.528589   ,1.59385     ,1.44471    ,0.103629  ,1.47621     ,1.0744      ,0.508704   ,1.58605      ,1.46997     ,0.118911    ,0.341057    ,0.319844    ,0.605832    ,0.74898     ,0.582913    ,0.00499899   ,-0.121573    ,-0.125817   ,nan          ,nan          ,nan          ,-0.0192937   ,-0.129294    ,-0.128153   ,nan          ,nan          ,nan          ,0.00808866   ,-0.236009    ,-0.133902    ,nan          ,nan          ,nan         ,0.0207265   ,0            ,0.0230679    ,0            ,0.0173011    ,0.000283781  ,       0 ,       1 ,       0 ,       1 ,       0 ,       1
28.267   ,0.1  , 4.41  ,     0 ,0.266879 ,-0        ,         0 ,-0       ,4.78682 ,-0.270329 ,0.0390187   ,4.575   ,-0.325    ,0           ,4.07097  ,-0.267881 ,0.0605309   ,4.875   ,0.275     ,0           ,4.4871  ,0.312402  ,0.131343    ,4.175    ,0.275    ,0.0988235   ,0.119896    ,1.38418     ,1.03405     ,0.510785   ,1.60108     ,1.43706    ,0.0777364 ,1.24118     ,0.848829    ,0.491253   ,1.59229      ,1.46181     ,0.133284    ,0.0796896   ,0.169382    ,0.585062    ,0.75855     ,0.581107    ,0.00947305   ,-0.108748    ,-0.10941    ,nan          ,nan          ,nan          ,-0.00929987  ,-0.129257    ,-0.120023   ,nan          ,nan          ,nan          ,0.0151444    ,-0.190235    ,-0.111288    ,nan          ,nan          ,nan         ,0.0390187   ,0            ,0.0306547    ,0            ,0.0256569    ,0.000283781  ,       0 ,       1 ,       0 ,       1 ,       0 ,       1
28.3066  ,0.15 , 4.415 ,     0 ,0.267279 ,-0        ,         0 ,-0       ,4.79393 ,-0.265679 ,0.0546467   ,4.575   ,-0.325    ,0           ,4.07389  ,-0.259659 ,0.0861789   ,4.875   ,0.275     ,0           ,4.49477 ,0.303151  ,0.13366     ,4.175    ,0.275    ,0.0988235   ,0.133559    ,1.26255     ,0.913594    ,0.492546   ,1.60861     ,1.42995    ,0.0695656 ,1.00778     ,0.639345    ,0.473401   ,1.59884      ,1.4542      ,0.155689    ,-0.127839   ,0.0460133   ,0.563827    ,0.768104    ,0.579797    ,0.0134213    ,-0.095832    ,-0.0932509  ,nan          ,nan          ,nan          ,0.000222805  ,-0.127498    ,-0.110442   ,nan          ,nan          ,nan          ,0.0211669    ,-0.14834     ,-0.0897844   ,nan          ,nan          ,nan         ,0.0546467   ,0            ,0.0223216    ,0            ,0.0279735    ,0.000283781  ,       0 ,       1 ,       0 ,       1 ,       0 ,       1
28.3467  ,0.2  , 4.42  ,     0 ,0.26768  ,-0        ,         0 ,-0       ,4.80169 ,-0.260443 ,0.0675771   ,4.575   ,-0.325    ,0           ,4.07964  ,-0.249709 ,0.106682    ,4.875   ,0.275     ,0           ,4.50333 ,0.294539  ,0.132691    ,4.175    ,0.275    ,0.0988235   ,0.151603    ,1.15634     ,0.812203    ,0.473864   ,1.61644     ,1.4234     ,0.0782603 ,0.779141    ,0.448577    ,0.455145   ,1.60567      ,1.44713     ,0.184857    ,-0.286291   ,-0.0516257  ,0.542135    ,0.777582    ,0.578963    ,0.0168439    ,-0.0828252   ,-0.0773399  ,nan          ,nan          ,nan          ,0.00927131   ,-0.124019    ,-0.0994137  ,nan          ,nan          ,nan          ,0.0261561    ,-0.110323    ,-0.0693915   ,nan          ,nan          ,nan         ,0.0675771   ,0            ,0.0229836    ,0            ,0.0257219    ,0.000283781  ,       0 ,       1 ,       0 ,       1 ,       0 ,       1
28.3867  ,0.25 , 4.425 ,     0 ,0.26808  ,-0        ,         0 ,-0       ,4.81001 ,-0.255208 ,0.0779149   ,4.575   ,-0.325    ,0           ,4.08764  ,-0.239482 ,0.121295    ,4.875   ,0.275     ,0           ,4.51259 ,0.286882  ,0.130491    ,4.175    ,0.275    ,0.0988235   ,0.173405    ,1.06564     ,0.729584    ,0.454735   ,1.62454     ,1.41738    ,0.10262   ,0.558397    ,0.278683    ,0.43648    ,1.61275      ,1.44059     ,0.219518    ,-0.400432   ,-0.124899   ,0.519996    ,0.786926    ,0.578583    ,0.0197406    ,-0.0697277   ,-0.0616769  ,nan          ,nan          ,nan          ,0.0173264    ,-0.118793    ,-0.0876575  ,nan          ,nan          ,nan          ,0.0301121    ,-0.0761848   ,-0.0501093   ,nan          ,nan          ,nan         ,0.0779149   ,0            ,0.0203133    ,0            ,0.0240246    ,0.000283781  ,       0 ,       1 ,       0 ,       1 ,       0 ,       1
28.4268  ,0.3  , 4.43  ,     0 ,0.26848  ,-0        ,         0 ,-0       ,4.81883 ,-0.250445 ,0.0858475   ,4.575   ,-0.325    ,0           ,4.09719  ,-0.230207 ,0.130111    ,4.875   ,0.275     ,0           ,4.52237 ,0.280107  ,0.128383    ,4.175    ,0.275    ,0.0988235   ,0.198338    ,0.990561    ,0.66544     ,0.435154   ,1.63288     ,1.41188    ,0.140358  ,0.348746    ,0.13032     ,0.417404   ,1.62008      ,1.43456     ,0.258404    ,-0.475025   ,-0.175172   ,0.497423    ,0.796079    ,0.578634    ,0.0221116    ,-0.0565395   ,-0.0462618  ,nan          ,nan          ,nan          ,0.0240061    ,-0.111802    ,-0.0757015  ,nan          ,nan          ,nan          ,0.0330349    ,-0.0459249   ,-0.0319379   ,nan          ,nan          ,nan         ,0.0858475   ,0            ,0.0269492    ,0            ,0.0223611    ,0.000283781  ,       0 ,       1 ,       0 ,       1 ,       0 ,       1
28.4667  ,0.35 , 4.435 ,     0 ,0.268881 ,-0        ,         0 ,-0       ,4.82814 ,-0.24651  ,0.0915986   ,4.575   ,-0.325    ,0           ,4.10787  ,-0.22293  ,0.133888    ,4.875   ,0.275     ,0           ,4.53254 ,0.274132  ,0.127105    ,4.175    ,0.275    ,0.0988235   ,0.225777    ,0.931222    ,0.619477    ,0.415116   ,1.64144     ,1.40689    ,0.188979  ,0.153393    ,0.00385104  ,0.397915   ,1.62762      ,1.42904     ,0.300244    ,-0.514833   ,-0.203809   ,0.47443     ,0.804986    ,0.579095    ,0.0239569    ,-0.0432606   ,-0.0310948  ,nan          ,nan          ,nan          ,0.0293104    ,-0.103047    ,-0.0635455  ,nan          ,nan          ,nan          ,0.0349244    ,-0.0195435   ,-0.0148771   ,nan          ,nan          ,nan         ,0.0915986   ,0            ,0.0293266    ,0            ,0.0214753    ,0.000283781  ,       0 ,       1 ,       0 ,       1 ,       0 ,       1
28.5071  ,0.4  , 4.44  ,     0 ,0.269281 ,-0        ,         0 ,-0       ,4.83797 ,-0.243651 ,0.0953901   ,4.575   ,-0.325    ,0           ,4.11957  ,-0.218356 ,0.133854    ,4.875   ,0.275     ,0           ,4.11957 ,-0.218356 ,0.133854    ,4.175    ,0.275    ,0.0988235   ,0.255098    ,0.887725    ,0.591399    ,0.394618   ,1.65018     ,1.4024     ,0.245983  ,-0.0244585  ,-0.100361   ,0.37801    ,1.63534      ,1.42402     ,0.343771    ,-0.524621   ,-0.212172   ,0.451034    ,0.813598    ,0.579948    ,0.0252764    ,-0.029891    ,-0.0161758  ,nan          ,nan          ,nan          ,0.0332394    ,-0.0925268   ,-0.0511897  ,nan          ,nan          ,nan          ,0.0357806    ,0.00295933   ,0.0010729    ,nan          ,nan          ,nan         ,0.0953901   ,0            ,0.0285243    ,0            ,0.0285243    ,0.000283781  ,       0 ,       1 ,       0 ,       1 ,       0 ,       1
28.5468  ,0.45 , 4.445 ,     0 ,0.269681 ,-0        ,         0 ,-0       ,4.84835 ,-0.242015 ,0.0974132   ,4.575   ,-0.325    ,0           ,4.13246  ,-0.216704 ,0.13149     ,4.875   ,0.275     ,0           ,4.55383 ,0.264979  ,0.12802     ,4.175    ,0.275    ,0.0988235   ,0.285675    ,0.860178    ,0.580913    ,0.37366    ,1.65909     ,1.3984     ,0.308845  ,-0.181489   ,-0.181924   ,0.357691   ,1.64322      ,1.41948     ,0.387715    ,-0.509152   ,-0.201628   ,0.427256    ,0.821868    ,0.581172    ,0.0260701    ,-0.0164307   ,-0.00150478 ,nan          ,nan          ,nan          ,0.035735     ,-0.080012    ,-0.0385776  ,nan          ,nan          ,nan          ,0.0356036    ,0.0215837    ,0.0159122    ,nan          ,nan          ,nan         ,0.0974132   ,0            ,0.0253146    ,0            ,0.0216017    ,0.000283781  ,       0 ,       1 ,       0 ,       1 ,       0 ,       1
28.5868  ,0.5  , 4.45  ,     0 ,0.270082 ,-0        ,         0 ,-0       ,4.85932 ,-0.241667 ,0.0978071   ,4.575   ,-0.325    ,0           ,4.14667  ,-0.217663 ,0.12831     ,4.875   ,0.275     ,0           ,4.56511 ,0.262336  ,0.130079    ,4.175    ,0.275    ,0.0988235   ,0.316883    ,0.848689    ,0.587723    ,0.35224    ,1.66812     ,1.39487    ,0.374837  ,-0.313583   ,-0.240254   ,0.336958   ,1.65124      ,1.4154      ,0.430807    ,-0.473189   ,-0.173539   ,0.403117    ,0.829756    ,0.582749    ,0.026338     ,-0.00287968  ,0.0129182   ,nan          ,nan          ,nan          ,0.0366841    ,-0.0650539   ,-0.0255997  ,nan          ,nan          ,nan          ,0.0343934    ,0.0363296    ,0.0296408    ,nan          ,nan          ,nan         ,0.0978071   ,0            ,0.0212008    ,0            ,0.0245748    ,0.000283781  ,       0 ,       1 ,       0 ,       1 ,       0 ,       1
28.6267  ,0.55 , 4.455 ,     0 ,0.270482 ,-0        ,         0 ,-0       ,4.87092 ,-0.242595 ,0.0966459   ,4.575   ,-0.325    ,0           ,4.1622   ,-0.220546 ,0.125646    ,4.875   ,0.275     ,0           ,4.57703 ,0.261447  ,0.132884    ,4.175    ,0.275    ,0.0988235   ,0.348097    ,0.853367    ,0.611533    ,0.33036    ,1.67726     ,1.39179    ,0.441146  ,-0.416283   ,-0.274681   ,0.315814   ,1.65937      ,1.41178     ,0.471779    ,-0.421495   ,-0.129271   ,0.378641    ,0.837225    ,0.584665    ,0.0260794    ,0.0107637    ,0.0270917   ,nan          ,nan          ,nan          ,0.0360838    ,-0.047641    ,-0.0122529  ,nan          ,nan          ,nan          ,0.0321504    ,0.0472377    ,0.0422591    ,nan          ,nan          ,nan         ,0.096646    ,0            ,0.0199596    ,0            ,0.0282202    ,0.000283781  ,       0 ,       1 ,       0 ,       1 ,       0 ,       1
28.6668  ,0.6  , 4.46  ,     0 ,0.270882 ,-0        ,         0 ,-0       ,4.88312 ,-0.24472  ,0.0939315   ,4.575   ,-0.325    ,0           ,4.17877  ,-0.224554 ,0.124478    ,4.875   ,0.275     ,0           ,4.58972 ,0.262533  ,0.136116    ,4.175    ,0.275    ,0.0988235   ,0.37869     ,0.874323    ,0.652046    ,0.308023   ,1.68646     ,1.38916    ,0.504958  ,-0.485132   ,-0.284534   ,0.294263   ,1.66757      ,1.40861     ,0.509379    ,-0.357402   ,-0.0701718  ,0.353854    ,0.844245    ,0.586905    ,0.025293     ,0.024502     ,0.0410133   ,nan          ,nan          ,nan          ,0.0339341    ,-0.0277732   ,0.00146266  ,nan          ,nan          ,nan          ,0.0289152    ,0.0572948    ,0.0537983    ,nan          ,nan          ,nan         ,0.0939315   ,0            ,0.018792     ,0            ,0.0322148    ,0.000283781  ,       0 ,       1 ,       0 ,       1 ,       0 ,       1
28.7068  ,0.65 , 4.465 ,     0 ,0.271283 ,-0        ,         0 ,-0       ,4.89587 ,-0.247905 ,0.0895927   ,4.575   ,-0.325    ,0           ,4.19588  ,-0.229047 ,0.125336    ,4.875   ,0.275     ,0           ,4.6031  ,0.265481  ,0.139367    ,4.175    ,0.275    ,0.0988235   ,0.408034    ,0.91167     ,0.708961    ,0.285233   ,1.69571     ,1.38695    ,0.563459  ,-0.515671   ,-0.269145   ,0.27231    ,1.67582      ,1.40586     ,0.542412    ,-0.280343   ,0.00244936  ,0.328786    ,0.850792    ,0.589457    ,0.0239788    ,0.0383353    ,0.0546828   ,nan          ,nan          ,nan          ,0.0302349    ,-0.00545053  ,0.015547    ,nan          ,nan          ,nan          ,0.0247129    ,0.0683494    ,0.0642779    ,nan          ,nan          ,nan         ,0.0895927   ,0            ,0.0196497    ,0            ,0.0403693    ,0.000283781  ,       0 ,       1 ,       0 ,       1 ,       0 ,       1
28.7468  ,0.7  , 4.47  ,     0 ,0.271683 ,-0        ,         0 ,-0       ,4.90902 ,-0.251954 ,0.0834926   ,4.575   ,-0.325    ,0           ,4.2129   ,-0.233762 ,0.128252    ,4.875   ,0.275     ,0           ,4.61692 ,0.270176  ,0.142115    ,4.175    ,0.275    ,0.0988235   ,0.435501    ,0.96552     ,0.78198     ,0.261997   ,1.70497     ,1.38515    ,0.613847  ,-0.50343    ,-0.227846   ,0.249963   ,1.6841       ,1.40352     ,0.569689    ,-0.189095   ,0.087291    ,0.303464    ,0.856847    ,0.592311    ,0.0221368    ,0.0522636    ,0.0681004   ,nan          ,nan          ,nan          ,0.025032     ,0.0193717    ,0.0299914   ,nan          ,nan          ,nan          ,0.0195433    ,0.0804013    ,0.0736977    ,nan          ,nan          ,nan         ,0.0834926   ,0            ,0.0225662    ,0            ,0.0433446    ,0.000283781  ,       0 ,       1 ,       0 ,       1 ,       0 ,       1
28.7869  ,0.75 , 4.475 ,     0 ,0.272083 ,-0        ,         0 ,-0       ,4.92233 ,-0.256615 ,0.0754435   ,4.575   ,-0.325    ,0           ,4.22928  ,-0.238835 ,0.132709    ,4.875   ,0.275     ,0           ,4.63082 ,0.276548  ,0.143714    ,4.175    ,0.275    ,0.0988235   ,0.460465    ,1.03599     ,0.870802    ,0.238323   ,1.7142      ,1.38374    ,0.6537    ,-0.44357    ,-0.160041   ,0.227229   ,1.69237      ,1.40158     ,0.590023    ,-0.0824316  ,0.183052    ,0.277923    ,0.862397    ,0.595459    ,0.019767     ,0.0662869    ,0.081266    ,nan          ,nan          ,nan          ,0.0186785    ,0.0470387    ,0.0447288   ,nan          ,nan          ,nan          ,0.0134065    ,0.0934506    ,0.0820577    ,nan          ,nan          ,nan         ,0.0754435   ,0            ,0.0270231    ,0            ,0.0450103    ,0.000283781  ,       0 ,       1 ,       0 ,       1 ,       0 ,       1
28.8269  ,0.8  , 4.48  ,     0 ,0.272484 ,-0        ,         0 ,-0       ,4.93545 ,-0.26157  ,0.0652318   ,4.575   ,-0.325    ,0           ,4.24462  ,-0.24472  ,0.137514    ,4.875   ,0.275     ,0           ,4.64427 ,0.284519  ,0.143392    ,4.175    ,0.275    ,0.0988235   ,0.482297    ,1.12319     ,0.975128    ,0.214221   ,1.72338     ,1.38272    ,0.681037  ,-0.330817   ,-0.0652191  ,0.204121   ,1.70061      ,1.40003     ,0.602226    ,0.040872    ,0.288429    ,0.252194    ,0.867437    ,0.598898    ,0.0168693    ,0.0804052    ,0.0941796   ,nan          ,nan          ,nan          ,0.0112485    ,0.0776229    ,0.0597449   ,nan          ,nan          ,nan          ,0.00630249   ,0.107497     ,0.0893581    ,nan          ,nan          ,nan         ,0.0652318   ,0            ,0.0318273    ,0            ,0.0445964    ,0.000283781  ,       0 ,       1 ,       0 ,       1 ,       0 ,       1
28.867   ,0.85 , 4.485 ,     0 ,0.272884 ,-0        ,         0 ,-0       ,4.94791 ,-0.266424 ,0.0526544   ,4.575   ,-0.325    ,0           ,4.2585   ,-0.252011 ,0.140611    ,4.875   ,0.275     ,0           ,4.65652 ,0.293933  ,0.140276    ,4.175    ,0.275    ,0.0988235   ,0.500371    ,1.22723     ,1.09466     ,0.189705   ,1.73246     ,1.38205    ,0.693904  ,-0.159873   ,0.0571254   ,0.18065    ,1.70878      ,1.39885     ,0.605109    ,0.182041    ,0.402123    ,0.226311    ,0.871966    ,0.602622    ,0.0134439    ,0.0946184    ,0.106841    ,nan          ,nan          ,nan          ,0.00274197   ,0.111124     ,0.0750398   ,nan          ,nan          ,nan          ,-0.00176871  ,0.122541     ,0.0955987    ,nan          ,nan          ,nan         ,0.0526544   ,0            ,0.0338416    ,0            ,0.0393622    ,0.000283781  ,       0 ,       1 ,       0 ,       1 ,       0 ,       1
28.9067  ,0.9  , 4.49  ,     0 ,0.273284 ,-0        ,         0 ,-0       ,4.95913 ,-0.270693 ,0.0375691   ,4.575   ,-0.325    ,0           ,4.27001  ,-0.260892 ,0.138914    ,4.875   ,0.275     ,0           ,4.66659 ,0.30442   ,0.133457    ,4.175    ,0.275    ,0.0988235   ,0.514057    ,1.34822     ,1.22909     ,0.16479    ,1.74143     ,1.38172    ,0.690344  ,0.0745594   ,0.207499    ,0.156831   ,1.71685      ,1.39801     ,0.597485    ,0.3423      ,0.522831    ,0.200311    ,0.875991    ,0.606632    ,0.00949064   ,0.108927     ,0.119251    ,nan          ,nan          ,nan          ,-0.00684103  ,0.147543     ,0.0906135   ,nan          ,nan          ,nan          ,-0.0108071   ,0.138583     ,0.10078      ,nan          ,nan          ,nan         ,0.0375691   ,0            ,0.0329004    ,0            ,0.0285698    ,0.000283781  ,       1 ,       1 ,       1 ,       1 ,       1 ,       1
28.9467  ,0.95 , 4.495 ,     0 ,0.273685 ,-0        ,         0 ,-0       ,4.96841 ,-0.273788 ,0.0199575   ,4.575   ,-0.325    ,0           ,4.27692  ,-0.270074 ,0.128471    ,4.875   ,0.275     ,0           ,4.67323 ,0.315228  ,0.122109    ,4.175    ,0.275    ,0.0988235   ,0.52273     ,1.48629     ,1.37813     ,0.139494   ,1.75025     ,1.38172    ,0.668405  ,0.377778    ,0.386408    ,0.13268    ,1.72481      ,1.39752     ,0.578166    ,0.522874    ,0.649251    ,0.174227    ,0.879521    ,0.610929    ,0.00500957   ,0.12333      ,0.131409    ,nan          ,nan          ,nan          ,-0.0175005   ,0.186879     ,0.106466    ,nan          ,nan          ,nan          ,-0.0208127   ,0.155622     ,0.104901     ,nan          ,nan          ,nan         ,0.0199575   ,0            ,0.0229106    ,0            ,0.0122514    ,0.000283781  ,       1 ,       1 ,       1 ,       1 ,       1 ,       1
29.0055  ,0    , 4.5   ,     0 ,0.274085 ,-0        ,         0 ,-0       ,4.975   ,-0.275    ,0           ,4.575   ,-0.324998 ,1.61087e-06 ,4.275    ,-0.275    ,0.105686    ,4.875   ,0.274998  ,1.55233e-06 ,4.675   ,0.325     ,0.105686    ,4.175    ,0.274998 ,0.0988249   ,0.525761    ,1.64153     ,1.54148     ,0.113838   ,1.75889     ,1.38203    ,0.62613   ,0.75508     ,0.594359    ,0.108217   ,1.73262      ,1.39735     ,0.545964    ,0.724989    ,0.780082    ,0.148098    ,0.882575    ,0.615515    ,nan          ,nan          ,nan         ,-9.25729e-07 ,-0.131073    ,-0.145843    ,nan          ,nan          ,nan         ,-8.81552e-07 ,-0.132744    ,-0.145435    ,nan          ,nan          ,nan          ,-0.0281004   ,-0.180786    ,-0.139476   ,0           ,1.61087e-06  ,-0.0017449   ,1.55233e-06  ,-0.0017442   ,0.000286162  ,       1 ,       1 ,       1 ,       1 ,       1 ,       1
29.0266  ,0.05 , 4.505 ,     0 ,0.274966 ,-0        ,         0 ,-0       ,4.975   ,-0.275    ,0           ,4.58046 ,-0.323695 ,0.0217155   ,4.275    ,-0.275    ,0.105686    ,4.88024 ,0.273576  ,0.0211931   ,4.675   ,0.325     ,0.105686    ,4.17243  ,0.263951 ,0.118602    ,0.508704    ,1.65106     ,1.53673     ,0.116969   ,1.60774     ,1.21564    ,0.605832  ,0.77113     ,0.595935    ,0.110142   ,1.58381      ,1.23495     ,0.528589    ,0.732901    ,0.769631    ,0.11524     ,0.635222    ,0.426205    ,nan          ,nan          ,nan         ,0.00507985   ,-0.118345    ,-0.128788    ,nan          ,nan          ,nan         ,0.0032122    ,-0.118588    ,-0.128869    ,nan          ,nan          ,nan          ,-0.0178117   ,-0.163622    ,-0.124166   ,0           ,0.0217155    ,-0.0017449   ,0.0211931    ,-0.0017442   ,0.0194725    ,       1 ,       0 ,       1 ,       0 ,       1 ,       0
29.067   ,0.1  , 4.51  ,     0 ,0.275846 ,-0        ,         0 ,-0       ,4.975   ,-0.275    ,0           ,4.58676 ,-0.32031  ,0.0411256   ,4.275    ,-0.275    ,0.105686    ,4.88594 ,0.269925  ,0.0400763   ,4.675   ,0.325     ,0.105686    ,4.17279  ,0.250943 ,0.13162     ,0.491253    ,1.66089     ,1.53257     ,0.125934   ,1.47207     ,1.06978    ,0.585062  ,0.787179    ,0.598056    ,0.115733   ,1.45171      ,1.09209     ,0.510785    ,0.741632    ,0.759924    ,0.096482    ,0.412665    ,0.258771    ,nan          ,nan          ,nan         ,0.00962585   ,-0.105538    ,-0.111945    ,nan          ,nan          ,nan         ,0.00619221   ,-0.104545    ,-0.11243     ,nan          ,nan          ,nan          ,-0.00846606  ,-0.146259    ,-0.109013   ,0           ,0.0411256    ,-0.0017449   ,0.0400763    ,-0.0017442   ,0.036284     ,       1 ,       0 ,       1 ,       0 ,       1 ,       0
29.1066  ,0.15 , 4.515 ,     0 ,0.276727 ,-0        ,         0 ,-0       ,4.975   ,-0.275    ,0           ,4.59379 ,-0.315608 ,0.0579141   ,4.275    ,-0.275    ,0.105686    ,4.8921  ,0.264909  ,0.0563887   ,4.675   ,0.325     ,0.105686    ,4.17564  ,0.238283 ,0.138884    ,0.473401    ,1.67101     ,1.52899     ,0.140085   ,1.35196     ,0.94421    ,0.563827  ,0.803152    ,0.600693    ,0.124715   ,1.33617      ,0.968624    ,0.492546    ,0.75117     ,0.750967    ,0.0904695   ,0.215187    ,0.112988    ,nan          ,nan          ,nan         ,0.0136371    ,-0.0926531   ,-0.0953154   ,nan          ,nan          ,nan         ,0.00893913   ,-0.0906154   ,-0.0961167   ,nan          ,nan          ,nan          ,-6.35645e-05 ,-0.128698    ,-0.0940166  ,0           ,0.057914     ,-0.0017449   ,0.0563887    ,-0.0017442   ,0.0429229    ,       1 ,       0 ,       1 ,       0 ,       1 ,       0
29.1468  ,0.2  , 4.52  ,     0 ,0.277608 ,-0        ,         0 ,-0       ,4.975   ,-0.275    ,0           ,4.60145 ,-0.310285 ,0.0719722   ,4.275    ,-0.275    ,0.105686    ,4.89869 ,0.259291  ,0.0700612   ,4.675   ,0.325     ,0.105686    ,4.18043  ,0.227427 ,0.141775    ,0.455145    ,1.68138     ,1.52597     ,0.158773   ,1.24752     ,0.838664   ,0.542135  ,0.818977    ,0.603817    ,0.136812   ,1.23705      ,0.8644      ,0.473864    ,0.761498    ,0.742763    ,0.0958479   ,0.0430741   ,-0.011367   ,nan          ,nan          ,nan         ,0.0171135    ,-0.0796893   ,-0.0788979   ,nan          ,nan          ,nan         ,0.011453     ,-0.0767992   ,-0.0799303   ,nan          ,nan          ,nan          ,0.00739581   ,-0.110938    ,-0.0791758  ,0           ,0.0719722    ,-0.0017449   ,0.0700612    ,-0.0017442   ,0.0488849    ,       1 ,       0 ,       1 ,       0 ,       1 ,       0
29.1868  ,0.25 , 4.525 ,     0 ,0.278489 ,-0        ,         0 ,-0       ,4.975   ,-0.275    ,0           ,4.60964 ,-0.304938 ,0.0833409   ,4.275    ,-0.275    ,0.105686    ,4.90569 ,0.253703  ,0.0811527   ,4.675   ,0.325     ,0.105686    ,4.18671  ,0.219102 ,0.141753    ,0.43648     ,1.69199     ,1.5235      ,0.18135    ,1.15884     ,0.752887   ,0.519996  ,0.834584    ,0.607398    ,0.151748   ,1.15423      ,0.779269    ,0.454735    ,0.772595    ,0.735313    ,0.111263    ,-0.103388   ,-0.11452    ,nan          ,nan          ,nan         ,0.0200552    ,-0.066647    ,-0.0626931   ,nan          ,nan          ,nan         ,0.0137337    ,-0.0630962   ,-0.0638704   ,nan          ,nan          ,nan          ,0.0139121    ,-0.0929789   ,-0.0644911  ,0           ,0.0833409    ,-0.0017449   ,0.0811527    ,-0.0017442   ,0.051466     ,       1 ,       0 ,       1 ,       0 ,       1 ,       0
29.2265  ,0.3  , 4.53  ,     0 ,0.279369 ,-0        ,         0 ,-0       ,4.975   ,-0.275    ,0           ,4.61831 ,-0.300053 ,0.0921551   ,4.275    ,-0.275    ,0.105686    ,4.9131  ,0.248652  ,0.0897954   ,4.675   ,0.325     ,0.105686    ,4.19418  ,0.213491 ,0.140154    ,0.417404    ,1.70281     ,1.52156     ,0.207168   ,1.08601     ,0.686619   ,0.497423  ,0.849907    ,0.611408    ,0.169247   ,1.08757      ,0.713081    ,0.435154    ,0.784435    ,0.728616    ,0.135359    ,-0.223914   ,-0.196693   ,nan          ,nan          ,nan         ,0.0224621    ,-0.0535262   ,-0.0467007   ,nan          ,nan          ,nan         ,0.0157814    ,-0.0495066   ,-0.047937    ,nan          ,nan          ,nan          ,0.0194852    ,-0.0748214   ,-0.0499626  ,0           ,0.0921551    ,-0.0017449   ,0.0897954    ,-0.0017442   ,0.0516392    ,       1 ,       0 ,       1 ,       0 ,       1 ,       0
29.2666  ,0.35 , 4.535 ,     0 ,0.28025  ,-0        ,         0 ,-0       ,4.975   ,-0.275    ,0           ,4.62747 ,-0.296004 ,0.0985971   ,4.275    ,-0.275    ,0.105686    ,4.92095 ,0.244514  ,0.0961512   ,4.675   ,0.325     ,0.105686    ,4.2027   ,0.210423 ,0.138086    ,0.397915    ,1.71382     ,1.52016     ,0.235579   ,1.02913     ,0.639605   ,0.47443   ,0.864888    ,0.61582     ,0.189032   ,1.03694      ,0.665687    ,0.415116    ,0.796984    ,0.72267     ,0.166782    ,-0.318218   ,-0.258112   ,nan          ,nan          ,nan         ,0.0243342    ,-0.0403268   ,-0.030921    ,nan          ,nan          ,nan         ,0.017596     ,-0.0360302   ,-0.0321299   ,nan          ,nan          ,nan          ,0.0241152    ,-0.0564651   ,-0.0355901  ,0           ,0.0985971    ,-0.0017449   ,0.0961512    ,-0.0017442   ,0.0492725    ,       1 ,       0 ,       1 ,       0 ,       1 ,       0
29.3064  ,0.4  , 4.54  ,     0 ,0.281131 ,-0        ,         0 ,-0       ,4.975   ,-0.275    ,0           ,4.63714 ,-0.293057 ,0.102858    ,4.275    ,-0.275    ,0.105686    ,4.92929 ,0.241557  ,0.100379    ,4.675   ,0.325     ,0.105686    ,4.21219  ,0.209536 ,0.136387    ,0.37801     ,1.72499     ,1.51927     ,0.265935   ,0.988295    ,0.611585   ,0.451034  ,0.879471    ,0.620607    ,0.210829   ,1.0022       ,0.636936    ,0.394618    ,0.810206    ,0.717468    ,0.204179    ,-0.386015   ,-0.299001   ,nan          ,nan          ,nan         ,0.0256716    ,-0.0270488   ,-0.0153538   ,nan          ,nan          ,nan         ,0.0191775    ,-0.0226672   ,-0.0164494   ,nan          ,nan          ,nan          ,0.0278021    ,-0.0379101   ,-0.0213738  ,0           ,0.102858     ,-0.0017449   ,0.100379     ,-0.0017442   ,0.0478374    ,       1 ,       0 ,       1 ,       0 ,       1 ,       0
29.3469  ,0.45 , 4.545 ,     0 ,0.282011 ,-0        ,         0 ,-0       ,4.975   ,-0.275    ,0           ,4.64739 ,-0.291375 ,0.105108    ,4.275    ,-0.275    ,0.105686    ,4.93819 ,0.239943  ,0.102612    ,4.675   ,0.325     ,0.105686    ,4.22261  ,0.210415 ,0.13562     ,0.357691    ,1.73629     ,1.51888     ,0.297587   ,0.963599    ,0.602303   ,0.427256  ,0.893609    ,0.625747    ,0.23436    ,0.983211     ,0.626679    ,0.37366     ,0.824056    ,0.713002    ,0.246193    ,-0.42702    ,-0.319583   ,nan          ,nan          ,nan         ,0.0264742    ,-0.0136923   ,7.65379e-07  ,nan          ,nan          ,nan         ,0.020526     ,-0.00941737  ,-0.000895295 ,nan          ,nan          ,nan          ,0.0305459    ,-0.0191565   ,-0.00731356 ,0           ,0.105108     ,-0.0017449   ,0.102612     ,-0.0017442   ,0.0463289    ,       1 ,       0 ,       1 ,       0 ,       1 ,       0
29.3867  ,0.5  , 4.55  ,     0 ,0.282892 ,-0        ,         0 ,-0       ,4.975   ,-0.275    ,0           ,4.65826 ,-0.291029 ,0.105475    ,4.275    ,-0.275    ,0.105686    ,4.94774 ,0.239741  ,0.102943    ,4.675   ,0.325     ,0.105686    ,4.23395  ,0.212686 ,0.136094    ,0.336958    ,1.74769     ,1.51898     ,0.329889   ,0.955138    ,0.611501   ,0.403117  ,0.907258    ,0.631217    ,0.25935    ,0.979848     ,0.634766    ,0.35224     ,0.838487    ,0.709261    ,0.29147     ,-0.440947   ,-0.320084   ,nan          ,nan          ,nan         ,0.026742     ,-0.000257267 ,0.0151428    ,nan          ,nan          ,nan         ,0.0216413    ,0.00371911   ,0.0145323    ,nan          ,nan          ,nan          ,0.0323465    ,-0.000204031 ,0.00659055  ,0           ,0.105475     ,-0.0017449   ,0.102943     ,-0.0017442   ,0.0451193    ,       1 ,       0 ,       1 ,       0 ,       1 ,       0
29.4267  ,0.55 , 4.555 ,     0 ,0.283773 ,-0        ,         0 ,-0       ,4.975   ,-0.275    ,0           ,4.66981 ,-0.292011 ,0.104032    ,4.275    ,-0.275    ,0.105686    ,4.958   ,0.240936  ,0.10142     ,4.675   ,0.325     ,0.105686    ,4.24621  ,0.216076 ,0.137879    ,0.315814    ,1.75918     ,1.51955     ,0.36219    ,0.963007    ,0.63892    ,0.378641  ,0.920383    ,0.636998    ,0.285521   ,0.991975     ,0.661045    ,0.33036     ,0.853445    ,0.70623     ,0.338657    ,-0.427511   ,-0.300727   ,nan          ,nan          ,nan         ,0.026475     ,0.0132537    ,0.0300692    ,nan          ,nan          ,nan         ,0.022519     ,0.0167433    ,0.0298266    ,nan          ,nan          ,nan          ,0.0332045    ,0.0189465    ,0.0203389   ,0           ,0.104032     ,-0.0017449   ,0.105423     ,-0.0017442   ,0.0443672    ,       1 ,       0 ,       1 ,       0 ,       1 ,       0
29.467   ,0.6  , 4.56  ,     0 ,0.284654 ,-0        ,         0 ,-0       ,4.975   ,-0.275    ,0           ,4.68203 ,-0.294234 ,0.10079     ,4.275    ,-0.275    ,0.105686    ,4.96904 ,0.243431  ,0.098047    ,4.675   ,0.325     ,0.105686    ,4.25938  ,0.220437 ,0.140813    ,0.294263    ,1.77072     ,1.52058     ,0.393844   ,0.987292    ,0.684295   ,0.353854  ,0.932956    ,0.643073    ,0.312585   ,1.01946      ,0.705346    ,0.308023    ,0.868872    ,0.703894    ,0.3864      ,-0.386429   ,-0.261734   ,nan          ,nan          ,nan         ,0.025673     ,0.0268348    ,0.0447733    ,nan          ,nan          ,nan         ,0.0231477    ,0.0296578    ,0.0449703    ,nan          ,nan          ,nan          ,0.0331211    ,0.0382938    ,0.0339326   ,0           ,0.10079      ,-0.0017449   ,0.0998753    ,-0.0017442   ,0.0452377    ,       1 ,       0 ,       1 ,       0 ,       1 ,       0
29.5068  ,0.65 , 4.565 ,     0 ,0.285534 ,-0        ,         0 ,-0       ,4.975   ,-0.275    ,0           ,4.69486 ,-0.297549 ,0.0957007   ,4.275    ,-0.275    ,0.105686    ,4.98089 ,0.247053  ,0.0927859   ,4.675   ,0.325     ,0.105686    ,4.27348  ,0.225736 ,0.144492    ,0.27231     ,1.78228     ,1.52205     ,0.424202   ,1.02808     ,0.747355   ,0.328786  ,0.944953    ,0.649426    ,0.340245   ,1.06217      ,0.767491    ,0.285233    ,0.884706    ,0.702234    ,0.433347    ,-0.317418   ,-0.203329   ,nan          ,nan          ,nan         ,0.0243362    ,0.0404861    ,0.0592549    ,nan          ,nan          ,nan         ,0.0235269    ,0.0424627    ,0.0599627    ,nan          ,nan          ,nan          ,0.0320964    ,0.0578377    ,0.0473715   ,0           ,0.0957008    ,-0.0017449   ,0.0925659    ,-0.0017442   ,0.0467169    ,       1 ,       0 ,       1 ,       0 ,       1 ,       0
29.5467  ,0.7  , 4.57  ,     0 ,0.286415 ,-0        ,         0 ,-0       ,4.975   ,-0.275    ,0           ,4.70814 ,-0.30174  ,0.0886623   ,4.275    ,-0.275    ,0.105686    ,4.99353 ,0.251554  ,0.085572    ,4.675   ,0.325     ,0.105686    ,4.28852  ,0.232004 ,0.148255    ,0.249963    ,1.79384     ,1.52395     ,0.452616   ,1.08545     ,0.827831   ,0.303464  ,0.956359    ,0.656046    ,0.368207   ,1.11998      ,0.847301    ,0.261997    ,0.90088     ,0.701228    ,0.478147    ,-0.220195   ,-0.125733   ,nan          ,nan          ,nan         ,0.0224644    ,0.0542074    ,0.0735141    ,nan          ,nan          ,nan         ,0.0236567    ,0.055158     ,0.0748038    ,nan          ,nan          ,nan          ,0.0301304    ,0.0775782    ,0.0606558   ,0           ,0.0886623    ,-0.0017449   ,0.0834463    ,-0.0017442   ,0.0480383    ,       1 ,       0 ,       1 ,       0 ,       1 ,       0
29.587   ,0.75 , 4.575 ,     0 ,0.287296 ,-0        ,         0 ,-0       ,4.975   ,-0.275    ,0           ,4.72164 ,-0.306532 ,0.0795392   ,4.275    ,-0.275    ,0.105686    ,5.00687 ,0.256616  ,0.0763297   ,4.675   ,0.325     ,0.105686    ,4.30444  ,0.239261 ,0.151155    ,0.227229    ,1.80538     ,1.52627     ,0.478437   ,1.1595      ,0.925453   ,0.277923  ,0.967164    ,0.662922    ,0.396175   ,1.19276      ,0.944595    ,0.238323    ,0.917327    ,0.700854    ,0.519446    ,-0.0944794  ,-0.0291686  ,nan          ,nan          ,nan         ,0.0200578    ,0.0679987    ,0.0875508    ,nan          ,nan          ,nan         ,0.0235369    ,0.0677437    ,0.0894936    ,nan          ,nan          ,nan          ,0.027223     ,0.0975153    ,0.0737854   ,0           ,0.0795392    ,-0.0017449   ,0.0798118    ,-0.0017442   ,0.0506402    ,       1 ,       0 ,       1 ,       0 ,       1 ,       0
29.6266  ,0.8  , 4.58  ,     0 ,0.288176 ,-0        ,         0 ,-0       ,4.975   ,-0.275    ,0           ,4.73496 ,-0.311585 ,0.0681893   ,4.275    ,-0.275    ,0.105686    ,5.02075 ,0.261853  ,0.0649981   ,4.675   ,0.325     ,0.105686    ,4.32102  ,0.24741  ,0.151966    ,0.204121    ,1.81685     ,1.52899     ,0.501017   ,1.2503      ,1.03995    ,0.252194  ,0.977364    ,0.670046    ,0.423853   ,1.28038      ,1.0592      ,0.214221    ,0.933974    ,0.701086    ,0.555894    ,0.0600125   ,0.0861421   ,nan          ,nan          ,nan         ,0.0171162    ,0.0818601    ,0.101365     ,nan          ,nan          ,nan         ,0.0231676    ,0.0802197    ,0.104032     ,nan          ,nan          ,nan          ,0.0233744    ,0.117649     ,0.0867603   ,0           ,0.0681893    ,-0.0017449   ,0.0623115    ,-0.0017442   ,0.0495586    ,       1 ,       0 ,       1 ,       0 ,       1 ,       0
29.6665  ,0.85 , 4.585 ,     0 ,0.289057 ,-0        ,         0 ,-0       ,4.975   ,-0.275    ,0           ,4.74762 ,-0.316489 ,0.0545034   ,4.275    ,-0.275    ,0.105686    ,5.03491 ,0.266818  ,0.0515624   ,4.675   ,0.325     ,0.105686    ,4.33771  ,0.256108 ,0.149229    ,0.18065     ,1.82825     ,1.53209     ,0.519708   ,1.35794     ,1.17106    ,0.226311  ,0.986962    ,0.677414    ,0.450946   ,1.38271      ,1.19092     ,0.189705    ,0.95075     ,0.701897    ,0.586139    ,0.243563    ,0.219977    ,nan          ,nan          ,nan         ,0.0136397    ,0.0957916    ,0.114957     ,nan          ,nan          ,nan         ,0.0225489    ,0.0925862    ,0.118419     ,nan          ,nan          ,nan          ,0.0185844    ,0.137979     ,0.0995804   ,0           ,0.0545034    ,-0.0017449   ,0.0486954    ,-0.0017442   ,0.0447831    ,       1 ,       0 ,       1 ,       0 ,       1 ,       0
29.7065  ,0.9  , 4.59  ,     0 ,0.289938 ,-0        ,         0 ,-0       ,4.975   ,-0.275    ,0           ,4.759   ,-0.320758 ,0.0384573   ,4.275    ,-0.275    ,0.105686    ,5.04898 ,0.271014  ,0.0360915   ,4.675   ,0.325     ,0.105686    ,4.35348  ,0.264609 ,0.141398    ,0.156831    ,1.83954     ,1.53556     ,0.533862   ,1.48251     ,1.3185     ,0.200311  ,0.995967    ,0.685023    ,0.477158   ,1.49962      ,1.3396      ,0.16479     ,0.967582    ,0.703261    ,0.608827    ,0.456454    ,0.372114    ,nan          ,nan          ,nan         ,0.00962832   ,0.109793     ,0.128326     ,nan          ,nan          ,nan         ,0.0216807    ,0.104843     ,0.132655     ,nan          ,nan          ,nan          ,0.012853     ,0.158507     ,0.112246    ,0           ,0.0384572    ,-0.0017449   ,0.0335725    ,-0.0017442   ,0.0359965    ,       1 ,       1 ,       1 ,       1 ,       1 ,       1
29.7467  ,0.95 , 4.595 ,     0 ,0.290819 ,-0        ,         0 ,-0       ,4.975   ,-0.275    ,0           ,4.76838 ,-0.323816 ,0.0201749   ,4.275    ,-0.275    ,0.105686    ,5.06253 ,0.273917  ,0.0187816   ,4.675   ,0.325     ,0.105686    ,4.36668  ,0.271595 ,0.127119    ,0.13268     ,1.85069     ,1.53938     ,0.54283    ,1.6241      ,1.48201    ,0.174227  ,1.00439     ,0.692872    ,0.502195   ,1.63098      ,1.50504     ,0.139494    ,0.984395    ,0.705147    ,0.622608    ,0.698969    ,0.54233     ,nan          ,nan          ,nan         ,0.00508201   ,0.123865     ,0.141473     ,nan          ,nan          ,nan         ,0.020563     ,0.11699      ,0.14674      ,nan          ,nan          ,nan          ,0.00618034   ,0.17923      ,0.124757    ,0           ,0.0201749    ,-0.0017449   ,0.0172039    ,-0.0017442   ,0.0215262    ,       1 ,       1 ,       1 ,       1 ,       1 ,       1
29.7956  ,0    , 4.6   ,     0 ,0.291699 ,-0        ,         0 ,-0       ,4.975   ,-0.274999 ,1.48031e-06 ,4.775   ,-0.325    ,0           ,4.275    ,-0.274998 ,0.105688    ,5.075   ,0.275     ,0           ,4.675   ,0.324998  ,0.105688    ,4.375    ,0.275    ,0.105686    ,0.108217    ,1.86168     ,1.54354     ,0.545964   ,1.78277     ,1.66132    ,0.148098  ,1.01225     ,0.700962    ,0.525761   ,1.77665      ,1.68707     ,0.113838    ,1.00112     ,0.707527    ,0.62613     ,0.971389    ,0.730405    ,-9.70269e-07 ,-0.131562    ,-0.153822   ,nan          ,nan          ,nan          ,0.0380973    ,-0.183355    ,-0.130518   ,nan          ,nan          ,nan          ,0.0300051    ,-0.162737    ,-0.132872    ,nan          ,nan          ,nan         ,1.48031e-06 ,0            ,-0.00174463  ,0            ,-0.00174205  ,8.60177e-09  ,       1 ,       1 ,       1 ,       1 ,       1 ,       1
29.8268  ,0.05 , 4.605 ,     0 ,0.291757 ,-0        ,         0 ,-0       ,4.98046 ,-0.274118 ,0.0259887   ,4.775   ,-0.325    ,0           ,4.28986  ,-0.270763 ,0.126837    ,5.075   ,0.275     ,0           ,4.68667 ,0.312735  ,0.124876    ,4.375    ,0.275    ,0.105686    ,0.110969    ,1.67274     ,1.3297      ,0.528589   ,1.78667     ,1.65052    ,0.204141  ,0.758592    ,0.516208    ,0.508704   ,1.77962      ,1.67573     ,0.157851    ,0.788955    ,0.532653    ,0.605832    ,0.977102    ,0.726251    ,0.00372076   ,-0.130533    ,-0.142915   ,nan          ,nan          ,nan          ,0.0358667    ,-0.151676    ,-0.113302   ,nan          ,nan          ,nan          ,0.0315698    ,-0.135027    ,-0.112437    ,nan          ,nan          ,nan         ,0.0259887   ,0            ,0.0221264    ,0            ,0.0178856    ,8.60177e-09  ,       0 ,       1 ,       0 ,       1 ,       0 ,       1
29.867   ,0.1  , 4.61  ,     0 ,0.291814 ,-0        ,         0 ,-0       ,4.98669 ,-0.271359 ,0.0511318   ,4.775   ,-0.325    ,0           ,4.30229  ,-0.261272 ,0.14083     ,5.075   ,0.275     ,0           ,4.69724 ,0.298052  ,0.137964    ,4.375    ,0.275    ,0.105686    ,0.118647    ,1.4862      ,1.13215     ,0.510785   ,1.79089     ,1.6403     ,0.256819  ,0.551689    ,0.357552    ,0.491253   ,1.78291      ,1.66496     ,0.203492    ,0.615184    ,0.386509    ,0.585062    ,0.982712    ,0.722508    ,0.00683729   ,-0.128219    ,-0.13119    ,nan          ,nan          ,nan          ,0.0336567    ,-0.121652    ,-0.0960773  ,nan          ,nan          ,nan          ,0.0322891    ,-0.108902    ,-0.0925886   ,nan          ,nan          ,nan         ,0.0511318   ,0            ,0.0345041    ,-2.22045e-16 ,0.0393139    ,8.60177e-09  ,       0 ,       1 ,       0 ,       1 ,       0 ,       1
29.9067  ,0.15 , 4.615 ,     0 ,0.291871 ,-0        ,         0 ,-0       ,4.99346 ,-0.266823 ,0.0743104   ,4.775   ,-0.325    ,0           ,4.31264  ,-0.250033 ,0.149215    ,5.075   ,0.275     ,0           ,4.70674 ,0.283318  ,0.146334    ,4.375    ,0.275    ,0.105686    ,0.130379    ,1.30391     ,0.952092    ,0.492546   ,1.79542     ,1.63064    ,0.306164  ,0.389034    ,0.225005    ,0.473401   ,1.7865       ,1.65475     ,0.249557    ,0.477546    ,0.268254    ,0.563827    ,0.988174    ,0.719158    ,0.00934861   ,-0.124622    ,-0.118648   ,nan          ,nan          ,nan          ,0.0314673    ,-0.0932823   ,-0.0788441  ,nan          ,nan          ,nan          ,0.032163     ,-0.0843616   ,-0.0733282   ,nan          ,nan          ,nan         ,0.0743104   ,0            ,0.0450182    ,0            ,0.0463591    ,8.60177e-09  ,       0 ,       1 ,       0 ,       1 ,       0 ,       1
29.9471  ,0.2  , 4.62  ,     0 ,0.291928 ,-0        ,         0 ,-0       ,5.00055 ,-0.260958 ,0.0946576   ,4.775   ,-0.325    ,0           ,4.32148  ,-0.239122 ,0.153817    ,5.075   ,0.275     ,0           ,4.71539 ,0.269999  ,0.151371    ,4.375    ,0.275    ,0.105686    ,0.145293    ,1.12774     ,0.790689    ,0.473864   ,1.80023     ,1.62153    ,0.352206  ,0.268118    ,0.118582    ,0.455145   ,1.79036      ,1.64509     ,0.294839    ,0.373779    ,0.177052    ,0.542135    ,0.993443    ,0.716185    ,0.0112547    ,-0.119741    ,-0.105287   ,nan          ,nan          ,nan          ,0.0292984    ,-0.0665673   ,-0.0616024  ,nan          ,nan          ,nan          ,0.0311916    ,-0.0614057   ,-0.0546555   ,nan          ,nan          ,nan         ,0.0913545   ,0            ,0.0521431    ,0            ,0.0573216    ,8.60177e-09  ,       0 ,       1 ,       0 ,       1 ,       0 ,       1
29.987   ,0.25 , 4.625 ,     0 ,0.291985 ,-0        ,         0 ,-0       ,5.00784 ,-0.25445  ,0.111631    ,4.775   ,-0.325    ,0           ,4.32943  ,-0.229662 ,0.156218    ,5.075   ,0.275     ,0           ,4.72354 ,0.258941  ,0.154217    ,4.375    ,0.275    ,0.105686    ,0.162611    ,0.959556    ,0.649021    ,0.454735   ,1.8053      ,1.61295    ,0.394976  ,0.186435    ,0.0382946   ,0.43648    ,1.79448      ,1.63597     ,0.338133    ,0.301625    ,0.112063    ,0.519996    ,0.998475    ,0.713575    ,0.0128011    ,-0.113486    ,-0.091372   ,nan          ,nan          ,nan          ,0.0271501    ,-0.041507    ,-0.0443522  ,nan          ,nan          ,nan          ,0.0293749    ,-0.0400345   ,-0.0365704   ,nan          ,nan          ,nan         ,0.0921885   ,0            ,0.0572864    ,0            ,0.065708     ,8.60177e-09  ,       0 ,       1 ,       0 ,       1 ,       0 ,       1
30.0269  ,0.3  , 4.63  ,     0 ,0.292042 ,-0        ,         0 ,-0       ,5.01535 ,-0.247898 ,0.125078    ,4.775   ,-0.325    ,0           ,4.33702  ,-0.222228 ,0.157553    ,5.075   ,0.275     ,0           ,4.73152 ,0.250601  ,0.155674    ,4.375    ,0.275    ,0.105686    ,0.182255    ,0.801505    ,0.527416    ,0.435154   ,1.8106      ,1.6049     ,0.4345    ,0.141468    ,-0.0158607  ,0.417404   ,1.79883      ,1.62736     ,0.378233    ,0.258823    ,0.0724508   ,0.497423    ,1.00323     ,0.71131     ,0.0144977    ,-0.10567     ,-0.07745    ,nan          ,nan          ,nan          ,0.0249932    ,-0.0181336   ,-0.0271592  ,nan          ,nan          ,nan          ,0.0267128    ,-0.0202479   ,-0.0190731   ,nan          ,nan          ,nan         ,0.0836648   ,0            ,0.0615066    ,0            ,0.071991     ,8.60177e-09  ,       0 ,       1 ,       0 ,       1 ,       0 ,       1
30.0667  ,0.35 , 4.635 ,     0 ,0.2921   ,-0        ,         0 ,-0       ,5.0232  ,-0.241843 ,0.135182    ,4.775   ,-0.325    ,0           ,4.34471  ,-0.217066 ,0.158473    ,5.075   ,0.275     ,0           ,4.73967 ,0.24522   ,0.156212    ,4.375    ,0.275    ,0.105686    ,0.204462    ,0.655843    ,0.42586     ,0.415116   ,1.81611     ,1.59735    ,0.470633  ,0.130518    ,-0.0442614  ,0.397915   ,1.80338      ,1.61926     ,0.413991    ,0.243145    ,0.057378    ,0.47443     ,1.00767     ,0.709376    ,0.0163603    ,-0.0962861   ,-0.0635379  ,nan          ,nan          ,nan          ,0.0226577    ,0.00336529   ,-0.0104047  ,nan          ,nan          ,nan          ,0.0234013    ,-0.00193444  ,-0.00215571  ,nan          ,nan          ,nan         ,0.0818424   ,0            ,0.0654622    ,0            ,0.0881691    ,8.60177e-09  ,       0 ,       1 ,       0 ,       1 ,       0 ,       1
30.1069  ,0.4  , 4.64  ,     0 ,0.292157 ,-0        ,         0 ,-0       ,5.03156 ,-0.236764 ,0.142373    ,4.775   ,-0.325    ,0           ,4.35281  ,-0.214247 ,0.159177    ,5.075   ,0.275     ,0           ,4.74831 ,0.242812  ,0.156004    ,4.375    ,0.275    ,0.105686    ,0.229473    ,0.524829    ,0.34434     ,0.394618   ,1.82181     ,1.59029    ,0.503071  ,0.150706    ,-0.0476496  ,0.37801    ,1.80812      ,1.61165     ,0.445044    ,0.252812    ,0.0660399   ,0.451034    ,1.01175     ,0.707759    ,0.0183889    ,-0.0853353   ,-0.0496358  ,nan          ,nan          ,nan          ,0.0201165    ,0.0229594    ,0.00585001  ,nan          ,nan          ,nan          ,0.0201662    ,0.0153192    ,0.0142102    ,nan          ,nan          ,nan         ,0.0782802   ,0            ,0.073148     ,0            ,0.0930496    ,8.60177e-09  ,       0 ,       1 ,       0 ,       1 ,       0 ,       1
30.147   ,0.45 , 4.645 ,     0 ,0.292214 ,-0        ,         0 ,-0       ,5.04062 ,-0.232999 ,0.147241    ,4.775   ,-0.325    ,0           ,4.36159  ,-0.213783 ,0.159485    ,5.075   ,0.275     ,0           ,4.75771 ,0.243253  ,0.154983    ,4.375    ,0.275    ,0.105686    ,0.257523    ,0.410719    ,0.28284     ,0.37366    ,1.82766     ,1.58371    ,0.531501  ,0.199145    ,-0.0267827  ,0.357691   ,1.81302      ,1.60451     ,0.471586    ,0.28636     ,0.0976532   ,0.427256    ,1.01545     ,0.706446    ,0.0205584    ,-0.0728189   ,-0.0357409  ,nan          ,nan          ,nan          ,0.0173696    ,0.0406489    ,0.021605    ,nan          ,nan          ,nan          ,0.0170754    ,0.0315517    ,0.0300272    ,nan          ,nan          ,nan         ,0.0730879   ,0            ,0.0804688    ,0            ,0.087678     ,8.60177e-09  ,       0 ,       1 ,       0 ,       1 ,       0 ,       1
30.1868  ,0.5  , 4.65  ,     0 ,0.292271 ,-0        ,         0 ,-0       ,5.05054 ,-0.230752 ,0.15043     ,4.775   ,-0.325    ,0           ,4.37123  ,-0.215633 ,0.158927    ,5.075   ,0.275     ,0           ,4.76802 ,0.246375  ,0.152887    ,4.375    ,0.275    ,0.105686    ,0.288439    ,0.315747    ,0.241391    ,0.35224    ,1.83365     ,1.57759    ,0.555613  ,0.272949    ,0.0175819   ,0.336958   ,1.81805      ,1.59784     ,0.493823    ,0.342332    ,0.151435    ,0.403117    ,1.01872     ,0.705426    ,0.0222327    ,-0.0587758   ,-0.0217871  ,nan          ,nan          ,nan          ,0.0144169    ,0.0564336    ,0.0368602   ,nan          ,nan          ,nan          ,0.0141288    ,0.0467631    ,0.0452954    ,nan          ,nan          ,nan         ,0.061661    ,0            ,0.0880959    ,0            ,0.0878336    ,8.60177e-09  ,       0 ,       1 ,       0 ,       1 ,       0 ,       1
30.2266  ,0.55 , 4.655 ,     0 ,0.292328 ,-0        ,         0 ,-0       ,5.06135 ,-0.230158 ,0.152538    ,4.775   ,-0.325    ,0           ,4.38178  ,-0.219681 ,0.15684     ,5.075   ,0.275     ,0           ,4.77928 ,0.251958  ,0.149306    ,4.375    ,0.275    ,0.105686    ,0.321211    ,0.242094    ,0.220108    ,0.33036    ,1.83974     ,1.57191    ,0.575095  ,0.369231    ,0.0846867   ,0.315814   ,1.82319      ,1.59162     ,0.511959    ,0.419272    ,0.226603    ,0.378641    ,1.02156     ,0.704687    ,0.0231343    ,-0.043223    ,-0.00774522 ,nan          ,nan          ,nan          ,0.0112585    ,0.0703136    ,0.0516156   ,nan          ,nan          ,nan          ,0.0113265    ,0.0609533    ,0.0600147    ,nan          ,nan          ,nan         ,0.0585635   ,0            ,0.0957683    ,0            ,0.0869541    ,8.60177e-09  ,       0 ,       1 ,       0 ,       1 ,       0 ,       1
30.2666  ,0.6  , 4.66  ,     0 ,0.292386 ,-0        ,         0 ,-0       ,5.07307 ,-0.231236 ,0.154028    ,4.775   ,-0.325    ,0           ,4.39314  ,-0.225706 ,0.152488    ,5.075   ,0.275     ,0           ,4.7914  ,0.259699  ,0.14375     ,4.375    ,0.275    ,0.105686    ,0.354725    ,0.191934    ,0.219117    ,0.308023   ,1.8459      ,1.56667    ,0.589803  ,0.485218    ,0.173736    ,0.294263   ,1.82841      ,1.58583     ,0.526213    ,0.515685    ,0.322267    ,0.353854    ,1.02393     ,0.704222    ,0.0232632    ,-0.0261605   ,0.00638465  ,nan          ,nan          ,nan          ,0.00825245   ,0.0825288    ,0.0657894   ,nan          ,nan          ,nan          ,0.00869417   ,0.0740424    ,0.0739609    ,nan          ,nan          ,nan         ,0.0546283   ,0            ,0.103072     ,0            ,0.0835874    ,8.60177e-09  ,       0 ,       1 ,       0 ,       1 ,       0 ,       1
30.3066  ,0.65 , 4.665 ,     0 ,0.292443 ,-0        ,         0 ,-0       ,5.08568 ,-0.233926 ,0.155155    ,4.775   ,-0.325    ,0           ,4.40511  ,-0.233269 ,0.145183    ,5.075   ,0.275     ,0           ,4.80411 ,0.269131  ,0.135736    ,4.375    ,0.275    ,0.105686    ,0.387868    ,0.167443    ,0.238546    ,0.285233   ,1.85212     ,1.56184    ,0.600416  ,0.618687    ,0.283745    ,0.27231    ,1.8337       ,1.58046     ,0.536854    ,0.629924    ,0.437108    ,0.328786    ,1.02582     ,0.704022    ,0.0226194    ,-0.00758828  ,0.0206025   ,nan          ,nan          ,nan          ,0.00585541   ,0.0933852    ,0.0792773   ,nan          ,nan          ,nan          ,0.00625843   ,0.0859479    ,0.0869028    ,nan          ,nan          ,nan         ,0.0500475   ,0            ,0.117387     ,0            ,0.0831904    ,8.60177e-09  ,       0 ,       1 ,       0 ,       1 ,       0 ,       1
30.347   ,0.7  , 4.67  ,     0 ,0.2925   ,-0        ,         0 ,-0       ,5.09912 ,-0.23815  ,0.155897    ,4.775   ,-0.325    ,0           ,4.41738  ,-0.241779 ,0.134369    ,5.075   ,0.275     ,0           ,4.81705 ,0.27967   ,0.124848    ,4.375    ,0.275    ,0.105686    ,0.419527    ,0.170795    ,0.278521    ,0.261997   ,1.85835     ,1.55741    ,0.607859  ,0.76758     ,0.413676    ,0.249963   ,1.83901      ,1.5755      ,0.54416     ,0.760299    ,0.569691    ,0.303464    ,1.02722     ,0.704084    ,0.0212028    ,0.0124937    ,0.0349084   ,nan          ,nan          ,nan          ,0.00406899   ,0.102884     ,0.0920789   ,nan          ,nan          ,nan          ,0.00401925   ,0.0966697    ,0.0988403    ,nan          ,nan          ,nan         ,0.0448367   ,0            ,0.118984     ,0            ,0.0829251    ,8.60177e-09  ,       0 ,       1 ,       0 ,       1 ,       0 ,       1
30.3868  ,0.75 , 4.675 ,     0 ,0.292557 ,-0        ,         0 ,-0       ,5.11323 ,-0.243811 ,0.155907    ,4.775   ,-0.325    ,0           ,4.42955  ,-0.250533 ,0.119716    ,5.075   ,0.275     ,0           ,4.82972 ,0.290636  ,0.110813    ,4.375    ,0.275    ,0.105686    ,0.448613    ,0.204219    ,0.339109    ,0.238323   ,1.86458     ,1.55336    ,0.613057  ,0.929838    ,0.562487    ,0.227229   ,1.84433      ,1.57092     ,0.548412    ,0.905123    ,0.718584    ,0.277923    ,1.02812     ,0.704403    ,0.0190782    ,0.0342268    ,0.0491405   ,nan          ,nan          ,nan          ,0.00289318   ,0.111025     ,0.104194    ,nan          ,nan          ,nan          ,0.00197662   ,0.106208     ,0.109773     ,nan          ,nan          ,nan         ,0.0509939   ,0            ,0.117427     ,0            ,0.0770982    ,8.60177e-09  ,       0 ,       1 ,       0 ,       1 ,       0 ,       1
30.427   ,0.8  , 4.68  ,     0 ,0.292614 ,-0        ,         0 ,-0       ,5.12773 ,-0.250644 ,0.154426    ,4.775   ,-0.325    ,0           ,4.44121  ,-0.258774 ,0.101191    ,5.075   ,0.275     ,0           ,4.84162 ,0.301272  ,0.0935624   ,4.375    ,0.275    ,0.105686    ,0.474227    ,0.270358    ,0.4199      ,0.214221   ,1.87077     ,1.54968    ,0.616936  ,1.10341     ,0.729138    ,0.204121   ,1.84962      ,1.56672     ,0.549964    ,1.06273     ,0.882435    ,0.252194    ,1.02851     ,0.704979    ,0.0163867    ,0.0579197    ,0.0629458   ,nan          ,nan          ,nan          ,0.00232798   ,0.117808     ,0.115623    ,nan          ,nan          ,nan          ,0.000303643  ,0.114628     ,0.119894     ,nan          ,nan          ,nan         ,0.04856     ,0            ,0.105037     ,0            ,0.0554618    ,8.60177e-09  ,       0 ,       1 ,       0 ,       1 ,       0 ,       1
30.4671  ,0.85 , 4.685 ,     0 ,0.292672 ,-0        ,         0 ,-0       ,5.14215 ,-0.258216 ,0.150265    ,4.775   ,-0.325    ,0           ,4.45196  ,-0.265766 ,0.0791194   ,5.075   ,0.275     ,0           ,4.85235 ,0.310778  ,0.0732616   ,4.375    ,0.275    ,0.105686    ,0.495558    ,0.372049    ,0.520263    ,0.189705   ,1.87688     ,1.54635    ,0.620334  ,1.28623     ,0.91259     ,0.18065    ,1.85487      ,1.56287     ,0.549583    ,1.23163     ,1.06035     ,0.226311    ,1.0284      ,0.705811    ,0.0131331    ,0.0835829    ,0.0763121   ,nan          ,nan          ,nan          ,0.00213616   ,0.123242     ,0.126366    ,nan          ,nan          ,nan          ,-0.000732239 ,0.122032     ,0.129498     ,nan          ,nan          ,nan         ,0.0434527   ,0            ,0.0791194    ,0            ,0.0671966    ,8.60177e-09  ,       0 ,       1 ,       0 ,       1 ,       0 ,       1
30.507   ,0.9  , 4.69  ,     0 ,0.292729 ,-0        ,         0 ,-0       ,5.15574 ,-0.265817 ,0.141875    ,4.775   ,-0.325    ,0           ,4.46138  ,-0.270952 ,0.0541822   ,5.075   ,0.275     ,0           ,4.86159 ,0.318352  ,0.0503576   ,4.375    ,0.275    ,0.105686    ,0.511797    ,0.512131    ,0.639567    ,0.16479    ,1.8829      ,1.54334    ,0.623276  ,1.47628     ,1.1118      ,0.156831   ,1.86004      ,1.55937     ,0.54818     ,1.41036     ,1.2516      ,0.200311    ,1.0278      ,0.706903    ,0.00931757   ,0.111217     ,0.0892393   ,nan          ,nan          ,nan          ,0.00170005   ,0.12735      ,0.136421    ,nan          ,nan          ,nan          ,-0.00112801  ,0.128421     ,0.138588     ,nan          ,nan          ,nan         ,0.0361891   ,0            ,0.0541822    ,0            ,0.049293     ,8.60177e-09  ,       1 ,       1 ,       1 ,       1 ,       1 ,       1
30.5467  ,0.95 , 4.695 ,     0 ,0.292786 ,-0        ,         0 ,-0       ,5.1673  ,-0.272162 ,0.127519    ,4.775   ,-0.325    ,0           ,4.4691   ,-0.274029 ,0.0273892   ,5.075   ,0.275     ,0           ,4.86916 ,0.323275  ,0.0255973   ,4.375    ,0.275    ,0.105686    ,0.522135    ,0.693443    ,0.777177    ,0.139494   ,1.88879     ,1.54066    ,0.625347  ,1.67155     ,1.32573     ,0.13268    ,1.8651       ,1.5562      ,0.546669    ,1.59749     ,1.45545     ,0.174227    ,1.02671     ,0.708258    ,0.00493997   ,0.140821     ,0.101728    ,nan          ,nan          ,nan          ,0.00098767   ,0.130135     ,0.14579     ,nan          ,nan          ,nan          ,-0.000883665 ,0.133795     ,0.147165     ,nan          ,nan          ,nan         ,0.0218331   ,0            ,0.0273892    ,0            ,0.0300618    ,8.60177e-09  ,       1 ,       1 ,       1 ,       1 ,       1 ,       1
30.6053  ,0    , 4.7   ,     0 ,0.292843 ,-0        ,         0 ,-0       ,5.175   ,-0.275    ,0.105686    ,4.775   ,-0.324999 ,1.52787e-06 ,4.475    ,-0.275    ,0           ,5.075   ,0.274999  ,1.4746e-06  ,4.875   ,0.325     ,0           ,4.375    ,0.274998 ,0.105688    ,0.525761    ,0.918823    ,0.932463    ,0.113838   ,1.89453     ,1.53827    ,0.62613   ,1.87004     ,1.55334     ,0.108217   ,1.87004      ,1.55334     ,0.545964    ,1.79155     ,1.67116     ,0.148098    ,1.02516     ,0.709883    ,nan          ,nan          ,nan         ,-1.02494e-06 ,-0.129835    ,-0.154529    ,nan          ,nan          ,nan         ,-0.0280205   ,-0.119777    ,-0.150187    ,nan          ,nan          ,nan          ,0.000385729  ,-0.200037    ,-0.141159   ,8.60177e-09 ,1.52787e-06  ,0            ,8.03607e-07  ,0            ,1.54108e-06  ,       1 ,       1 ,       1 ,       1 ,       1 ,       1
30.6266  ,0.05 , 4.705 ,     0 ,0.291962 ,-0        ,         0 ,-0       ,5.175   ,-0.275    ,0.105686    ,4.78051 ,-0.324016 ,0.0204178   ,4.475    ,-0.275    ,0           ,5.07138 ,0.275363  ,0.0314287   ,4.875   ,0.325     ,0           ,4.38044  ,0.270645 ,0.127253    ,0.508704    ,0.910066    ,0.912109    ,0.117085   ,1.74254     ,1.36047    ,0.605832  ,1.86799     ,1.54274     ,0.0652558  ,1.639        ,1.28505     ,0.528589    ,1.78825     ,1.65229     ,0.15394     ,0.752128    ,0.516417    ,nan          ,nan          ,nan         ,0.005251     ,-0.120321    ,-0.138203    ,nan          ,nan          ,nan         ,-0.0178763   ,-0.126316    ,-0.135996    ,nan          ,nan          ,nan          ,0.00761696   ,-0.181057    ,-0.128829   ,8.60177e-09 ,0.0204178    ,0            ,0.0230703    ,0            ,0.021686     ,       1 ,       0 ,       1 ,       0 ,       1 ,       0
30.667   ,0.1  , 4.71  ,     0 ,0.291082 ,-0        ,         0 ,-0       ,5.175   ,-0.275    ,0.105686    ,4.78697 ,-0.321339 ,0.0392321   ,4.475    ,-0.275    ,0           ,5.07154 ,0.275193  ,0.0618054   ,4.875   ,0.325     ,0           ,4.38675  ,0.261336 ,0.14189     ,0.491253    ,0.901552    ,0.892182    ,0.126363   ,1.60236     ,1.20242    ,0.585062  ,1.86579     ,1.53245     ,0.0409488  ,1.3979       ,1.04354     ,0.510785    ,1.78532     ,1.63404     ,0.169493    ,0.506218    ,0.340782    ,nan          ,nan          ,nan         ,0.00992836   ,-0.110403    ,-0.122031    ,nan          ,nan          ,nan         ,-0.00811949  ,-0.130499    ,-0.121624    ,nan          ,nan          ,nan          ,0.0139397    ,-0.162183    ,-0.11627    ,8.60177e-09 ,0.0392321    ,0            ,0.0305432    ,0            ,0.0365784    ,       1 ,       0 ,       1 ,       0 ,       1 ,       0
30.7065  ,0.15 , 4.715 ,     0 ,0.290201 ,-0        ,         0 ,-0       ,5.175   ,-0.275    ,0.105686    ,4.79422 ,-0.317423 ,0.0559276   ,4.475    ,-0.275    ,0           ,5.07522 ,0.273318  ,0.089036    ,4.875   ,0.325     ,0           ,4.39378  ,0.249996 ,0.150071    ,0.473401    ,0.893269    ,0.872678    ,0.140974   ,1.47446     ,1.06392    ,0.563827  ,1.86342     ,1.52244     ,0.0345699  ,1.15117      ,0.829138    ,0.492546    ,1.78273     ,1.61639     ,0.193456    ,0.287277    ,0.183307    ,nan          ,nan          ,nan         ,0.0140311    ,-0.100083    ,-0.106013    ,nan          ,nan          ,nan         ,0.00124981   ,-0.132324    ,-0.107072    ,nan          ,nan          ,nan          ,0.0193539    ,-0.143416    ,-0.103484   ,8.60177e-09 ,0.0559276    ,0            ,0.0219853    ,0            ,0.0441687    ,       1 ,       0 ,       1 ,       0 ,       1 ,       0
30.7469  ,0.2  , 4.72  ,     0 ,0.28932  ,-0        ,         0 ,-0       ,5.175   ,-0.275    ,0.105686    ,4.80211 ,-0.312758 ,0.0702007   ,4.475    ,-0.275    ,0           ,5.08217 ,0.269581  ,0.111605    ,4.875   ,0.325     ,0           ,4.40136  ,0.238685 ,0.152976    ,0.455145    ,0.885206    ,0.853597    ,0.160221   ,1.35935     ,0.944783   ,0.542135  ,1.86084     ,1.51272     ,0.0453927  ,0.903225     ,0.642188    ,0.473864    ,1.78048     ,1.59933     ,0.224526    ,0.0951533   ,0.0443179   ,nan          ,nan          ,nan         ,0.0175591    ,-0.0893595   ,-0.09015     ,nan          ,nan          ,nan         ,0.0102316    ,-0.131794    ,-0.0923393   ,nan          ,nan          ,nan          ,0.0238596    ,-0.124754    ,-0.0904688  ,8.60177e-09 ,0.0702007    ,0            ,0.0222188    ,0            ,0.0479038    ,       1 ,       0 ,       1 ,       0 ,       1 ,       0
30.787   ,0.25 , 4.725 ,     0 ,0.28844  ,-0        ,         0 ,-0       ,5.175   ,-0.275    ,0.105686    ,4.81054 ,-0.307826 ,0.0819252   ,4.475    ,-0.275    ,0           ,5.09204 ,0.264643  ,0.128764    ,4.875   ,0.325     ,0           ,4.40938  ,0.228654 ,0.152066    ,0.43648     ,0.87735     ,0.834936    ,0.183404   ,1.25751     ,0.844824   ,0.519996  ,1.85805     ,1.50326     ,0.0724055  ,0.658605     ,0.482953    ,0.454735    ,1.77852     ,1.58283     ,0.261401    ,-0.0703056  ,-0.0758582  ,nan          ,nan          ,nan         ,0.0205124    ,-0.0782333   ,-0.0744415   ,nan          ,nan          ,nan         ,0.0182717    ,-0.128674    ,-0.0775713   ,nan          ,nan          ,nan          ,0.0274569    ,-0.106199    ,-0.0772259  ,8.60177e-09 ,0.0819252    ,0            ,0.0281769    ,0            ,0.0482005    ,       1 ,       0 ,       1 ,       0 ,       1 ,       0
30.8267  ,0.3  , 4.73  ,     0 ,0.287559 ,-0        ,         0 ,-0       ,5.175   ,-0.275    ,0.105686    ,4.81943 ,-0.303071 ,0.0911119   ,4.475    ,-0.275    ,0           ,5.10415 ,0.259547  ,0.140655    ,4.875   ,0.325     ,0           ,4.41784  ,0.220507 ,0.148789    ,0.417404    ,0.869687    ,0.816695    ,0.209826   ,1.16944     ,0.763855   ,0.497423  ,1.855       ,1.49405     ,0.112642   ,0.422666     ,0.351184    ,0.435154    ,1.77685     ,1.56687     ,0.30278     ,-0.209252   ,-0.176894   ,nan          ,nan          ,nan         ,0.0228911    ,-0.0667042   ,-0.0588874   ,nan          ,nan          ,nan         ,0.0243171    ,-0.122523    ,-0.0630441   ,nan          ,nan          ,nan          ,0.0301456    ,-0.0877492   ,-0.0637548  ,8.60177e-09 ,0.0911119    ,0            ,0.0363377    ,0            ,0.0459772    ,       1 ,       0 ,       1 ,       0 ,       1 ,       0
30.8667  ,0.35 , 4.735 ,     0 ,0.286678 ,-0        ,         0 ,-0       ,5.175   ,-0.275    ,0.105686    ,4.82874 ,-0.298877 ,0.0978669   ,4.475    ,-0.275    ,0           ,5.11793 ,0.255368  ,0.14824     ,4.875   ,0.325     ,0           ,4.42676  ,0.214395 ,0.144413    ,0.397915    ,0.862201    ,0.798869    ,0.238789   ,1.09561     ,0.701686   ,0.47443   ,1.85168     ,1.48508     ,0.162319   ,0.201111     ,0.246417    ,0.415116    ,1.77542     ,1.55144     ,0.347361    ,-0.321836   ,-0.258464   ,nan          ,nan          ,nan         ,0.0246952    ,-0.0547722   ,-0.0434878   ,nan          ,nan          ,nan         ,0.0283426    ,-0.11333     ,-0.0487643   ,nan          ,nan          ,nan          ,0.0319259    ,-0.0694059   ,-0.0500555  ,8.60177e-09 ,0.0978669    ,0            ,0.0430179    ,0            ,0.0424908    ,       1 ,       0 ,       1 ,       0 ,       1 ,       0
30.9071  ,0.4  , 4.74  ,     0 ,0.285797 ,-0        ,         0 ,-0       ,5.175   ,-0.275    ,0.105686    ,4.83849 ,-0.295552 ,0.102351    ,4.475    ,-0.275    ,0           ,5.13302 ,0.252852  ,0.153029    ,4.875   ,0.325     ,0           ,4.43617  ,0.210205 ,0.139957    ,0.37801     ,0.854874    ,0.781459    ,0.269594   ,1.03652     ,0.658132   ,0.451034  ,1.84807     ,1.47634     ,0.21765    ,-0.000358323 ,0.168189    ,0.394618    ,1.77422     ,1.53653     ,0.393842    ,-0.408212   ,-0.320239   ,nan          ,nan          ,nan         ,0.0259245    ,-0.0424374   ,-0.0282428   ,nan          ,nan          ,nan         ,0.0303481    ,-0.101094    ,-0.0347321   ,nan          ,nan          ,nan          ,0.0327976    ,-0.0511687   ,-0.0361281  ,8.60177e-09 ,0.102351     ,0            ,0.046816     ,0            ,0.03877      ,       1 ,       0 ,       1 ,       0 ,       1 ,       0
30.9469  ,0.45 , 4.745 ,     0 ,0.284917 ,-0        ,         0 ,-0       ,5.175   ,-0.275    ,0.105686    ,4.84872 ,-0.293323 ,0.104745    ,4.475    ,-0.275    ,0           ,5.14915 ,0.25222   ,0.156677    ,4.875   ,0.325     ,0           ,4.44611  ,0.207718 ,0.136169    ,0.357691    ,0.847688    ,0.76446     ,0.301543   ,0.992666    ,0.633004   ,0.427256  ,1.84415     ,1.46782     ,0.27485    ,-0.176039    ,0.116033    ,0.37366     ,1.77322     ,1.52211     ,0.440922    ,-0.468531   ,-0.361894   ,nan          ,nan          ,nan         ,0.0265792    ,-0.0296996   ,-0.0131522   ,nan          ,nan          ,nan         ,0.0303658    ,-0.0858223   ,-0.0209662   ,nan          ,nan          ,nan          ,0.0327608    ,-0.0330376   ,-0.0219725  ,8.60177e-09 ,0.104745     ,0            ,0.0494048    ,0            ,0.035585     ,       1 ,       0 ,       1 ,       0 ,       1 ,       0
30.9868  ,0.5  , 4.75  ,     0 ,0.284036 ,-0        ,         0 ,-0       ,5.175   ,-0.275    ,0.105686    ,4.85948 ,-0.29233  ,0.105213    ,4.475    ,-0.275    ,0           ,5.16603 ,0.253089  ,0.160537    ,4.875   ,0.325     ,0           ,4.4566   ,0.206721 ,0.133546    ,0.336958    ,0.840622    ,0.74787     ,0.333939   ,0.964527    ,0.626114   ,0.403117  ,1.83989     ,1.45951     ,0.330907   ,-0.320349    ,0.0890342   ,0.35224     ,1.7724      ,1.50816     ,0.487298    ,-0.502926   ,-0.383101   ,nan          ,nan          ,nan         ,0.0266606    ,-0.0165588   ,0.0017843    ,nan          ,nan          ,nan         ,0.0293339    ,-0.0676602   ,-0.00801504  ,nan          ,nan          ,nan          ,0.0318156    ,-0.0149241   ,-0.00758792 ,8.60177e-09 ,0.105213     ,0            ,0.0548508    ,0            ,0.0378784    ,       1 ,       0 ,       1 ,       0 ,       1 ,       0
31.0266  ,0.55 , 4.755 ,     0 ,0.283155 ,-0        ,         0 ,-0       ,5.175   ,-0.275    ,0.105686    ,4.87082 ,-0.292637 ,0.103881    ,4.475    ,-0.275    ,0           ,5.18334 ,0.254565  ,0.16527     ,4.875   ,0.325     ,0           ,4.46764  ,0.207029 ,0.132375    ,0.315814    ,0.833653    ,0.731686    ,0.36611    ,0.952599    ,0.637285   ,0.378641  ,1.83528     ,1.4514      ,0.384452   ,-0.427965    ,0.0853138   ,0.33036     ,1.77172     ,1.49468     ,0.531669    ,-0.510988   ,-0.383528   ,nan          ,nan          ,nan         ,0.0262208    ,-0.00301007  ,0.0165849    ,nan          ,nan          ,nan         ,0.0276855    ,-0.0466762   ,0.00386805   ,nan          ,nan          ,nan          ,0.0299625    ,0.00379089   ,0.00703122  ,8.60177e-09 ,0.103881     ,0            ,0.059584     ,0            ,0.0371908    ,       1 ,       0 ,       1 ,       0 ,       1 ,       0
31.0669  ,0.6  , 4.76  ,     0 ,0.282274 ,-0        ,         0 ,-0       ,5.175   ,-0.275    ,0.105686    ,4.88277 ,-0.294223 ,0.100811    ,4.475    ,-0.275    ,0           ,5.20057 ,0.255894  ,0.170761    ,4.875   ,0.325     ,0           ,4.47922  ,0.208524 ,0.132741    ,0.294263    ,0.826756    ,0.715903    ,0.397446   ,0.95738     ,0.666358   ,0.353854  ,1.83031     ,1.44349     ,0.434328   ,-0.493596    ,0.10287     ,0.308023    ,1.77115     ,1.48164     ,0.572733    ,-0.491717   ,-0.362838   ,nan          ,nan          ,nan         ,0.0252862    ,0.0109492    ,0.0312587    ,nan          ,nan          ,nan         ,0.0254206    ,-0.0228703   ,0.0146831    ,nan          ,nan          ,nan          ,0.0272015    ,0.023227     ,0.021886    ,8.60177e-09 ,0.100811     ,0            ,0.0650748    ,0            ,0.0377477    ,       1 ,       0 ,       1 ,       0 ,       1 ,       0
31.1069  ,0.65 , 4.765 ,     0 ,0.281394 ,-0        ,         0 ,-0       ,5.175   ,-0.275    ,0.105686    ,4.89529 ,-0.296999 ,0.0959901   ,4.475    ,-0.275    ,0           ,5.21718 ,0.256747  ,0.176211    ,4.875   ,0.325     ,0           ,4.49133  ,0.211234 ,0.134493    ,0.27231     ,0.819904    ,0.700517    ,0.427346   ,0.979368    ,0.713181   ,0.328786  ,1.82496     ,1.43577     ,0.47938    ,-0.511953    ,0.1397      ,0.285233    ,1.77068     ,1.46903     ,0.609192    ,-0.444078   ,-0.320692   ,nan          ,nan          ,nan         ,0.023857     ,0.0253189    ,0.0458058    ,nan          ,nan          ,nan         ,0.0225391    ,0.00375768   ,0.0244302    ,nan          ,nan          ,nan          ,0.0235326    ,0.0433841    ,0.0369765   ,8.60177e-09 ,0.0959901    ,0            ,0.0705247    ,0            ,0.0394087    ,       1 ,       0 ,       1 ,       0 ,       1 ,       0
31.1468  ,0.7  , 4.77  ,     0 ,0.280513 ,-0        ,         0 ,-0       ,5.175   ,-0.275    ,0.105686    ,4.90828 ,-0.300802 ,0.0893294   ,4.475    ,-0.275    ,0           ,5.23271 ,0.25723   ,0.180278    ,4.875   ,0.325     ,0           ,4.50401  ,0.215328 ,0.137208    ,0.249963    ,0.813067    ,0.685524    ,0.455209   ,1.01906     ,0.777599   ,0.303464  ,1.81922     ,1.42823     ,0.518452   ,-0.477745    ,0.193803    ,0.261997    ,1.77026     ,1.45683     ,0.639742    ,-0.367038   ,-0.256754   ,nan          ,nan          ,nan         ,0.021933     ,0.0400992    ,0.0602261    ,nan          ,nan          ,nan         ,0.0190391    ,0.0331864    ,0.0331121    ,nan          ,nan          ,nan          ,0.0189559    ,0.0642623    ,0.0523027   ,8.60177e-09 ,0.0893294    ,0            ,0.0745914    ,0            ,0.0437701    ,       1 ,       0 ,       1 ,       0 ,       1 ,       0
31.1867  ,0.75 , 4.775 ,     0 ,0.279632 ,-0        ,         0 ,-0       ,5.175   ,-0.275    ,0.105686    ,4.92153 ,-0.305396 ,0.0806636   ,4.475    ,-0.275    ,0           ,5.24686 ,0.257867  ,0.181418    ,4.875   ,0.325     ,0           ,4.5173   ,0.221073 ,0.140137    ,0.227229    ,0.806215    ,0.670916    ,0.480435   ,1.07696     ,0.859457   ,0.277923  ,1.81309     ,1.42089     ,0.550178   ,-0.387876    ,0.263482    ,0.238322    ,1.76987     ,1.44502     ,0.663084    ,-0.259564   ,-0.170685   ,nan          ,nan          ,nan         ,0.0195144    ,0.0552899    ,0.0745197    ,nan          ,nan          ,nan         ,0.0146175    ,0.0622475    ,0.0411723    ,nan          ,nan          ,nan          ,0.0134713    ,0.0858616    ,0.0678646   ,8.60177e-09 ,0.0806636    ,0            ,0.075732     ,0            ,0.0446047    ,       1 ,       0 ,       1 ,       0 ,       1 ,       0
31.2265  ,0.8  , 4.78  ,     0 ,0.278752 ,-0        ,         0 ,-0       ,5.175   ,-0.275    ,0.105686    ,4.93471 ,-0.310459 ,0.0697713   ,4.475    ,-0.275    ,0           ,5.25942 ,0.25961   ,0.178519    ,4.875   ,0.325     ,0           ,4.53109  ,0.228755 ,0.142148    ,0.204121    ,0.799314    ,0.656689    ,0.502422   ,1.15356     ,0.958604   ,0.252194  ,1.80656     ,1.41373     ,0.572548   ,-0.245999    ,0.347986    ,0.214221    ,1.76947     ,1.43359     ,0.677916    ,-0.120623   ,-0.0621486  ,nan          ,nan          ,nan         ,0.016601     ,0.0708911    ,0.0886865    ,nan          ,nan          ,nan         ,0.00905713   ,0.0886698    ,0.0489283    ,nan          ,nan          ,nan          ,0.00707887   ,0.108182     ,0.0836622   ,8.60177e-09 ,0.0697713    ,0            ,0.0723258    ,0            ,0.0443368    ,       1 ,       0 ,       1 ,       0 ,       1 ,       0
31.267   ,0.85 , 4.785 ,     0 ,0.277871 ,-0        ,         0 ,-0       ,5.175   ,-0.275    ,0.105686    ,4.94733 ,-0.315574 ,0.0564078   ,4.475    ,-0.275    ,0           ,5.26989 ,0.26299   ,0.170429    ,4.875   ,0.325     ,0           ,4.54501  ,0.238543 ,0.141686    ,0.18065     ,0.792328    ,0.642836    ,0.520569   ,1.24937     ,1.07488    ,0.226311  ,1.79962     ,1.40676     ,0.583426   ,-0.0570608   ,0.446746    ,0.189705    ,1.76904     ,1.42253     ,0.682937    ,0.0508181   ,0.0691942   ,nan          ,nan          ,nan         ,0.013193     ,0.0869029    ,0.102727     ,nan          ,nan          ,nan         ,0.00235796   ,0.112453     ,0.0563802    ,nan          ,nan          ,nan          ,-0.000221431 ,0.131223     ,0.0996954   ,8.60177e-09 ,0.0564078    ,0            ,0.0644074    ,0            ,0.0418019    ,       1 ,       0 ,       1 ,       0 ,       1 ,       0
31.3065  ,0.9  , 4.79  ,     0 ,0.27699  ,-0        ,         0 ,-0       ,5.175   ,-0.275    ,0.105686    ,4.95878 ,-0.320195 ,0.0403594   ,4.475    ,-0.275    ,0           ,5.27718 ,0.267754  ,0.155971    ,4.875   ,0.325     ,0           ,4.55817  ,0.250269 ,0.136824    ,0.156831    ,0.78522     ,0.629347    ,0.534276   ,1.36487     ,1.20814    ,0.200311  ,1.79228     ,1.39997     ,0.580678   ,0.173991     ,0.559192    ,0.16479     ,1.76854     ,1.4118      ,0.676847    ,0.255793    ,0.223681    ,nan          ,nan          ,nan         ,0.00929028   ,0.103325     ,0.11664      ,nan          ,nan          ,nan         ,-0.00548001  ,0.133598     ,0.0635279    ,nan          ,nan          ,nan          ,-0.0084296   ,0.154986     ,0.115964    ,8.60177e-09 ,0.0403594    ,0            ,0.0504286    ,0            ,0.0316568    ,       1 ,       1 ,       1 ,       1 ,       1 ,       1
31.3466  ,0.95 , 4.795 ,     0 ,0.276109 ,-0        ,         0 ,-0       ,5.175   ,-0.275    ,0.105686    ,4.9683  ,-0.323627 ,0.0215214   ,4.475    ,-0.275    ,0           ,5.27957 ,0.272603  ,0.134339    ,4.875   ,0.325     ,0           ,4.56897  ,0.263086 ,0.125446    ,0.13268     ,0.777951    ,0.616217    ,0.542941   ,1.50058     ,1.35822    ,0.174227  ,1.78454     ,1.39338     ,0.562167   ,0.442211     ,0.684752    ,0.139494    ,1.76794     ,1.4014      ,0.658345    ,0.495336    ,0.401649    ,nan          ,nan          ,nan         ,0.00489285   ,0.120158     ,0.130427     ,nan          ,nan          ,nan         ,-0.0144568   ,0.152104     ,0.0703716    ,nan          ,nan          ,nan          ,-0.0175456   ,0.179469     ,0.132469    ,8.60177e-09 ,0.0215214    ,0            ,0.0289526    ,0            ,0.0201464    ,       1 ,       1 ,       1 ,       1 ,       1 ,       1
31.391   ,0    , 4.8   ,     0 ,0.275229 ,-0        ,         0 ,-0       ,5.175   ,-0.274997 ,0.105687    ,4.975   ,-0.325    ,0           ,4.475    ,-0.274999 ,1.62512e-06 ,5.275   ,0.275     ,0.105686    ,4.875   ,0.324998  ,1.60674e-06 ,4.575    ,0.275    ,0.105686    ,0.108217    ,0.770478    ,0.603435    ,0.545964   ,1.65698     ,1.52498    ,0.148098  ,1.7764      ,1.38699     ,0.525761   ,0.74265      ,0.822857    ,0.113838    ,1.76721     ,1.39131     ,0.62613     ,0.770478    ,0.603435    ,-3.55015e-07 ,-0.240601    ,-0.142492   ,nan          ,nan          ,nan          ,9.47271e-07  ,-0.13029     ,-0.146401   ,nan          ,nan          ,nan          ,-9.31778e-07 ,-0.130896    ,-0.146285    ,nan          ,nan          ,nan         ,1.12126e-06 ,0            ,1.62512e-06  ,-0.0017449   ,1.60674e-06  ,-0.0017449   ,       1 ,       1 ,       1 ,       1 ,       1 ,       1
31.4268  ,0.05 , 4.805 ,     0 ,0.276109 ,-0        ,         0 ,-0       ,5.18006 ,-0.268305 ,0.130483    ,4.975   ,-0.325    ,0           ,4.48046  ,-0.273716 ,0.0216535   ,5.275   ,0.275     ,0.105686    ,4.88024 ,0.32366   ,0.0211814   ,4.575    ,0.275    ,0.105686    ,0.112188    ,0.386645    ,0.371617    ,0.528589   ,1.66743     ,1.52078    ,0.151529  ,1.62787     ,1.22018     ,0.508704   ,0.749363     ,0.812173    ,0.11586     ,1.6208      ,1.22849     ,0.605832    ,0.786454    ,0.605048    ,0.00440835   ,-0.196062    ,-0.121018   ,nan          ,nan          ,nan          ,0.00559819   ,-0.116288    ,-0.130531   ,nan          ,nan          ,nan          ,0.00338623   ,-0.117188    ,-0.129623    ,nan          ,nan          ,nan         ,0.0247969   ,0            ,0.0216535    ,-0.0017449   ,0.0211814    ,-0.0017449   ,       0 ,       1 ,       0 ,       1 ,       0 ,       1
31.4671  ,0.1  , 4.81  ,     0 ,0.27699  ,-0        ,         0 ,-0       ,5.18562 ,-0.255043 ,0.141662    ,4.975   ,-0.325    ,0           ,4.48679  ,-0.270441 ,0.0411463   ,5.275   ,0.275     ,0.105686    ,4.88595 ,0.320211  ,0.0401518   ,4.575    ,0.275    ,0.105686    ,0.123372    ,0.0784282   ,0.177053    ,0.510785   ,1.67819     ,1.51718    ,0.161353  ,1.49615     ,1.07243     ,0.491253   ,0.75681      ,0.802193    ,0.121733    ,1.49053     ,1.08525     ,0.585062    ,0.802416    ,0.6072      ,0.00819739   ,-0.15468     ,-0.100161   ,nan          ,nan          ,nan          ,0.0106127    ,-0.10238     ,-0.11475    ,nan          ,nan          ,nan          ,0.00652225   ,-0.103563    ,-0.113097    ,nan          ,nan          ,nan         ,0.0359758   ,0            ,0.0411462    ,-0.0017449   ,0.0445014    ,-0.0017449   ,       0 ,       1 ,       0 ,       1 ,       0 ,       1
31.5068  ,0.15 , 4.815 ,     0 ,0.277871 ,-0        ,         0 ,-0       ,5.19188 ,-0.241293 ,0.143842    ,4.975   ,-0.325    ,0           ,4.49389  ,-0.265982 ,0.0581741   ,5.275   ,0.275     ,0.105686    ,4.89211 ,0.315453  ,0.056621    ,4.575    ,0.275    ,0.105686    ,0.140681    ,-0.159729   ,0.0186592   ,0.492546   ,1.68923     ,1.51415    ,0.176867  ,1.38114     ,0.943643    ,0.473401   ,0.76498      ,0.792921    ,0.131159    ,1.37628     ,0.961442    ,0.563827    ,0.81829     ,0.609862    ,0.0113667    ,-0.116455    ,-0.0799195  ,nan          ,nan          ,nan          ,0.0150446    ,-0.088566    ,-0.0990557  ,nan          ,nan          ,nan          ,0.00940714   ,-0.0900213   ,-0.0967063   ,nan          ,nan          ,nan         ,0.0381554   ,0            ,0.0581741    ,-0.0017449   ,0.0591499    ,-0.0017449   ,       0 ,       1 ,       0 ,       1 ,       0 ,       1
31.5467  ,0.2  , 4.82  ,     0 ,0.278752 ,-0        ,         0 ,-0       ,5.19877 ,-0.229247 ,0.141581    ,4.975   ,-0.325    ,0           ,4.50164  ,-0.261044 ,0.0726268   ,5.275   ,0.275     ,0.105686    ,4.8987  ,0.310103  ,0.0704864   ,4.575    ,0.275    ,0.105686    ,0.163023    ,-0.333382   ,-0.104649   ,0.473864   ,1.70054     ,1.51169    ,0.19737   ,1.28271     ,0.833712    ,0.455145   ,0.773858     ,0.784362    ,0.143842    ,1.27798     ,0.856899    ,0.542135    ,0.834006    ,0.613003    ,0.0139164    ,-0.0813871   ,-0.0602941  ,nan          ,nan          ,nan          ,0.0188938    ,-0.0748459   ,-0.0834498  ,nan          ,nan          ,nan          ,0.0120409    ,-0.0765633   ,-0.0804512   ,nan          ,nan          ,nan         ,0.0358942   ,0            ,0.0726268    ,-0.0017449   ,0.0718844    ,-0.0017449   ,       0 ,       1 ,       0 ,       1 ,       0 ,       1
31.5867  ,0.25 , 4.825 ,     0 ,0.279632 ,-0        ,         0 ,-0       ,5.20615 ,-0.21921  ,0.138194    ,4.975   ,-0.325    ,0           ,4.50995  ,-0.256209 ,0.0845253   ,5.275   ,0.275     ,0.105686    ,4.90569 ,0.304762  ,0.0817749   ,4.575    ,0.275    ,0.105686    ,0.189308    ,-0.448088   ,-0.193956   ,0.454735   ,1.71208     ,1.50979    ,0.22216   ,1.20075     ,0.742529    ,0.43648    ,0.783425     ,0.776515    ,0.159486    ,1.19551     ,0.771464    ,0.519996    ,0.849495    ,0.616595    ,0.0158465    ,-0.0494756   ,-0.0412848  ,nan          ,nan          ,nan          ,0.0221603    ,-0.0612198   ,-0.0679318  ,nan          ,nan          ,nan          ,0.0144235    ,-0.0631887   ,-0.0643316   ,nan          ,nan          ,nan         ,0.0325075   ,0            ,0.0845254    ,-0.0017449   ,0.0867481    ,-0.0017449   ,       0 ,       1 ,       0 ,       1 ,       0 ,       1
31.6267  ,0.3  , 4.83  ,     0 ,0.280513 ,-0        ,         0 ,-0       ,5.21388 ,-0.21096  ,0.135693    ,4.975   ,-0.325    ,0           ,4.51877  ,-0.25193  ,0.0939672   ,5.275   ,0.275     ,0.105686    ,4.91309 ,0.299916  ,0.0905917   ,4.575    ,0.275    ,0.105686    ,0.218444    ,-0.509403   ,-0.250345   ,0.435154   ,1.72383     ,1.50843    ,0.250534  ,1.13516     ,0.669989    ,0.417404   ,0.793657     ,0.769379    ,0.177793    ,1.12877     ,0.704975    ,0.497423    ,0.864694    ,0.62061     ,0.0171568    ,-0.0207208   ,-0.0228915  ,nan          ,nan          ,nan          ,0.0248442    ,-0.0476876   ,-0.0525018  ,nan          ,nan          ,nan          ,0.016555     ,-0.0498975   ,-0.0483476   ,nan          ,nan          ,nan         ,0.0300068   ,0            ,0.0939672    ,-0.0017449   ,0.0905917    ,-0.0017449   ,       0 ,       1 ,       0 ,       1 ,       0 ,       1
31.6667  ,0.35 , 4.835 ,     0 ,0.281394 ,-0        ,         0 ,-0       ,5.22189 ,-0.204419 ,0.135064    ,4.975   ,-0.325    ,0           ,4.52809  ,-0.248533 ,0.101082    ,5.275   ,0.275     ,0.105686    ,4.92093 ,0.295933  ,0.0970786   ,4.575    ,0.275    ,0.105686    ,0.249341    ,-0.522884   ,-0.274902   ,0.415116   ,1.73577     ,1.5076     ,0.28179   ,1.08581     ,0.615986    ,0.397915   ,0.804527     ,0.762953    ,0.198469    ,1.07768     ,0.657274    ,0.47443     ,0.879544    ,0.625022    ,0.0178475    ,0.00487715   ,-0.00511417 ,nan          ,nan          ,nan          ,0.0269453    ,-0.0342493   ,-0.0371598  ,nan          ,nan          ,nan          ,0.0184353    ,-0.0366898   ,-0.0324991   ,nan          ,nan          ,nan         ,0.0293781   ,0            ,0.101082     ,-0.0017449   ,0.0970787    ,-0.0017449   ,       0 ,       1 ,       0 ,       1 ,       0 ,       1
31.7068  ,0.4  , 4.84  ,     0 ,0.282274 ,-0        ,         0 ,-0       ,5.23027 ,-0.199811 ,0.136539    ,4.975   ,-0.325    ,0           ,4.53793  ,-0.246233 ,0.105996    ,5.275   ,0.275     ,0.105686    ,4.92926 ,0.293074  ,0.101382    ,4.575    ,0.275    ,0.105686    ,0.280986    ,-0.493798   ,-0.268753   ,0.394618   ,1.74786     ,1.50729    ,0.315227  ,1.05259     ,0.580414    ,0.37801    ,0.816003     ,0.757231    ,0.221216    ,1.04212     ,0.6282      ,0.451034    ,0.893993    ,0.629806    ,0.0180501    ,0.0278145    ,0.011974    ,nan          ,nan          ,nan          ,0.0284638    ,-0.0209049   ,-0.0219057  ,nan          ,nan          ,nan          ,0.0200645    ,-0.0235656   ,-0.0167861   ,nan          ,nan          ,nan         ,0.0308524   ,0            ,0.105996     ,-0.0017449   ,0.101382     ,-0.0017449   ,       0 ,       1 ,       0 ,       1 ,       0 ,       1
31.747   ,0.45 , 4.845 ,     0 ,0.283155 ,-0        ,         0 ,-0       ,5.2392  ,-0.197465 ,0.139777    ,4.975   ,-0.325    ,0           ,4.54835  ,-0.245138 ,0.108815    ,5.275   ,0.275     ,0.105686    ,4.93816 ,0.2915    ,0.103629    ,4.575    ,0.275    ,0.105686    ,0.312677    ,-0.426227   ,-0.233199   ,0.37366    ,1.76008     ,1.50748    ,0.350142  ,1.0354      ,0.563167    ,0.357691   ,0.828048     ,0.752206    ,0.245737    ,1.02201     ,0.617593    ,0.427256    ,0.907993    ,0.634937    ,0.0179012    ,0.0486057    ,0.0282973   ,nan          ,nan          ,nan          ,0.0293996    ,-0.00765451  ,-0.00673955 ,nan          ,nan          ,nan          ,0.0214425    ,-0.0105247   ,-0.0012087   ,nan          ,nan          ,nan         ,0.0340909   ,0            ,0.108815     ,-0.0017449   ,0.103629     ,-0.0017449   ,       0 ,       1 ,       0 ,       1 ,       0 ,       1
31.7869  ,0.5  , 4.85  ,     0 ,0.284036 ,-0        ,         0 ,-0       ,5.249   ,-0.197802 ,0.143977    ,4.975   ,-0.325    ,0           ,4.55938  ,-0.245267 ,0.109601    ,5.275   ,0.275     ,0.105686    ,4.94769 ,0.291283  ,0.103917    ,4.575    ,0.275    ,0.105686    ,0.343797    ,-0.32395    ,-0.169586   ,0.35224    ,1.7724      ,1.50816    ,0.385833  ,1.03411     ,0.564139    ,0.336958   ,0.840622     ,0.74787     ,0.271737    ,1.01724     ,0.625293    ,0.403117    ,0.921503    ,0.640396    ,0.0174007    ,0.0672507    ,0.0438557   ,nan          ,nan          ,nan          ,0.0297527    ,0.00550197   ,0.00833863  ,nan          ,nan          ,nan          ,0.0225694    ,0.0024326    ,0.0142332    ,nan          ,nan          ,nan         ,0.0382904   ,0            ,0.109601     ,-0.0017449   ,0.103917     ,-0.0017449   ,       0 ,       1 ,       0 ,       1 ,       0 ,       1
31.8269  ,0.55 , 4.855 ,     0 ,0.284917 ,-0        ,         0 ,-0       ,5.25999 ,-0.201186 ,0.147943    ,4.975   ,-0.325    ,0           ,4.57106  ,-0.24656  ,0.108376    ,5.275   ,0.275     ,0.105686    ,4.95795 ,0.29241   ,0.102298    ,4.575    ,0.275    ,0.105686    ,0.373727    ,-0.190744   ,-0.079262   ,0.33036    ,1.78478     ,1.50931    ,0.421596  ,1.04862     ,0.583225    ,0.315814   ,0.853681     ,0.744212    ,0.298918    ,1.02772     ,0.651139    ,0.378641    ,0.934488    ,0.646161    ,0.0165487    ,0.0837497    ,0.0586492   ,nan          ,nan          ,nan          ,0.0295144    ,0.0185624    ,0.0233302   ,nan          ,nan          ,nan          ,0.0234422    ,0.0153061    ,0.029535     ,nan          ,nan          ,nan         ,0.0412716   ,0            ,0.108376     ,-0.0017449   ,0.106161     ,-0.0017449   ,       0 ,       1 ,       0 ,       1 ,       0 ,       1
31.867   ,0.6  , 4.86  ,     0 ,0.285797 ,-0        ,         0 ,-0       ,5.27242 ,-0.207736 ,0.150199    ,4.975   ,-0.325    ,0           ,4.58337  ,-0.248893 ,0.105112    ,5.275   ,0.275     ,0.105686    ,4.96899 ,0.294788  ,0.0987889   ,4.575    ,0.275    ,0.105686    ,0.401847    ,-0.0303851  ,0.036428    ,0.308023   ,1.79721     ,1.51092    ,0.456707  ,1.0788      ,0.620321    ,0.294263   ,0.867175     ,0.741218    ,0.326976    ,1.05334     ,0.694958    ,0.353854    ,0.946921    ,0.652218    ,0.0153451    ,0.0981024    ,0.0726779   ,nan          ,nan          ,nan          ,0.0286683    ,0.0315226    ,0.0382376   ,nan          ,nan          ,nan          ,0.0240539    ,0.0280948    ,0.0446862    ,nan          ,nan          ,nan         ,0.0443433   ,0            ,0.105112     ,-0.0017449   ,0.100501     ,-0.0017449   ,       0 ,       1 ,       0 ,       1 ,       0 ,       1
31.9071  ,0.65 , 4.865 ,     0 ,0.286678 ,-0        ,         0 ,-0       ,5.28631 ,-0.217166 ,0.149157    ,4.975   ,-0.325    ,0           ,4.59623  ,-0.252085 ,0.0997465   ,5.275   ,0.275     ,0.105686    ,4.98085 ,0.298251  ,0.0933662   ,4.575    ,0.275    ,0.105686    ,0.427616    ,0.15335     ,0.176093    ,0.285233   ,1.80965     ,1.51297    ,0.490431  ,1.12453     ,0.675328    ,0.27231    ,0.881054     ,0.738874    ,0.355601    ,1.09401     ,0.756572    ,0.328786    ,0.958779    ,0.65855     ,0.013927     ,0.110313     ,0.0858617   ,nan          ,nan          ,nan          ,0.0272138    ,0.0443826    ,0.053061    ,nan          ,nan          ,nan          ,0.0244043    ,0.0407986    ,0.0596864    ,nan          ,nan          ,nan         ,0.0442129   ,0            ,0.0997465    ,-0.0017449   ,0.0930577    ,-0.0017449   ,       0 ,       1 ,       0 ,       1 ,       0 ,       1
31.9467  ,0.7  , 4.87  ,     0 ,0.287559 ,-0        ,         0 ,-0       ,5.30141 ,-0.228671 ,0.14336     ,4.975   ,-0.325    ,0           ,4.60947  ,-0.255911 ,0.0921944   ,5.275   ,0.275     ,0.105686    ,4.99349 ,0.30256   ,0.0859817   ,4.575    ,0.275    ,0.105686    ,0.450847    ,0.356698    ,0.338134    ,0.261997   ,1.82206     ,1.51545    ,0.522036  ,1.1857      ,0.748143    ,0.249963   ,0.895262     ,0.737162    ,0.384485    ,1.14963     ,0.835803    ,0.303464    ,0.970046    ,0.665146    ,0.012461     ,0.120388     ,0.0981036   ,nan          ,nan          ,nan          ,0.0251509    ,0.0571423    ,0.0678003   ,nan          ,nan          ,nan          ,0.0244933    ,0.0534176    ,0.0745356    ,nan          ,nan          ,nan         ,0.0359658   ,0            ,0.0921945    ,-0.0017449   ,0.0837949    ,-0.0017449   ,       0 ,       1 ,       0 ,       1 ,       0 ,       1
31.9868  ,0.75 , 4.875 ,     0 ,0.28844  ,-0        ,         0 ,-0       ,5.31715 ,-0.241037 ,0.131766    ,4.975   ,-0.325    ,0           ,4.62283  ,-0.260105 ,0.0823675   ,5.275   ,0.275     ,0.105686    ,5.00684 ,0.307408  ,0.0765771   ,4.575    ,0.275    ,0.105686    ,0.471455    ,0.575898    ,0.520894    ,0.238322   ,1.83443     ,1.51833    ,0.55079   ,1.26218     ,0.838664    ,0.227229   ,0.909742     ,0.736064    ,0.41332     ,1.22008     ,0.932473    ,0.277923    ,0.980715    ,0.671997    ,0.0109476    ,0.128325     ,0.109403    ,nan          ,nan          ,nan          ,0.0224798    ,0.0698018    ,0.0824556   ,nan          ,nan          ,nan          ,0.024321     ,0.0659517    ,0.0892338    ,nan          ,nan          ,nan         ,0.0342871   ,0            ,0.0823675    ,-0.0017449   ,0.079924     ,-0.0017449   ,       0 ,       1 ,       0 ,       1 ,       0 ,       1
32.0272  ,0.8  , 4.88  ,     0 ,0.28932  ,-0        ,         0 ,-0       ,5.33267 ,-0.252843 ,0.113991    ,4.975   ,-0.325    ,0           ,4.63594  ,-0.264369 ,0.0702036   ,5.275   ,0.275     ,0.105686    ,5.02074 ,0.312422  ,0.0651077   ,4.575    ,0.275    ,0.105686    ,0.489357    ,0.807189    ,0.722714    ,0.214221   ,1.84672     ,1.5216     ,0.575959  ,1.35385     ,0.946792    ,0.204121   ,0.924436     ,0.73556     ,0.441798    ,1.30529     ,1.0464      ,0.252194    ,0.990782    ,0.679094    ,0.00938367   ,0.13413      ,0.119765    ,nan          ,nan          ,nan          ,0.0192003    ,0.082361     ,0.0970268   ,nan          ,nan          ,nan          ,0.0238874    ,0.078401     ,0.103781     ,nan          ,nan          ,nan         ,0.0348064   ,0            ,0.0702036    ,-0.0017449   ,0.0623966    ,-0.0017449   ,       0 ,       1 ,       0 ,       1 ,       0 ,       1
32.0671  ,0.85 , 4.885 ,     0 ,0.290201 ,-0        ,         0 ,-0       ,5.34698 ,-0.26276  ,0.090445    ,4.975   ,-0.325    ,0           ,4.64831  ,-0.268373 ,0.0557025   ,5.275   ,0.275     ,0.105686    ,5.03491 ,0.317174  ,0.0515721   ,4.575    ,0.275    ,0.105686    ,0.504336    ,1.04697     ,0.942134    ,0.189705   ,1.85891     ,1.52525    ,0.59681   ,1.4606      ,1.07242     ,0.18065    ,0.939283     ,0.735628    ,0.46961     ,1.40514     ,1.17741     ,0.226311    ,1.00025     ,0.686433    ,0.007576     ,0.138023     ,0.129473    ,nan          ,nan          ,nan          ,0.0153125    ,0.0948199    ,0.111514    ,nan          ,nan          ,nan          ,0.0231924    ,0.0907655    ,0.118177     ,nan          ,nan          ,nan         ,0.0402658   ,0            ,0.0557025    ,-0.0017449   ,0.048702     ,-0.0017449   ,       0 ,       1 ,       0 ,       1 ,       0 ,       1
32.107   ,0.9  , 4.89  ,     0 ,0.291082 ,-0        ,         0 ,-0       ,5.35917 ,-0.269885 ,0.0622993   ,4.975   ,-0.325    ,0           ,4.65937  ,-0.271753 ,0.038967    ,5.275   ,0.275     ,0.105686    ,5.049   ,0.321189  ,0.0360487   ,4.575    ,0.275    ,0.105686    ,0.515817    ,1.29203     ,1.17821     ,0.16479    ,1.87095     ,1.52925    ,0.612611  ,1.58229     ,1.21546     ,0.156831   ,0.954221     ,0.736245    ,0.496447    ,1.51953     ,1.32533     ,0.200311    ,1.00912     ,0.694011    ,0.00540962   ,0.140136     ,0.138695    ,nan          ,nan          ,nan          ,0.0108163    ,0.107179     ,0.125917    ,nan          ,nan          ,nan          ,0.0222362    ,0.103045     ,0.132423     ,nan          ,nan          ,nan         ,0.0552677   ,0            ,0.038967     ,-0.0017449   ,0.0335373    ,-0.0017449   ,       1 ,       1 ,       1 ,       1 ,       1 ,       1
32.1465  ,0.95 , 4.895 ,     0 ,0.291962 ,-0        ,         0 ,-0       ,5.36858 ,-0.27386  ,0.0313882   ,4.975   ,-0.325    ,0           ,4.66849  ,-0.274109 ,0.0202499   ,5.275   ,0.275     ,0.105686    ,5.06254 ,0.323965  ,0.0187368   ,4.575    ,0.275    ,0.105686    ,0.523169    ,1.53924     ,1.4301      ,0.139494   ,1.88284     ,1.5336     ,0.622629  ,1.71881     ,1.3758      ,0.13268    ,0.969189     ,0.737389    ,0.522001    ,1.64837     ,1.48997     ,0.174227    ,1.01742     ,0.701827    ,0.00288455   ,0.14047      ,0.147433    ,nan          ,nan          ,nan          ,0.00571183   ,0.119437     ,0.140236    ,nan          ,nan          ,nan          ,0.0210185    ,0.11524      ,0.146517     ,nan          ,nan          ,nan         ,0.0344355   ,0            ,0.0202499    ,-0.0017449   ,0.017167     ,-0.0017449   ,       1 ,       1 ,       1 ,       1 ,       1 ,       1
32.2041  ,0    , 4.9   ,     0 ,0.292843 ,-0        ,         0 ,-0       ,5.375   ,-0.275    ,0           ,4.975   ,-0.324999 ,1.52787e-06 ,4.675    ,-0.275    ,0           ,5.275   ,0.274998  ,0.105688    ,5.075   ,0.325     ,0           ,4.575    ,0.274998 ,0.105688    ,0.525761    ,1.78548     ,1.69694     ,0.113838   ,1.89453     ,1.53827    ,0.62613   ,1.87004     ,1.55334     ,0.108217   ,0.984127     ,0.739033    ,0.545964    ,1.79155     ,1.67116     ,0.148098    ,1.02516     ,0.709883    ,nan          ,nan          ,nan         ,-1.02494e-06 ,-0.129835    ,-0.154529    ,nan          ,nan          ,nan         ,0.0358689    ,-0.189848    ,-0.117119    ,nan          ,nan          ,nan          ,0.0141461    ,-0.155772    ,-0.143013   ,0           ,1.52787e-06  ,0            ,-0.00174336  ,0            ,-0.00174349  ,       1 ,       1 ,       1 ,       1 ,       1 ,       1
32.2265  ,0.05 , 4.905 ,     0 ,0.291962 ,-0        ,         0 ,-0       ,5.375   ,-0.275    ,0           ,4.98053 ,-0.325037 ,0.0323821   ,4.675    ,-0.275    ,0           ,5.28975 ,0.271113  ,0.125233    ,5.075   ,0.325     ,0           ,4.5822   ,0.263177 ,0.12468     ,0.508704    ,1.78121     ,1.6775      ,0.116532   ,1.65132     ,1.2669     ,0.605832  ,1.86799     ,1.54274     ,0.158619   ,0.731913     ,0.581493    ,0.528589    ,1.78825     ,1.65229     ,0.170247    ,0.823226    ,0.52279     ,nan          ,nan          ,nan         ,0.00288309   ,-0.135681    ,-0.142162    ,nan          ,nan          ,nan         ,0.0338574    ,-0.159435    ,-0.100906    ,nan          ,nan          ,nan          ,0.0171421    ,-0.130341    ,-0.122005   ,0           ,0.0323821    ,0            ,0.0205154    ,0            ,0.015543     ,       1 ,       0 ,       1 ,       0 ,       1 ,       0
32.267   ,0.1  , 4.91  ,     0 ,0.291082 ,-0        ,         0 ,-0       ,5.375   ,-0.275    ,0           ,4.98683 ,-0.323642 ,0.0638005   ,4.675    ,-0.275    ,0           ,5.30276 ,0.262317  ,0.138332    ,5.075   ,0.325     ,0           ,4.58925  ,0.249961 ,0.1378      ,0.491253    ,1.7773      ,1.65869     ,0.124146   ,1.39993     ,1.01854    ,0.585062  ,1.86579     ,1.53245     ,0.206014   ,0.52257      ,0.447342    ,0.510785    ,1.78532     ,1.63404     ,0.196322    ,0.656383    ,0.364887    ,nan          ,nan          ,nan         ,0.00537899   ,-0.138776    ,-0.129379    ,nan          ,nan          ,nan         ,0.0317092    ,-0.130519    ,-0.0847514   ,nan          ,nan          ,nan          ,0.0197058    ,-0.106086    ,-0.101682   ,0           ,0.0638005    ,0            ,0.0328927    ,-2.22045e-16 ,0.0330187    ,       1 ,       0 ,       1 ,       0 ,       1 ,       0
32.3065  ,0.15 , 4.915 ,     0 ,0.290201 ,-0        ,         0 ,-0       ,5.375   ,-0.275    ,0           ,4.99356 ,-0.319539 ,0.0919767   ,4.675    ,-0.275    ,0           ,5.31413 ,0.251806  ,0.146123    ,5.075   ,0.325     ,0           ,4.59622  ,0.237268 ,0.146309    ,0.473401    ,1.77373     ,1.64048     ,0.13597    ,1.1454      ,0.793932   ,0.563827  ,1.86342     ,1.52244     ,0.250206   ,0.353934     ,0.336497    ,0.492546    ,1.78273     ,1.61639     ,0.225713    ,0.522969    ,0.235208    ,nan          ,nan          ,nan         ,0.00748669   ,-0.139122    ,-0.11618     ,nan          ,nan          ,nan         ,0.0294244    ,-0.103101    ,-0.0686541   ,nan          ,nan          ,nan          ,0.0218372    ,-0.0830093   ,-0.0820446  ,0           ,0.0887299    ,0            ,0.0434127    ,0            ,0.0446001    ,       1 ,       0 ,       1 ,       0 ,       1 ,       0
32.3466  ,0.2  , 4.92  ,     0 ,0.28932  ,-0        ,         0 ,-0       ,5.375   ,-0.275    ,0           ,5.00046 ,-0.312763 ,0.115097    ,4.675    ,-0.275    ,0           ,5.32423 ,0.24154   ,0.150094    ,5.075   ,0.325     ,0           ,4.60323  ,0.226247 ,0.151487    ,0.455145    ,1.77048     ,1.62286     ,0.151293   ,0.892746    ,0.593846   ,0.542135  ,1.86084     ,1.51272     ,0.290998   ,0.22384      ,0.248874    ,0.473864    ,1.78048     ,1.59933     ,0.25781     ,0.421321    ,0.132782    ,nan          ,nan          ,nan         ,0.00920619   ,-0.136719    ,-0.102564    ,nan          ,nan          ,nan         ,0.0270031    ,-0.0771811   ,-0.0526143   ,nan          ,nan          ,nan          ,0.0235364    ,-0.0611095   ,-0.0630926  ,0           ,0.0990084    ,0            ,0.0506186    ,0            ,0.0548545    ,       1 ,       0 ,       1 ,       0 ,       1 ,       0
32.3868  ,0.25 , 4.925 ,     0 ,0.28844  ,-0        ,         0 ,-0       ,5.375   ,-0.275    ,0           ,5.0074  ,-0.304371 ,0.132116    ,4.675    ,-0.275    ,0           ,5.33349 ,0.232618  ,0.151626    ,5.075   ,0.325     ,0           ,4.61047  ,0.217506 ,0.154409    ,0.43648     ,1.76752     ,1.60581     ,0.169463   ,0.646964    ,0.418984   ,0.519996  ,1.85805     ,1.50326     ,0.328191   ,0.130125     ,0.184391    ,0.454735    ,1.77852     ,1.58283     ,0.292002    ,0.349776    ,0.0566434   ,nan          ,nan          ,nan         ,0.0106611    ,-0.131651    ,-0.0886574   ,nan          ,nan          ,nan         ,0.0244451    ,-0.0527583   ,-0.0366322   ,nan          ,nan          ,nan          ,0.0248033    ,-0.0403868   ,-0.044826   ,0           ,0.0933594    ,0            ,0.0556915    ,0            ,0.0613602    ,       1 ,       0 ,       1 ,       0 ,       1 ,       0
32.4266  ,0.3  , 4.93  ,     0 ,0.287559 ,-0        ,         0 ,-0       ,5.375   ,-0.275    ,0           ,5.01451 ,-0.295859 ,0.142961    ,4.675    ,-0.275    ,0           ,5.34228 ,0.225616  ,0.151785    ,5.075   ,0.325     ,0           ,4.61812  ,0.211294 ,0.155858    ,0.417404    ,1.76483     ,1.58931     ,0.190318   ,0.412704    ,0.269551   ,0.497423  ,1.855       ,1.49405     ,0.361609   ,0.0706279    ,0.142925    ,0.435154    ,1.77685     ,1.56687     ,0.327678    ,0.306671    ,0.00582273  ,nan          ,nan          ,nan         ,0.0121546    ,-0.124126    ,-0.0747662   ,nan          ,nan          ,nan         ,0.0218144    ,-0.0298225   ,-0.0208299   ,nan          ,nan          ,nan          ,0.0256371    ,-0.020842    ,-0.0272454  ,0           ,0.0924837    ,0            ,0.0595702    ,0            ,0.0657933    ,       1 ,       0 ,       1 ,       0 ,       1 ,       0
32.4667  ,0.35 , 4.935 ,     0 ,0.286678 ,-0        ,         0 ,-0       ,5.375   ,-0.275    ,0           ,5.02205 ,-0.288663 ,0.14845     ,4.675    ,-0.275    ,0           ,5.35094 ,0.220719  ,0.151255    ,5.075   ,0.325     ,0           ,4.6264   ,0.207647 ,0.156311    ,0.397915    ,1.76238     ,1.57334     ,0.213952   ,0.194446    ,0.145496   ,0.47443   ,1.85168     ,1.48508     ,0.391317   ,0.0432268    ,0.12389     ,0.415116    ,1.77542     ,1.55144     ,0.364212    ,0.29033     ,-0.020661   ,nan          ,nan          ,nan         ,0.0137005    ,-0.114153    ,-0.0609046   ,nan          ,nan          ,nan         ,0.019323     ,-0.00833871  ,-0.00561431  ,nan          ,nan          ,nan          ,0.0260122    ,-0.00249592  ,-0.0103725  ,0           ,0.0888182    ,0            ,0.0680145    ,0            ,0.0685235    ,       1 ,       0 ,       1 ,       0 ,       1 ,       0
32.5068  ,0.4  , 4.94  ,     0 ,0.285797 ,-0        ,         0 ,-0       ,5.375   ,-0.275    ,0           ,5.03035 ,-0.283795 ,0.150032    ,4.675    ,-0.275    ,0           ,5.35971 ,0.21792   ,0.150358    ,5.075   ,0.325     ,0           ,4.6355   ,0.206464 ,0.15596     ,0.37801     ,1.76016     ,1.55788     ,0.240462   ,-0.00333661 ,0.046765   ,0.451034  ,1.84807     ,1.47634     ,0.417537   ,0.0458272    ,0.126399    ,0.394618    ,1.77422     ,1.53653     ,0.400942    ,0.29905     ,-0.0238188  ,nan          ,nan          ,nan         ,0.0152989    ,-0.101733    ,-0.0470725   ,nan          ,nan          ,nan         ,0.0169881    ,0.0116958    ,0.00898211   ,nan          ,nan          ,nan          ,0.0259155    ,0.0146412    ,0.00578169  ,0           ,0.0827572    ,0            ,0.0747813    ,0            ,0.0697574    ,       1 ,       0 ,       1 ,       0 ,       1 ,       0
32.5468  ,0.45 , 4.945 ,     0 ,0.284917 ,-0        ,         0 ,-0       ,5.375   ,-0.275    ,0           ,5.0397  ,-0.281629 ,0.149435    ,4.675    ,-0.275    ,0           ,5.36881 ,0.217178  ,0.149104    ,5.075   ,0.325     ,0           ,4.64556  ,0.207566 ,0.154756    ,0.357691    ,1.75813     ,1.54292     ,0.269921   ,-0.176158   ,-0.0267005 ,0.427256  ,1.84415     ,1.46782     ,0.440495   ,0.0763346    ,0.149554    ,0.37366     ,1.77322     ,1.52211     ,0.437203    ,0.331123    ,-0.00466565 ,nan          ,nan          ,nan         ,0.0168791    ,-0.0868367   ,-0.0332818   ,nan          ,nan          ,nan         ,0.0148095    ,0.030281     ,0.0229594    ,nan          ,nan          ,nan          ,0.0253472    ,0.0305694    ,0.0212173   ,0           ,0.0748424    ,0            ,0.0816473    ,0            ,0.0695482    ,       1 ,       0 ,       1 ,       0 ,       1 ,       0
32.5868  ,0.5  , 4.95  ,     0 ,0.284036 ,-0        ,         0 ,-0       ,5.375   ,-0.275    ,0           ,5.05023 ,-0.281908 ,0.148296    ,4.675    ,-0.275    ,0           ,5.37838 ,0.218425  ,0.147253    ,5.075   ,0.325     ,0           ,4.6567   ,0.210709 ,0.152463    ,0.336958    ,1.75627     ,1.52845     ,0.301895   ,-0.319329   ,-0.0750422 ,0.403117  ,1.83989     ,1.45951     ,0.460418   ,0.132654     ,0.192463    ,0.35224     ,1.7724      ,1.50816     ,0.472328    ,0.384842    ,0.0357835   ,nan          ,nan          ,nan         ,0.0179968    ,-0.0692876   ,-0.0196058   ,nan          ,nan          ,nan         ,0.0127872    ,0.047417     ,0.0363175    ,nan          ,nan          ,nan          ,0.0243072    ,0.0452887    ,0.0359344   ,0           ,0.0602448    ,0            ,0.0886228    ,0            ,0.0639459    ,       1 ,       0 ,       1 ,       0 ,       1 ,       0
32.6266  ,0.55 , 4.955 ,     0 ,0.283155 ,-0        ,         0 ,-0       ,5.375   ,-0.275    ,0           ,5.06184 ,-0.283952 ,0.147853    ,4.675    ,-0.275    ,0           ,5.38849 ,0.221549  ,0.14437     ,5.075   ,0.325     ,0           ,4.66892  ,0.215595 ,0.148708    ,0.315814    ,1.75456     ,1.51443     ,0.335418   ,-0.427952   ,-0.0984897 ,0.378641  ,1.83528     ,1.4514      ,0.477531   ,0.212692     ,0.25423     ,0.33036     ,1.77172     ,1.49468     ,0.50565     ,0.458498    ,0.0965135   ,nan          ,nan          ,nan         ,0.0185747    ,-0.0490547   ,-0.0060575   ,nan          ,nan          ,nan         ,0.0109212    ,0.0631037    ,0.0490566    ,nan          ,nan          ,nan          ,0.0227956    ,0.0587989    ,0.0499329   ,0           ,0.0549538    ,0            ,0.0955787    ,0            ,0.0632817    ,       1 ,       0 ,       1 ,       0 ,       1 ,       0
32.6669  ,0.6  , 4.96  ,     0 ,0.282274 ,-0        ,         0 ,-0       ,5.375   ,-0.275    ,0           ,5.07429 ,-0.286947 ,0.148783    ,4.675    ,-0.275    ,0           ,5.39916 ,0.226372  ,0.139893    ,5.075   ,0.325     ,0           ,4.68213  ,0.221877 ,0.143046    ,0.294263    ,1.75296     ,1.50087     ,0.369505   ,-0.497118   ,-0.0972763 ,0.353854  ,1.83031     ,1.44349     ,0.492023   ,0.314348     ,0.334022    ,0.308023    ,1.77115     ,1.48164     ,0.53652     ,0.550391    ,0.176529    ,nan          ,nan          ,nan         ,0.0186128    ,-0.0261379   ,0.00736322   ,nan          ,nan          ,nan         ,0.00913695   ,0.0773302    ,0.061303     ,nan          ,nan          ,nan          ,0.020849     ,0.0711155    ,0.0632594   ,0           ,0.0503014    ,0            ,0.102262     ,0            ,0.0609799    ,       1 ,       0 ,       1 ,       0 ,       1 ,       0
32.7069  ,0.65 , 4.965 ,     0 ,0.281394 ,-0        ,         0 ,-0       ,5.375   ,-0.275    ,0           ,5.08725 ,-0.290234 ,0.151155    ,4.675    ,-0.275    ,0           ,5.41028 ,0.232666  ,0.133206    ,5.075   ,0.325     ,0           ,4.69611  ,0.229172 ,0.135017    ,0.27231     ,1.75145     ,1.48773     ,0.403168   ,-0.52192    ,-0.0716354 ,0.328786  ,1.82496     ,1.43577     ,0.503948   ,0.435502     ,0.43124     ,0.285233    ,1.77068     ,1.46903     ,0.56437     ,0.658853    ,0.274941    ,nan          ,nan          ,nan         ,0.0181111    ,-0.000537304 ,0.0206563    ,nan          ,nan          ,nan         ,0.00736711   ,0.0900866    ,0.0731707    ,nan          ,nan          ,nan          ,0.0185193    ,0.0822599    ,0.0759796   ,0           ,0.0464763    ,0            ,0.113864     ,0            ,0.0568026    ,       1 ,       0 ,       1 ,       0 ,       1 ,       0
32.7468  ,0.7  , 4.97  ,     0 ,0.280513 ,-0        ,         0 ,-0       ,5.375   ,-0.275    ,0           ,5.10042 ,-0.293506 ,0.154454    ,4.675    ,-0.275    ,0           ,5.42166 ,0.24008   ,0.123716    ,5.075   ,0.325     ,0           ,4.71053  ,0.237064 ,0.124211    ,0.249963    ,1.75        ,1.47502     ,0.43542    ,-0.497455   ,-0.0217998 ,0.303464  ,1.81922     ,1.42823     ,0.513324   ,0.574029     ,0.545335    ,0.261997    ,1.77026     ,1.45683     ,0.588659    ,0.782229    ,0.390892    ,nan          ,nan          ,nan         ,0.0170701    ,0.0276863    ,0.0338259    ,nan          ,nan          ,nan         ,0.00561168   ,0.101373     ,0.0846597    ,nan          ,nan          ,nan          ,0.015807     ,0.0922323    ,0.0880942   ,0           ,0.0503821    ,0            ,0.11876      ,0            ,0.0597843    ,       1 ,       0 ,       1 ,       0 ,       1 ,       0
32.7866  ,0.75 , 4.975 ,     0 ,0.279632 ,-0        ,         0 ,-0       ,5.375   ,-0.275    ,0           ,5.11368 ,-0.296985 ,0.157676    ,4.675    ,-0.275    ,0           ,5.43296 ,0.248127  ,0.110953    ,5.075   ,0.325     ,0           ,4.7249   ,0.245114 ,0.110346    ,0.227229    ,1.74859     ,1.4627      ,0.465288   ,-0.4204     ,0.052105   ,0.277923  ,1.81309     ,1.42089     ,0.520175   ,0.727805     ,0.675761    ,0.238322    ,1.76987     ,1.44502     ,0.608846    ,0.918865    ,0.523528    ,nan          ,nan          ,nan         ,0.0155076    ,0.05652      ,0.0470094    ,nan          ,nan          ,nan         ,0.00387067   ,0.111189     ,0.09577      ,nan          ,nan          ,nan          ,0.012712     ,0.101033     ,0.0996029   ,0           ,0.0527333    ,0            ,0.11104      ,0            ,0.0535391    ,       1 ,       0 ,       1 ,       0 ,       1 ,       0
32.8267  ,0.8  , 4.98  ,     0 ,0.278752 ,-0        ,         0 ,-0       ,5.375   ,-0.275    ,0           ,5.12716 ,-0.30139  ,0.159442    ,4.675    ,-0.275    ,0           ,5.44376 ,0.256209  ,0.0946565   ,5.075   ,0.325     ,0           ,4.73863  ,0.252889 ,0.093317    ,0.204121    ,1.74718     ,1.45077     ,0.491829   ,-0.290947   ,0.150194   ,0.252194  ,1.80656     ,1.41373     ,0.524519   ,0.894706     ,0.82197     ,0.214221    ,1.76947     ,1.43359     ,0.62439     ,1.0671      ,0.671993    ,nan          ,nan          ,nan         ,0.0134321    ,0.0849875    ,0.0602734    ,nan          ,nan          ,nan         ,0.00214408   ,0.119535     ,0.106502     ,nan          ,nan          ,nan          ,0.00922889   ,0.108658     ,0.110505    ,0           ,0.0536143    ,0            ,0.100276     ,0            ,0.0394108    ,       1 ,       0 ,       1 ,       0 ,       1 ,       0
32.8667  ,0.85 , 4.985 ,     0 ,0.277871 ,-0        ,         0 ,-0       ,5.375   ,-0.275    ,0           ,5.14091 ,-0.307266 ,0.157788    ,4.675    ,-0.275    ,0           ,5.45362 ,0.263658  ,0.0748574   ,5.075   ,0.325     ,0           ,4.7511   ,0.260003 ,0.0732542   ,0.18065     ,1.74576     ,1.43921     ,0.514105   ,-0.109768   ,0.272613   ,0.226311  ,1.79962     ,1.40676     ,0.526463   ,1.0726       ,0.983384    ,0.189705    ,1.76904     ,1.42253     ,0.634672    ,1.22524     ,0.83542     ,nan          ,nan          ,nan         ,0.0108436    ,0.113089     ,0.0736177    ,nan          ,nan          ,nan         ,0.000645448  ,0.126392     ,0.116777     ,nan          ,nan          ,nan          ,0.0052358    ,0.115034     ,0.120785    ,0           ,0.0510568    ,0            ,0.0748574    ,0            ,0.0421792    ,       1 ,       0 ,       1 ,       0 ,       1 ,       0
32.9069  ,0.9  , 4.99  ,     0 ,0.27699  ,-0        ,         0 ,-0       ,5.375   ,-0.275    ,0           ,5.15455 ,-0.314462 ,0.150121    ,4.675    ,-0.275    ,0           ,5.4622  ,0.269701  ,0.0519384   ,5.075   ,0.325     ,0           ,4.76164  ,0.266161 ,0.0505467   ,0.156831    ,1.74428     ,1.42801     ,0.531179   ,0.122469    ,0.419511   ,0.200311  ,1.79228     ,1.39997     ,0.526696   ,1.2593       ,1.15921     ,0.16479     ,1.76854     ,1.4118      ,0.638918    ,1.39148     ,1.01292     ,nan          ,nan          ,nan         ,0.00774212   ,0.140824     ,0.0870426    ,nan          ,nan          ,nan         ,-0.000216353 ,0.131722     ,0.126448     ,nan          ,nan          ,nan          ,0.000681814  ,0.120132     ,0.130436    ,0           ,0.0444342    ,0            ,0.0519384    ,0            ,0.0344387    ,       1 ,       1 ,       1 ,       1 ,       1 ,       1
32.9466  ,0.95 , 4.995 ,     0 ,0.276109 ,-0        ,         0 ,-0       ,5.375   ,-0.275    ,0           ,5.16678 ,-0.321508 ,0.133531    ,4.675    ,-0.275    ,0           ,5.46933 ,0.273636  ,0.0266376   ,5.075   ,0.325     ,0           ,4.76973  ,0.271178 ,0.0258398   ,0.13268     ,1.74271     ,1.41715     ,0.542111   ,0.405094    ,0.591035   ,0.174227  ,1.78454     ,1.39338     ,0.52615    ,1.4526       ,1.34858     ,0.139494    ,1.76794     ,1.4014      ,0.636334    ,1.56402     ,1.20362     ,nan          ,nan          ,nan         ,0.00412769   ,0.168192     ,0.100548     ,nan          ,nan          ,nan         ,-0.000431269 ,0.135526     ,0.13551      ,nan          ,nan          ,nan          ,-0.00443308  ,0.123949     ,0.139458    ,0           ,0.0278448    ,0            ,0.0266376    ,0            ,0.0255906    ,       1 ,       1 ,       1 ,       1 ,       1 ,       1
33.0053  ,0    , 5     ,     0 ,0.275229 ,-0        ,         0 ,-0       ,5.375   ,-0.274998 ,1.54856e-06 ,5.175   ,-0.325    ,0.105686    ,4.675    ,-0.274999 ,1.62512e-06 ,5.475   ,0.275     ,0           ,5.075   ,0.324998  ,1.60674e-06 ,4.775    ,0.275    ,0           ,0.108217    ,1.74104     ,1.40661     ,0.545964   ,0.737435    ,0.78733    ,0.148098  ,1.7764      ,1.38699     ,0.525761   ,1.65029      ,1.5506      ,0.113838    ,1.76721     ,1.39131     ,0.62613     ,1.74104     ,1.40661     ,-8.87313e-07 ,-0.132573    ,-0.145897   ,nan          ,nan          ,nan          ,9.47271e-07  ,-0.13029     ,-0.146401   ,nan          ,nan          ,nan          ,-0.0294062   ,-0.117808    ,-0.141945    ,nan          ,nan          ,nan         ,1.54856e-06 ,8.60177e-09  ,1.62512e-06  ,0            ,8.71923e-07  ,0            ,       1 ,       1 ,       1 ,       1 ,       1 ,       1
33.0265  ,0.05 , 5.005 ,     0 ,0.274348 ,-0        ,         0 ,-0       ,5.3805  ,-0.273932 ,0.0196939   ,5.175   ,-0.325    ,0.105686    ,4.68051  ,-0.273965 ,0.0198816   ,5.475   ,0.275     ,0           ,5.07139 ,0.325592  ,0.0286244   ,4.775    ,0.275    ,0           ,0.111249    ,1.58933     ,1.24254     ,0.528589   ,0.726065    ,0.765652   ,0.151585  ,1.62713     ,1.22059     ,0.508704   ,1.64634      ,1.5318      ,0.0686672   ,1.55501     ,1.15539     ,0.605832    ,1.73924     ,1.39638     ,0.00501464   ,-0.122665    ,-0.130217   ,nan          ,nan          ,nan          ,0.00574346   ,-0.119901    ,-0.132561   ,nan          ,nan          ,nan          ,-0.0223321   ,-0.125091    ,-0.128577    ,nan          ,nan          ,nan         ,0.0196939   ,8.60177e-09  ,0.0198816    ,0            ,0.0223618    ,-3.65721e-17 ,       0 ,       1 ,       0 ,       1 ,       0 ,       1
33.067   ,0.1  , 5.01  ,     0 ,0.273467 ,-0        ,         0 ,-0       ,5.38692 ,-0.271085 ,0.0373991   ,5.175   ,-0.325    ,0.105686    ,4.68696  ,-0.271226 ,0.0379817   ,5.475   ,0.275     ,0           ,5.07027 ,0.326156  ,0.0554744   ,4.775    ,0.275    ,0           ,0.119927    ,1.44963     ,1.09702     ,0.510785   ,0.714853    ,0.744347   ,0.161559  ,1.49045     ,1.07074     ,0.491253   ,1.64272      ,1.51357     ,0.0361689   ,1.33253     ,0.942995    ,0.585062    ,1.73726     ,1.38644     ,0.00950115   ,-0.112369    ,-0.114708   ,nan          ,nan          ,nan          ,0.0108776    ,-0.109194    ,-0.118674   ,nan          ,nan          ,nan          ,-0.0148736   ,-0.129592    ,-0.114958    ,nan          ,nan          ,nan         ,0.0435283   ,8.60177e-09  ,0.0379817    ,0            ,0.0299138    ,0            ,       0 ,       1 ,       0 ,       1 ,       0 ,       1
33.1066  ,0.15 , 5.015 ,     0 ,0.272587 ,-0        ,         0 ,-0       ,5.39412 ,-0.267012 ,0.0527634   ,5.175   ,-0.325    ,0.105686    ,4.69421  ,-0.267336 ,0.0539241   ,5.475   ,0.275     ,0           ,5.07167 ,0.325617  ,0.079032    ,4.775    ,0.275    ,0           ,0.133623    ,1.32239     ,0.969819    ,0.492546   ,0.703787    ,0.723413   ,0.177295  ,1.36674     ,0.937471    ,0.473401   ,1.63943      ,1.4959      ,0.017013    ,1.10462     ,0.754572    ,0.563827    ,1.73509     ,1.37679     ,0.0134586    ,-0.101683    ,-0.0993705  ,nan          ,nan          ,nan          ,0.0154034    ,-0.0981691   ,-0.104741   ,nan          ,nan          ,nan          ,-0.00703068  ,-0.131312    ,-0.101088    ,nan          ,nan          ,nan         ,0.0568532   ,8.60177e-09  ,0.0539241    ,0            ,0.022262     ,3.65721e-17  ,       0 ,       1 ,       0 ,       1 ,       0 ,       1
33.1468  ,0.2  , 5.02  ,     0 ,0.271706 ,-0        ,         0 ,-0       ,5.40199 ,-0.262262 ,0.0656301   ,5.175   ,-0.325    ,0.105686    ,4.70213  ,-0.262834 ,0.0675123   ,5.475   ,0.275     ,0           ,5.07569 ,0.323858  ,0.0982631   ,4.775    ,0.275    ,0           ,0.151709    ,1.20808     ,0.860748    ,0.473864   ,0.692854    ,0.702849   ,0.198068  ,1.25636     ,0.820855    ,0.455145   ,1.63643      ,1.47877     ,0.0118632   ,0.876136    ,0.590552    ,0.542135    ,1.7327      ,1.36741     ,0.0168871    ,-0.090609    ,-0.0842046  ,nan          ,nan          ,nan          ,0.0193209    ,-0.0868255   ,-0.0907612  ,nan          ,nan          ,nan          ,0.00115432   ,-0.130273    ,-0.0869975   ,nan          ,nan          ,nan         ,0.0656301   ,8.60177e-09  ,0.0675123    ,0            ,0.023996     ,0            ,       0 ,       1 ,       0 ,       1 ,       0 ,       1
33.1867  ,0.25 , 5.025 ,     0 ,0.270825 ,-0        ,         0 ,-0       ,5.41041 ,-0.257344 ,0.0759984   ,5.175   ,-0.325    ,0.105686    ,4.71058  ,-0.25821  ,0.0786942   ,5.475   ,0.275     ,0           ,5.08228 ,0.321431  ,0.112791    ,4.775    ,0.275    ,0           ,0.173554    ,1.10717     ,0.7696      ,0.454735   ,0.682038    ,0.682654   ,0.223151  ,1.15971     ,0.720944    ,0.43648    ,1.63371      ,1.46217     ,0.0207541   ,0.651594    ,0.450905    ,0.519996    ,1.73006     ,1.35829     ,0.0197866    ,-0.079146    ,-0.0692102  ,nan          ,nan          ,nan          ,0.02263      ,-0.0751636   ,-0.0767348  ,nan          ,nan          ,nan          ,0.00892701   ,-0.126867    ,-0.0732431   ,nan          ,nan          ,nan         ,0.0765218   ,8.60177e-09  ,0.0786942    ,0            ,0.0224365    ,0            ,       0 ,       1 ,       0 ,       1 ,       0 ,       1
33.2265  ,0.3  , 5.03  ,     0 ,0.269944 ,-0        ,         0 ,-0       ,5.41932 ,-0.2527   ,0.0839809   ,5.175   ,-0.325    ,0.105686    ,4.71949  ,-0.253887 ,0.0875221   ,5.475   ,0.275     ,0           ,5.09119 ,0.319123  ,0.122948    ,4.775    ,0.275    ,0           ,0.198531    ,1.02011     ,0.69617     ,0.435154   ,0.671321    ,0.662827   ,0.251818  ,1.07716     ,0.637794    ,0.417404   ,1.63124      ,1.44608     ,0.0425985   ,0.434929    ,0.334773    ,0.497423    ,1.72714     ,1.34941     ,0.022157     ,-0.0672941   ,-0.0543874  ,nan          ,nan          ,nan          ,0.0253308    ,-0.0631833   ,-0.0626618  ,nan          ,nan          ,nan          ,0.0160096    ,-0.121239    ,-0.06003     ,nan          ,nan          ,nan         ,0.0853442   ,8.60177e-09  ,0.0875221    ,0            ,0.0178791    ,0            ,       0 ,       1 ,       0 ,       1 ,       0 ,       1
33.2666  ,0.35 , 5.035 ,     0 ,0.269064 ,-0        ,         0 ,-0       ,5.42869 ,-0.248694 ,0.0897602   ,5.175   ,-0.325    ,0.105686    ,4.72884  ,-0.250205 ,0.0941144   ,5.475   ,0.275     ,0           ,5.10222 ,0.317624  ,0.129599    ,4.775    ,0.275    ,0           ,0.226011    ,0.947368    ,0.640255    ,0.415116   ,0.660685    ,0.643366   ,0.283345  ,1.00909     ,0.571459    ,0.397915   ,1.62901      ,1.43048     ,0.0761929   ,0.230016    ,0.241212    ,0.47443     ,1.72392     ,1.34077     ,0.0239984    ,-0.0550534   ,-0.039736   ,nan          ,nan          ,nan          ,0.0274232    ,-0.0508847   ,-0.0485422  ,nan          ,nan          ,nan          ,0.0224021    ,-0.113389    ,-0.0473581   ,nan          ,nan          ,nan         ,0.0924616   ,8.60177e-09  ,0.0941144    ,0            ,0.0254081    ,0            ,       0 ,       1 ,       0 ,       1 ,       0 ,       1
33.3066  ,0.4  , 5.04  ,     0 ,0.268183 ,-0        ,         0 ,-0       ,5.43853 ,-0.245601 ,0.0935501   ,5.175   ,-0.325    ,0.105686    ,4.73862  ,-0.247417 ,0.0986204   ,5.475   ,0.275     ,0           ,5.11533 ,0.317263  ,0.133933    ,4.775    ,0.275    ,0           ,0.255365    ,0.889404    ,0.60165     ,0.394618   ,0.650107    ,0.624269   ,0.317005  ,0.955878    ,0.521996    ,0.37801    ,1.62699      ,1.41538     ,0.120334    ,0.04073     ,0.169278    ,0.451034    ,1.72039     ,1.33235     ,0.0253108    ,-0.0424238   ,-0.0252562  ,nan          ,nan          ,nan          ,0.0289072    ,-0.0382678   ,-0.0343761  ,nan          ,nan          ,nan          ,0.0281046    ,-0.103318    ,-0.0352274   ,nan          ,nan          ,nan         ,0.0980529   ,8.60177e-09  ,0.0986204    ,0            ,0.0288823    ,3.65721e-17  ,       0 ,       1 ,       0 ,       1 ,       0 ,       1
33.3468  ,0.45 , 5.045 ,     0 ,0.267302 ,-0        ,         0 ,-0       ,5.44887 ,-0.243609 ,0.0955597   ,5.175   ,-0.325    ,0.105686    ,4.74887  ,-0.245693 ,0.10119     ,5.475   ,0.275     ,0           ,5.13054 ,0.317886  ,0.137209    ,4.775    ,0.275    ,0           ,0.285965    ,0.846682    ,0.580153    ,0.37366    ,0.639564    ,0.605533   ,0.352072  ,0.917911    ,0.489461    ,0.357691   ,1.62515      ,1.40074     ,0.173727    ,-0.129      ,0.118026    ,0.427256    ,1.71651     ,1.32414     ,0.0260942    ,-0.0294054   ,-0.0109479  ,nan          ,nan          ,nan          ,0.029783     ,-0.0253325   ,-0.0201633  ,nan          ,nan          ,nan          ,0.0328764    ,-0.0908814   ,-0.0236409   ,nan          ,nan          ,nan         ,0.102299    ,8.60177e-09  ,0.10119      ,0            ,0.0311588    ,0            ,       0 ,       1 ,       0 ,       1 ,       0 ,       1
33.3868  ,0.5  , 5.05  ,     0 ,0.266422 ,-0        ,         0 ,-0       ,5.45976 ,-0.242826 ,0.0959645   ,5.175   ,-0.325    ,0.105686    ,4.75966  ,-0.245121 ,0.101947    ,5.475   ,0.275     ,0           ,5.14764 ,0.31894   ,0.140456    ,4.775    ,0.275    ,0           ,0.317181    ,0.819663    ,0.57556     ,0.35224    ,0.629028    ,0.587155   ,0.387821  ,0.895564    ,0.473908    ,0.336958   ,1.62347      ,1.38657     ,0.233948    ,-0.274576   ,0.086498    ,0.403117    ,1.71226     ,1.31614     ,0.0263487    ,-0.0159981   ,0.00318885  ,nan          ,nan          ,nan          ,0.0300506    ,-0.0120793   ,-0.00590381 ,nan          ,nan          ,nan          ,0.0358792    ,-0.0755848   ,-0.0126088   ,nan          ,nan          ,nan         ,0.0959645   ,8.60177e-09  ,0.101947     ,0            ,0.0332825    ,-3.65721e-17 ,       0 ,       1 ,       0 ,       1 ,       0 ,       1
33.4266  ,0.55 , 5.055 ,     0 ,0.265541 ,-0        ,         0 ,-0       ,5.47123 ,-0.243283 ,0.0948819   ,5.175   ,-0.325    ,0.105686    ,4.77102  ,-0.245714 ,0.100971    ,5.475   ,0.275     ,0           ,5.16613 ,0.31972   ,0.144275    ,4.775    ,0.275    ,0           ,0.348386    ,0.808809    ,0.587665    ,0.33036    ,0.618469    ,0.569131   ,0.423531  ,0.88921     ,0.475397    ,0.315814   ,1.62193      ,1.37283     ,0.2978      ,-0.390944   ,0.0737251   ,0.378641    ,1.70764     ,1.30834     ,0.0260766    ,-0.00220193  ,0.0171535   ,nan          ,nan          ,nan          ,0.0297194    ,0.00147548   ,0.00840973  ,nan          ,nan          ,nan          ,0.037041     ,-0.0573852   ,-0.00213195  ,nan          ,nan          ,nan         ,0.0948819   ,8.60177e-09  ,0.100971     ,0            ,0.0385888    ,0            ,       0 ,       1 ,       0 ,       1 ,       0 ,       1
33.467   ,0.6  , 5.06  ,     0 ,0.26466  ,-0        ,         0 ,-0       ,5.48327 ,-0.244946 ,0.0923542   ,5.175   ,-0.325    ,0.105686    ,4.78297  ,-0.247425 ,0.0982823   ,5.475   ,0.275     ,0           ,5.18526 ,0.319656  ,0.148759    ,4.775    ,0.275    ,0           ,0.378956    ,0.814583    ,0.616265    ,0.308023   ,0.607853    ,0.551455   ,0.458492  ,0.899201    ,0.493995    ,0.294263   ,1.62049      ,1.35953     ,0.362073    ,-0.473042   ,0.0787392   ,0.353854    ,1.70262     ,1.30074     ,0.0252795    ,0.0119832    ,0.0309457   ,nan          ,nan          ,nan          ,0.0287939    ,0.0153237    ,0.0227809   ,nan          ,nan          ,nan          ,0.0363619    ,-0.0362826   ,0.00778963   ,nan          ,nan          ,nan         ,0.0923542   ,8.60177e-09  ,0.0982823    ,0            ,0.0430724    ,0            ,       0 ,       1 ,       0 ,       1 ,       0 ,       1
33.5068  ,0.65 , 5.065 ,     0 ,0.263779 ,-0        ,         0 ,-0       ,5.49584 ,-0.24772  ,0.0883366   ,5.175   ,-0.325    ,0.105686    ,4.79549  ,-0.250144 ,0.0938347   ,5.475   ,0.275     ,0           ,5.20419 ,0.318555  ,0.153503    ,4.775    ,0.275    ,0           ,0.408267    ,0.837447    ,0.661154    ,0.285233   ,0.597143    ,0.534122   ,0.491994  ,0.925888    ,0.529772    ,0.27231    ,1.61914      ,1.34665     ,0.423556    ,-0.515807   ,0.100572    ,0.328785    ,1.69718     ,1.29332     ,0.0239573    ,0.0265573    ,0.0445654   ,nan          ,nan          ,nan          ,0.0272743    ,0.0294655    ,0.0372098   ,nan          ,nan          ,nan          ,0.0338417    ,-0.012277    ,0.0171559    ,nan          ,nan          ,nan         ,0.0883366   ,8.60177e-09  ,0.0938347    ,0            ,0.0478164    ,0            ,       0 ,       1 ,       0 ,       1 ,       0 ,       1
33.5467  ,0.7  , 5.07  ,     0 ,0.262899 ,-0        ,         0 ,-0       ,5.50883 ,-0.251448 ,0.0826943   ,5.175   ,-0.325    ,0.105686    ,4.80846  ,-0.253704 ,0.0875149   ,5.475   ,0.275     ,0           ,5.22208 ,0.316712  ,0.157699    ,4.775    ,0.275    ,0           ,0.435694    ,0.877863    ,0.722127    ,0.261997   ,0.586297    ,0.517124   ,0.523329  ,0.969619    ,0.582796    ,0.249963   ,1.61784      ,1.33417     ,0.479073    ,-0.514326   ,0.138283    ,0.303464    ,1.69133     ,1.28609     ,0.0221101    ,0.0415204    ,0.0580126   ,nan          ,nan          ,nan          ,0.0251605    ,0.0439007    ,0.0516963   ,nan          ,nan          ,nan          ,0.0295737    ,0.0142198    ,0.0260455    ,nan          ,nan          ,nan         ,0.0826943   ,8.60177e-09  ,0.0875149    ,0            ,0.0520128    ,0            ,       0 ,       1 ,       0 ,       1 ,       0 ,       1
33.5868  ,0.75 , 5.075 ,     0 ,0.262018 ,-0        ,         0 ,-0       ,5.52202 ,-0.255915 ,0.075207    ,5.175   ,-0.325    ,0.105686    ,4.82167  ,-0.257883 ,0.0791505   ,5.475   ,0.275     ,0           ,5.23839 ,0.314924  ,0.160416    ,4.775    ,0.275    ,0           ,0.460613    ,0.936294    ,0.798979    ,0.238322   ,0.57527     ,0.500453   ,0.551787  ,1.03075     ,0.653136    ,0.227229   ,1.61657      ,1.32208     ,0.525902    ,-0.4657     ,0.191318    ,0.277923    ,1.68505     ,1.27905     ,0.0197378    ,0.0568724    ,0.0712874   ,nan          ,nan          ,nan          ,0.0224524    ,0.0586293    ,0.0662405   ,nan          ,nan          ,nan          ,0.0239027    ,0.0416823    ,0.0347493    ,nan          ,nan          ,nan         ,0.075207    ,8.60177e-09  ,0.0791505    ,0            ,0.0547298    ,0            ,       0 ,       1 ,       0 ,       1 ,       0 ,       1
33.6267  ,0.8  , 5.08  ,     0 ,0.261137 ,-0        ,         0 ,-0       ,5.53509 ,-0.260824 ,0.0655864   ,5.175   ,-0.325    ,0.105686    ,4.83481  ,-0.262395 ,0.0685281   ,5.475   ,0.275     ,0           ,5.25281 ,0.314167  ,0.160601    ,4.775    ,0.275    ,0           ,0.482402    ,1.0132      ,0.891506    ,0.214221   ,0.564012    ,0.484099   ,0.576661  ,1.10962     ,0.740861    ,0.204121   ,1.61529      ,1.31036     ,0.561647    ,-0.368464   ,0.259393    ,0.252194    ,1.67833     ,1.27219     ,0.0168405    ,0.0726134    ,0.0843897   ,nan          ,nan          ,nan          ,0.0191502    ,0.0736515    ,0.0808423   ,nan          ,nan          ,nan          ,0.016861     ,0.0699675    ,0.0432946    ,nan          ,nan          ,nan         ,0.0655864   ,8.60177e-09  ,0.0685281    ,0            ,0.0534573    ,0            ,       0 ,       1 ,       0 ,       1 ,       0 ,       1
33.6671  ,0.85 , 5.085 ,     0 ,0.260257 ,-0        ,         0 ,-0       ,5.54758 ,-0.265786 ,0.0535082   ,5.175   ,-0.325    ,0.105686    ,4.84739  ,-0.266879 ,0.0554251   ,5.475   ,0.275     ,0           ,5.26491 ,0.315223  ,0.156892    ,4.775    ,0.275    ,0           ,0.500435    ,1.10905     ,0.999503    ,0.189705   ,0.552468    ,0.468049   ,0.597241  ,1.20659     ,0.846039    ,0.18065    ,1.61399      ,1.29901     ,0.583915    ,-0.221183   ,0.342233    ,0.226311    ,1.67118     ,1.26552     ,0.0134181    ,0.0887433    ,0.0973196   ,nan          ,nan          ,nan          ,0.0152538    ,0.0889671    ,0.0955019   ,nan          ,nan          ,nan          ,0.00844861   ,0.0990754    ,0.0516814    ,nan          ,nan          ,nan         ,0.0535082   ,8.60177e-09  ,0.0554251    ,0            ,0.0505435    ,0            ,       0 ,       1 ,       0 ,       1 ,       0 ,       1
33.707   ,0.9  , 5.09  ,     0 ,0.259376 ,-0        ,         0 ,-0       ,5.55891 ,-0.270286 ,0.038664    ,5.175   ,-0.325    ,0.105686    ,4.85881  ,-0.270881 ,0.0396572   ,5.475   ,0.275     ,0           ,5.27387 ,0.318311  ,0.147607    ,4.775    ,0.275    ,0           ,0.514088    ,1.2243      ,1.12276     ,0.16479    ,0.540579    ,0.452291   ,0.612818  ,1.322       ,0.968739    ,0.156831   ,1.61262      ,1.288       ,0.590318    ,-0.0224212  ,0.43956     ,0.200311    ,1.66358     ,1.25904     ,0.00947066   ,0.105262     ,0.110077    ,nan          ,nan          ,nan          ,0.0107631    ,0.104576     ,0.110219    ,nan          ,nan          ,nan          ,-0.00133442  ,0.129006     ,0.0599096    ,nan          ,nan          ,nan         ,0.038664    ,8.60177e-09  ,0.0396572    ,0            ,0.041847     ,0            ,       1 ,       1 ,       1 ,       1 ,       1 ,       1
33.7467  ,0.95 , 5.095 ,     0 ,0.258495 ,-0        ,         0 ,-0       ,5.56833 ,-0.273647 ,0.0208362   ,5.175   ,-0.325    ,0.105686    ,4.8683   ,-0.273829 ,0.0211452   ,5.475   ,0.275     ,0           ,5.27808 ,0.322517  ,0.13095     ,4.775    ,0.275    ,0           ,0.522738    ,1.35941     ,1.26108     ,0.139494   ,0.528279    ,0.436809   ,0.622684  ,1.45621     ,1.10903     ,0.13268    ,1.61115      ,1.27733     ,0.578464    ,0.229255    ,0.551099    ,0.174227    ,1.65556     ,1.25275     ,0.00499817   ,0.12217      ,0.122662    ,nan          ,nan          ,nan          ,0.00567826   ,0.120479     ,0.124994    ,nan          ,nan          ,nan          ,-0.0124881   ,0.159759     ,0.0679794    ,nan          ,nan          ,nan         ,0.0208362   ,8.60177e-09  ,0.0211452    ,0            ,0.0254658    ,0            ,       1 ,       1 ,       1 ,       1 ,       1 ,       1
33.8006  ,0    , 5.1   ,     0 ,0.257614 ,-0        ,         0 ,-0       ,5.575   ,-0.275    ,0           ,5.175   ,-0.324997 ,0.105687    ,4.875    ,-0.275    ,0           ,5.475   ,0.274998  ,1.59207e-06 ,5.275   ,0.325     ,0.105686    ,4.775    ,0.274999 ,1.67678e-06 ,0.525761    ,1.51484     ,1.41426     ,0.113838   ,0.515498    ,0.421586   ,0.62613   ,1.60956     ,1.26698     ,0.108217   ,1.60956      ,1.26698     ,0.545964    ,0.53528     ,0.676573    ,0.148098    ,1.6471      ,1.24667     ,nan          ,nan          ,nan         ,-2.79646e-07 ,-0.336876    ,-0.171913    ,nan          ,nan          ,nan         ,-7.98597e-07 ,-0.136675    ,-0.139826    ,nan          ,nan          ,nan          ,0.00628778   ,-0.125421    ,-0.142838   ,0           ,8.22655e-07  ,0            ,1.59207e-06  ,-0.0017449   ,1.49043e-06  ,       1 ,       1 ,       1 ,       1 ,       1 ,       1
33.8269  ,0.05 , 5.105 ,     0 ,0.258495 ,-0        ,         0 ,-0       ,5.575   ,-0.275    ,0           ,5.18057 ,-0.324641 ,0.113758    ,4.875    ,-0.275    ,0           ,5.48045 ,0.273556  ,0.0210984   ,5.275   ,0.325     ,0.105686    ,4.78135  ,0.271465 ,0.0206129   ,0.508704    ,1.52451     ,1.40897     ,0.11697    ,0.368495    ,0.348588   ,0.605832  ,1.62117     ,1.27064     ,0.111199   ,1.45503      ,1.11038     ,0.528589    ,0.540384    ,0.664029    ,0.158118    ,1.5084      ,1.08942     ,nan          ,nan          ,nan         ,0.0123153    ,-0.252205    ,-0.120701    ,nan          ,nan          ,nan         ,0.0049182    ,-0.122549    ,-0.12291     ,nan          ,nan          ,nan          ,0.0108096    ,-0.112387    ,-0.126804   ,0           ,0.00807215   ,0            ,0.0210983    ,-0.0017449   ,0.0182439    ,       1 ,       0 ,       1 ,       0 ,       1 ,       0
33.8669  ,0.1  , 5.11  ,     0 ,0.259376 ,-0        ,         0 ,-0       ,5.575   ,-0.275    ,0           ,5.18726 ,-0.324267 ,0.119044    ,4.875    ,-0.275    ,0           ,5.48673 ,0.269887  ,0.0394767   ,5.275   ,0.325     ,0.105686    ,4.78833  ,0.26669  ,0.0388693   ,0.491253    ,1.53451     ,1.40427     ,0.125937   ,0.262224    ,0.300264   ,0.585062  ,1.63255     ,1.27461     ,0.119743   ,1.31731      ,0.973782    ,0.510785    ,0.546441    ,0.652254    ,0.173123    ,1.38489     ,0.950769    ,nan          ,nan          ,nan         ,0.0233345    ,-0.17395     ,-0.0732165   ,nan          ,nan          ,nan         ,0.00932758   ,-0.108474    ,-0.106272    ,nan          ,nan          ,nan          ,0.0148347    ,-0.0993688   ,-0.110946   ,0           ,0.0133576    ,0            ,0.0394767    ,-0.0017449   ,0.036434     ,       1 ,       0 ,       1 ,       0 ,       1 ,       0
33.9068  ,0.15 , 5.115 ,     0 ,0.260257 ,-0        ,         0 ,-0       ,5.575   ,-0.275    ,0           ,5.19504 ,-0.32445  ,0.122541    ,4.875    ,-0.275    ,0           ,5.49376 ,0.264899  ,0.0549915   ,5.275   ,0.325     ,0.105686    ,4.79584  ,0.261333 ,0.0546011   ,0.473401    ,1.54482     ,1.40015     ,0.140089   ,0.193476    ,0.27475    ,0.563827  ,1.64366     ,1.27889     ,0.133239   ,1.19635      ,0.856855    ,0.492546    ,0.55346     ,0.641265    ,0.192534    ,1.27656     ,0.830513    ,nan          ,nan          ,nan         ,0.0330573    ,-0.102112    ,-0.0294597   ,nan          ,nan          ,nan         ,0.0132273    ,-0.0944507   ,-0.0899128   ,nan          ,nan          ,nan          ,0.0183631    ,-0.0863648   ,-0.0952663  ,0           ,0.0168546    ,0            ,0.0549915    ,-0.0017449   ,0.0457733    ,       1 ,       0 ,       1 ,       0 ,       1 ,       0
33.9471  ,0.2  , 5.12  ,     0 ,0.261137 ,-0        ,         0 ,-0       ,5.575   ,-0.275    ,0           ,5.20387 ,-0.32538  ,0.124872    ,4.875    ,-0.275    ,0           ,5.50143 ,0.25937   ,0.067696    ,5.275   ,0.325     ,0.105686    ,4.8038   ,0.25596  ,0.067792    ,0.455145    ,1.55541     ,1.3966      ,0.158778   ,0.159043    ,0.270183   ,0.542135  ,1.65449     ,1.28345     ,0.151082   ,1.09207      ,0.759266    ,0.473864    ,0.561444    ,0.631074    ,0.215771    ,1.1834      ,0.728444    ,nan          ,nan          ,nan         ,0.0414838    ,-0.0366904   ,0.0105695    ,nan          ,nan          ,nan         ,0.0166175    ,-0.0804779   ,-0.0738323   ,nan          ,nan          ,nan          ,0.0213949    ,-0.0733755   ,-0.0797638  ,0           ,0.0191858    ,0            ,0.067696     ,-0.0017449   ,0.0637803    ,       1 ,       0 ,       1 ,       0 ,       1 ,       0
33.9868  ,0.25 , 5.125 ,     0 ,0.262018 ,-0        ,         0 ,-0       ,5.575   ,-0.275    ,0           ,5.2137  ,-0.327062 ,0.126316    ,4.875    ,-0.275    ,0           ,5.50964 ,0.253932  ,0.0777691   ,5.275   ,0.325     ,0.105686    ,4.81215  ,0.25103  ,0.0785274   ,0.43648     ,1.56626     ,1.3936      ,0.181357   ,0.155716    ,0.284698   ,0.519996  ,1.665       ,1.28829     ,0.172663   ,1.00442      ,0.680684    ,0.454735    ,0.570393    ,0.621694    ,0.242255    ,1.10537     ,0.644355    ,nan          ,nan          ,nan         ,0.0486139    ,0.0223146    ,0.0468711    ,nan          ,nan          ,nan         ,0.019498     ,-0.066556    ,-0.0580306   ,nan          ,nan          ,nan          ,0.0239299    ,-0.0604008   ,-0.0644388  ,0           ,0.02063      ,0            ,0.0777691    ,-0.0017449   ,0.0768077    ,       1 ,       0 ,       1 ,       0 ,       1 ,       0
34.0269  ,0.3  , 5.13  ,     0 ,0.262899 ,-0        ,         0 ,-0       ,5.575   ,-0.275    ,0           ,5.22448 ,-0.329403 ,0.126883    ,4.875    ,-0.275    ,0           ,5.51837 ,0.249072  ,0.0854539   ,5.275   ,0.325     ,0.105686    ,4.82091  ,0.246894 ,0.0869488   ,0.417404    ,1.57735     ,1.39115     ,0.207176   ,0.180288    ,0.316433   ,0.497423  ,1.67519     ,1.29339     ,0.197374   ,0.933338     ,0.620776    ,0.435154    ,0.580296    ,0.613133    ,0.271407    ,1.04248     ,0.57804     ,nan          ,nan          ,nan         ,0.0544476    ,0.074903     ,0.0794452    ,nan          ,nan          ,nan         ,0.0218689    ,-0.0526851   ,-0.0425076   ,nan          ,nan          ,nan          ,0.0259683    ,-0.0474407   ,-0.0492912  ,0           ,0.0211962    ,0            ,0.0854539    ,-0.0017449   ,0.0848668    ,       1 ,       0 ,       1 ,       0 ,       1 ,       0
34.0668  ,0.35 , 5.135 ,     0 ,0.263779 ,-0        ,         0 ,-0       ,5.575   ,-0.275    ,0           ,5.23617 ,-0.332253 ,0.126392    ,4.875    ,-0.275    ,0           ,5.52761 ,0.245142  ,0.0910086   ,5.275   ,0.325     ,0.105686    ,4.83009  ,0.243796 ,0.0932181   ,0.397915    ,1.58864     ,1.38923     ,0.235588   ,0.22955     ,0.363522   ,0.47443   ,1.68503     ,1.29873     ,0.224609   ,0.878766     ,0.57921     ,0.415116    ,0.591139    ,0.605397    ,0.302646    ,0.994688    ,0.52929     ,nan          ,nan          ,nan         ,0.058985     ,0.121075     ,0.108292     ,nan          ,nan          ,nan         ,0.0237302    ,-0.0388651   ,-0.0272633   ,nan          ,nan          ,nan          ,0.02751      ,-0.0344953   ,-0.0343211  ,0           ,0.0207061    ,0            ,0.0910086    ,-0.0017449   ,0.0919882    ,       1 ,       0 ,       1 ,       0 ,       1 ,       0
34.1068  ,0.4  , 5.14  ,     0 ,0.26466  ,-0        ,         0 ,-0       ,5.575   ,-0.275    ,0           ,5.24868 ,-0.3354   ,0.124563    ,4.875    ,-0.275    ,0           ,5.53738 ,0.242375  ,0.0946703   ,5.275   ,0.325     ,0.105686    ,4.83977  ,0.241883 ,0.097489    ,0.37801     ,1.60011     ,1.38784     ,0.265945   ,0.300293    ,0.424103   ,0.451034  ,1.69449     ,1.30432     ,0.253759   ,0.84064      ,0.555654    ,0.394618    ,0.602898    ,0.59849     ,0.335394    ,0.961993    ,0.4979      ,nan          ,nan          ,nan         ,0.0622259    ,0.16083      ,0.133411     ,nan          ,nan          ,nan         ,0.0250819    ,-0.025096    ,-0.0122976   ,nan          ,nan          ,nan          ,0.028555     ,-0.0215646   ,-0.0195284  ,0           ,0.0188763    ,0            ,0.0946703    ,-0.0017449   ,0.0974571    ,       1 ,       0 ,       1 ,       0 ,       1 ,       0
34.1468  ,0.45 , 5.145 ,     0 ,0.265541 ,-0        ,         0 ,-0       ,5.575   ,-0.275    ,0           ,5.26186 ,-0.338568 ,0.121084    ,4.875    ,-0.275    ,0           ,5.54774 ,0.2409    ,0.0966296   ,5.275   ,0.325     ,0.105686    ,4.84999  ,0.241217 ,0.0998871   ,0.357691    ,1.61173     ,1.38696     ,0.297598   ,0.38931     ,0.496312   ,0.427256  ,1.70358     ,1.31012     ,0.284216   ,0.818902     ,0.549774    ,0.37366     ,0.615541    ,0.59241     ,0.369072    ,0.944372    ,0.483661    ,nan          ,nan          ,nan         ,0.0641705    ,0.194169     ,0.154802     ,nan          ,nan          ,nan         ,0.025924     ,-0.0113779   ,0.00238927   ,nan          ,nan          ,nan          ,0.0291033    ,-0.00864856  ,-0.00491316 ,0           ,0.00489709   ,0            ,0.0966296    ,-0.0017449   ,0.101368     ,       1 ,       0 ,       1 ,       0 ,       1 ,       0
34.1871  ,0.5  , 5.15  ,     0 ,0.266422 ,-0        ,         0 ,-0       ,5.575   ,-0.275    ,0           ,5.27552 ,-0.341429 ,0.115696    ,4.875    ,-0.275    ,0           ,5.55873 ,0.24076   ,0.0970136   ,5.275   ,0.325     ,0.105686    ,4.86083  ,0.241782 ,0.100497    ,0.336958    ,1.62347     ,1.38657     ,0.329899   ,0.493392    ,0.578284   ,0.403117  ,1.71226     ,1.31614     ,0.315374   ,0.813489     ,0.56124     ,0.35224     ,0.629028    ,0.587155    ,0.403099    ,0.94181     ,0.486368    ,nan          ,nan          ,nan         ,0.0648188    ,0.221091     ,0.172466     ,nan          ,nan          ,nan         ,0.0262564    ,0.00228932   ,0.0167975    ,nan          ,nan          ,nan          ,0.0291549    ,0.00425285   ,0.00952463  ,0           ,0.00535412   ,0            ,0.0970137    ,-0.0017449   ,0.100497     ,       1 ,       0 ,       1 ,       0 ,       1 ,       0
34.2267  ,0.55 , 5.155 ,     0 ,0.267302 ,-0        ,         0 ,-0       ,5.575   ,-0.275    ,0           ,5.28937 ,-0.343629 ,0.108252    ,4.875    ,-0.275    ,0           ,5.57037 ,0.241922  ,0.0958783   ,5.275   ,0.325     ,0.105686    ,4.8723   ,0.2435   ,0.0993536   ,0.315814    ,1.6353      ,1.38666     ,0.362201   ,0.609332    ,0.668156   ,0.378641  ,1.72054     ,1.32237     ,0.346622   ,0.824344     ,0.589716    ,0.33036     ,0.643311    ,0.582715    ,0.436891    ,0.954289    ,0.505818    ,nan          ,nan          ,nan         ,0.0641706    ,0.241596     ,0.186402     ,nan          ,nan          ,nan         ,0.0260695    ,0.0159159    ,0.030917     ,nan          ,nan          ,nan          ,0.028692     ,0.0171404    ,0.0237982   ,0           ,0.00444384   ,0            ,0.0958783    ,-0.0017449   ,0.0993536    ,       1 ,       0 ,       1 ,       0 ,       1 ,       0
34.2666  ,0.6  , 5.16  ,     0 ,0.268183 ,-0        ,         0 ,-0       ,5.575   ,-0.275    ,0           ,5.30306 ,-0.344837 ,0.0987647   ,4.875    ,-0.275    ,0           ,5.58266 ,0.244286  ,0.0932056   ,5.275   ,0.325     ,0.105686    ,4.8844   ,0.246238 ,0.0964402   ,0.294263    ,1.6472      ,1.38721     ,0.393854   ,0.733919    ,0.764064   ,0.353854  ,1.72841     ,1.32879     ,0.377324   ,0.851435     ,0.634841    ,0.308023    ,0.658333    ,0.57908     ,0.469825    ,0.981794    ,0.541835    ,nan          ,nan          ,nan         ,0.0622261    ,0.255685     ,0.19661      ,nan          ,nan          ,nan         ,0.0253413    ,0.0295251    ,0.0447254    ,nan          ,nan          ,nan          ,0.0276845    ,0.0300157    ,0.0379301   ,0           ,0.00697921   ,0            ,0.0932056    ,-0.0017449   ,0.0964403    ,       1 ,       0 ,       1 ,       0 ,       1 ,       0
34.3066  ,0.65 , 5.165 ,     0 ,0.269064 ,-0        ,         0 ,-0       ,5.575   ,-0.275    ,0           ,5.3162  ,-0.344806 ,0.0874352   ,4.875    ,-0.275    ,0           ,5.59551 ,0.247689  ,0.0889072   ,5.275   ,0.325     ,0.105686    ,4.89705  ,0.249822 ,0.0916931   ,0.27231     ,1.65912     ,1.38822     ,0.424211   ,0.863948    ,0.864145   ,0.328785  ,1.73586     ,1.33541     ,0.406835   ,0.894742     ,0.696243    ,0.285233    ,0.674029    ,0.576233    ,0.501267    ,1.02431     ,0.594254    ,nan          ,nan          ,nan         ,0.0589853    ,0.263358     ,0.203092     ,nan          ,nan          ,nan         ,0.024071     ,0.0431177    ,0.058222     ,nan          ,nan          ,nan          ,0.0261319    ,0.0428785    ,0.0519206   ,0           ,0.0146504    ,0            ,0.0889072    ,-0.0017449   ,0.0916931    ,       1 ,       0 ,       1 ,       0 ,       1 ,       0
34.3468  ,0.7  , 5.17  ,     0 ,0.269944 ,-0        ,         0 ,-0       ,5.575   ,-0.275    ,0           ,5.32842 ,-0.343433 ,0.0746443   ,4.875    ,-0.275    ,0           ,5.60877 ,0.251919  ,0.082835    ,5.275   ,0.325     ,0.105686    ,4.91007  ,0.254033 ,0.0850131   ,0.249963    ,1.67105     ,1.38966     ,0.452623   ,0.996208    ,0.966535   ,0.303464  ,1.74288     ,1.34222     ,0.434508   ,0.954247     ,0.773552    ,0.261997    ,0.690329    ,0.574156    ,0.530579    ,1.08182     ,0.66291     ,nan          ,nan          ,nan         ,0.054448     ,0.264614     ,0.205845     ,nan          ,nan          ,nan         ,0.0222586    ,0.0566938    ,0.0714066    ,nan          ,nan          ,nan          ,0.0240341    ,0.055729     ,0.0657699   ,0           ,0.0337273    ,0            ,0.082835     ,-0.0017449   ,0.0850131    ,       1 ,       0 ,       1 ,       0 ,       1 ,       0
34.3867  ,0.75 , 5.175 ,     0 ,0.270825 ,-0        ,         0 ,-0       ,5.575   ,-0.275    ,0           ,5.33941 ,-0.340799 ,0.0609216   ,4.875    ,-0.275    ,0           ,5.62218 ,0.256706  ,0.0747992   ,5.275   ,0.325     ,0.105686    ,4.92323  ,0.258613 ,0.076282    ,0.227229    ,1.68296     ,1.39153     ,0.478443   ,1.12749     ,1.06937    ,0.277923  ,1.74949     ,1.34921     ,0.459697   ,1.02993      ,0.866395    ,0.238322    ,0.707153    ,0.572824    ,0.557126    ,1.15432     ,0.74764     ,nan          ,nan          ,nan         ,0.0486144    ,0.259453     ,0.204871     ,nan          ,nan          ,nan         ,0.0199042    ,0.0702532    ,0.0842794    ,nan          ,nan          ,nan          ,0.0213912    ,0.0685672    ,0.0794778   ,0           ,0.0385386    ,0            ,0.0747992    ,-0.0017449   ,0.076282     ,       1 ,       0 ,       1 ,       0 ,       1 ,       0
34.427   ,0.8  , 5.18  ,     0 ,0.271706 ,-0        ,         0 ,-0       ,5.575   ,-0.275    ,0           ,5.34899 ,-0.337192 ,0.0468893   ,4.875    ,-0.275    ,0           ,5.63539 ,0.261724  ,0.0645968   ,5.275   ,0.325     ,0.105686    ,4.93617  ,0.263264 ,0.0653861   ,0.204121    ,1.6948      ,1.3938      ,0.501021   ,1.25459     ,1.17078    ,0.252194  ,1.75567     ,1.35639     ,0.481756   ,1.12177      ,0.9744      ,0.214221    ,0.724419    ,0.572213    ,0.580273    ,1.24179     ,0.848277    ,nan          ,nan          ,nan         ,0.0414844    ,0.247876     ,0.200169     ,nan          ,nan          ,nan         ,0.0170076    ,0.0837961    ,0.0968402    ,nan          ,nan          ,nan          ,0.0182031    ,0.081393     ,0.0930443   ,0           ,0.0422129    ,0            ,0.0645967    ,-0.0017449   ,0.0653861    ,       1 ,       0 ,       1 ,       0 ,       1 ,       0
34.4668  ,0.85 , 5.185 ,     0 ,0.272587 ,-0        ,         0 ,-0       ,5.575   ,-0.275    ,0           ,5.35713 ,-0.333097 ,0.0331985   ,4.875    ,-0.275    ,0           ,5.6479  ,0.266579  ,0.0520485   ,5.275   ,0.325     ,0.105686    ,4.94841  ,0.267648 ,0.0522473   ,0.18065     ,1.70656     ,1.39646     ,0.519711   ,1.3743      ,1.26892    ,0.226311  ,1.76145     ,1.36376     ,0.500038   ,1.22974      ,1.0972      ,0.189705    ,0.742037    ,0.572292    ,0.599382    ,1.34421     ,0.964657    ,nan          ,nan          ,nan         ,0.033058     ,0.229882     ,0.19174      ,nan          ,nan          ,nan         ,0.013569     ,0.0973224    ,0.109089     ,nan          ,nan          ,nan          ,0.0144698    ,0.0942064    ,0.10647     ,0           ,0.0329306    ,0            ,0.0520485    ,-0.0017449   ,0.0522473    ,       1 ,       0 ,       1 ,       0 ,       1 ,       0
34.5072  ,0.9  , 5.19  ,     0 ,0.273467 ,-0        ,         0 ,-0       ,5.575   ,-0.275    ,0           ,5.36397 ,-0.32917  ,0.0204684   ,4.875    ,-0.275    ,0           ,5.65914 ,0.2708    ,0.0370484   ,5.275   ,0.325     ,0.105686    ,4.9594   ,0.271375 ,0.0368627   ,0.156831    ,1.71821     ,1.39949     ,0.533863   ,1.4834      ,1.3619     ,0.200311  ,1.76682     ,1.37131     ,0.513897   ,1.35383      ,1.23441     ,0.16479     ,0.759918    ,0.57303     ,0.613819    ,1.46157     ,1.09661     ,nan          ,nan          ,nan         ,0.0233353    ,0.205471     ,0.179583     ,nan          ,nan          ,nan         ,0.00958833   ,0.110832     ,0.121026     ,nan          ,nan          ,nan          ,0.0101914    ,0.107008     ,0.119753    ,0           ,0.0204684    ,0            ,0.0370484    ,-0.0017449   ,0.0368627    ,       1 ,       1 ,       1 ,       1 ,       1 ,       1
34.5467  ,0.95 , 5.195 ,     0 ,0.274348 ,-0        ,         0 ,-0       ,5.575   ,-0.275    ,0           ,5.36981 ,-0.326187 ,0.00924712  ,4.875    ,-0.275    ,0           ,5.66842 ,0.273826  ,0.0196235   ,5.275   ,0.325     ,0.105686    ,4.96849  ,0.273998 ,0.0193504   ,0.13268     ,1.72971     ,1.40288     ,0.54283    ,1.5787      ,1.44788    ,0.174227  ,1.7718      ,1.37905     ,0.522687   ,1.49402      ,1.38567     ,0.139494    ,0.777967    ,0.574394    ,0.622947    ,1.59385     ,1.24399     ,nan          ,nan          ,nan         ,0.0123162    ,0.174645     ,0.163699     ,nan          ,nan          ,nan         ,0.00506556   ,0.124325     ,0.132651     ,nan          ,nan          ,nan          ,0.00536783   ,0.119796     ,0.132896    ,0           ,0.00924712   ,0            ,0.0196235    ,-0.0017449   ,0.0193504    ,       1 ,       1 ,       1 ,       1 ,       1 ,       1
34.6058  ,0    , 5.2   ,     0 ,0.275229 ,-0        ,         0 ,-0       ,5.575   ,-0.274998 ,1.54856e-06 ,5.375   ,-0.325    ,0           ,4.875    ,-0.274999 ,1.62512e-06 ,5.675   ,0.275     ,0           ,5.275   ,0.324997  ,0.105687    ,4.975    ,0.275    ,0           ,0.108217    ,1.74104     ,1.40661     ,0.545964   ,1.65698     ,1.52498    ,0.148098  ,1.7764      ,1.38699     ,0.525761   ,1.65029      ,1.5506      ,0.113838    ,0.796092    ,0.576349    ,0.62613     ,1.74104     ,1.40661     ,-8.87313e-07 ,-0.132573    ,-0.145897   ,nan          ,nan          ,nan          ,9.47271e-07  ,-0.13029     ,-0.146401   ,nan          ,nan          ,nan          ,0.037643     ,-0.235482    ,-0.128357    ,nan          ,nan          ,nan         ,1.54856e-06 ,0            ,1.62512e-06  ,0            ,-0.00174346  ,0            ,       1 ,       1 ,       1 ,       1 ,       1 ,       1
34.6264  ,0.05 , 5.205 ,     0 ,0.274348 ,-0        ,         0 ,-0       ,5.5805  ,-0.273932 ,0.0196939   ,5.375   ,-0.325    ,0           ,4.88028  ,-0.273982 ,0.0186791   ,5.675   ,0.275     ,0           ,5.29103 ,0.317742  ,0.127449    ,4.975    ,0.275    ,0           ,0.111249    ,1.58933     ,1.24254     ,0.528589   ,1.654       ,1.50667    ,0.150385  ,1.63601     ,1.23002     ,0.508704   ,1.64634      ,1.5318      ,0.176385    ,0.41795     ,0.363287    ,0.605832    ,1.73924     ,1.39638     ,0.00501464   ,-0.122665    ,-0.130217   ,nan          ,nan          ,nan          ,0.0040074    ,-0.11884     ,-0.132189   ,nan          ,nan          ,nan          ,0.0332751    ,-0.193217    ,-0.11284     ,nan          ,nan          ,nan         ,0.0196939   ,0            ,0.0186791    ,0            ,0.0228147    ,0            ,       0 ,       1 ,       0 ,       1 ,       0 ,       1
34.6665  ,0.1  , 5.21  ,     0 ,0.273467 ,-0        ,         0 ,-0       ,5.58692 ,-0.271085 ,0.0373991   ,5.375   ,-0.325    ,0           ,4.88612  ,-0.271319 ,0.0356121   ,5.675   ,0.275     ,0           ,5.30337 ,0.302747  ,0.137108    ,4.975    ,0.275    ,0           ,0.119927    ,1.44963     ,1.09702     ,0.510785   ,1.65138     ,1.48894    ,0.157013  ,1.50861     ,1.08905     ,0.491253   ,1.64272      ,1.51357     ,0.231701    ,0.111809    ,0.177997    ,0.585062    ,1.73726     ,1.38644     ,0.00950115   ,-0.112369    ,-0.114708   ,nan          ,nan          ,nan          ,0.00770353   ,-0.107251    ,-0.118005   ,nan          ,nan          ,nan          ,0.0294543    ,-0.153949    ,-0.0969093   ,nan          ,nan          ,nan         ,0.0373991   ,0            ,0.0356121    ,0            ,0.0322655    ,0            ,       0 ,       1 ,       0 ,       1 ,       0 ,       1
34.7065  ,0.15 , 5.215 ,     0 ,0.272587 ,-0        ,         0 ,-0       ,5.59412 ,-0.267012 ,0.0527634   ,5.375   ,-0.325    ,0           ,4.89248  ,-0.267582 ,0.050499    ,5.675   ,0.275     ,0           ,5.31291 ,0.286449  ,0.138038    ,4.975    ,0.275    ,0           ,0.133623    ,1.32239     ,0.969819    ,0.492546   ,1.64909     ,1.47176    ,0.167631  ,1.39434     ,0.964054    ,0.473401   ,1.63943      ,1.4959      ,0.280751    ,-0.127622   ,0.0212095   ,0.563827    ,1.73509     ,1.37679     ,0.0134586    ,-0.101683    ,-0.0993705  ,nan          ,nan          ,nan          ,0.0110893    ,-0.0955216   ,-0.103848   ,nan          ,nan          ,nan          ,0.0261805    ,-0.117676    ,-0.0805644   ,nan          ,nan          ,nan         ,0.0527634   ,0            ,0.050499     ,0            ,0.0370256    ,0            ,       0 ,       1 ,       0 ,       1 ,       0 ,       1
34.7467  ,0.2  , 5.22  ,     0 ,0.271706 ,-0        ,         0 ,-0       ,5.60199 ,-0.262262 ,0.0656301   ,5.375   ,-0.325    ,0           ,4.89931  ,-0.263306 ,0.0631924   ,5.675   ,0.275     ,0           ,5.3207  ,0.27156   ,0.134217    ,4.975    ,0.275    ,0           ,0.151709    ,1.20808     ,0.860748    ,0.473864   ,1.64711     ,1.45513    ,0.181889  ,1.29338     ,0.854992    ,0.455145   ,1.63643      ,1.47877     ,0.324502    ,-0.305634   ,-0.106344   ,0.542135    ,1.7327      ,1.36741     ,0.0168871    ,-0.090609    ,-0.0842046  ,nan          ,nan          ,nan          ,0.0141648    ,-0.0836531   ,-0.0897186  ,nan          ,nan          ,nan          ,0.0234537    ,-0.0843998   ,-0.0638053   ,nan          ,nan          ,nan         ,0.0656301   ,0            ,0.0631924    ,0            ,0.037587     ,0            ,       0 ,       1 ,       0 ,       1 ,       0 ,       1
34.7868  ,0.25 , 5.225 ,     0 ,0.270825 ,-0        ,         0 ,-0       ,5.61041 ,-0.257344 ,0.0759984   ,5.375   ,-0.325    ,0           ,4.90659  ,-0.258962 ,0.0736622   ,5.675   ,0.275     ,0           ,5.32751 ,0.258825  ,0.128844    ,4.975    ,0.275    ,0           ,0.173554    ,1.10717     ,0.7696      ,0.454735   ,1.64542     ,1.43902    ,0.199439  ,1.20586     ,0.761837    ,0.43648    ,1.63371      ,1.46217     ,0.363921    ,-0.427519   ,-0.203932   ,0.519996    ,1.73006     ,1.35829     ,0.0197866    ,-0.079146    ,-0.0692102  ,nan          ,nan          ,nan          ,0.0169299    ,-0.071645    ,-0.0756164  ,nan          ,nan          ,nan          ,0.0212739    ,-0.0541195   ,-0.0466321   ,nan          ,nan          ,nan         ,0.0759985   ,0            ,0.0736622    ,0            ,0.0366003    ,0            ,       0 ,       1 ,       0 ,       1 ,       0 ,       1
34.8268  ,0.3  , 5.23  ,     0 ,0.269944 ,-0        ,         0 ,-0       ,5.61932 ,-0.2527   ,0.0839809   ,5.375   ,-0.325    ,0           ,4.91429  ,-0.254945 ,0.081959    ,5.675   ,0.275     ,0           ,5.33386 ,0.248298  ,0.124051    ,4.975    ,0.275    ,0           ,0.198531    ,1.02011     ,0.69617     ,0.435154   ,1.644       ,1.42343    ,0.219929  ,1.13196     ,0.684558    ,0.417404   ,1.63124      ,1.44608     ,0.399929    ,-0.49855    ,-0.270888   ,0.497423    ,1.72714     ,1.34941     ,0.022157     ,-0.0672941   ,-0.0543874  ,nan          ,nan          ,nan          ,0.0193847    ,-0.0594974   ,-0.0615414  ,nan          ,nan          ,nan          ,0.0195181    ,-0.02678     ,-0.029231    ,nan          ,nan          ,nan         ,0.0839809   ,0            ,0.081959     ,0            ,0.0383764    ,0            ,       0 ,       1 ,       0 ,       1 ,       0 ,       1
34.8667  ,0.35 , 5.235 ,     0 ,0.269064 ,-0        ,         0 ,-0       ,5.62869 ,-0.248694 ,0.0897602   ,5.375   ,-0.325    ,0           ,4.92241  ,-0.25157  ,0.0881815   ,5.675   ,0.275     ,0           ,4.92241 ,-0.25157  ,0.0881815   ,4.975    ,0.275    ,0           ,0.226011    ,0.947368    ,0.640255    ,0.415116   ,1.64283     ,1.40834    ,0.243011  ,1.07182     ,0.623125    ,0.397915   ,1.62901      ,1.43048     ,0.432787    ,-0.5237     ,-0.307552   ,0.47443     ,1.72392     ,1.34077     ,0.0239984    ,-0.0550534   ,-0.039736   ,nan          ,nan          ,nan          ,0.0215292    ,-0.0472102   ,-0.0474939  ,nan          ,nan          ,nan          ,0.0176624    ,-0.00214581  ,-0.0123955   ,nan          ,nan          ,nan         ,0.0897602   ,0            ,0.0881815    ,0            ,0.0881815    ,0            ,       0 ,       1 ,       0 ,       1 ,       0 ,       1
34.9069  ,0.4  , 5.24  ,     0 ,0.268183 ,-0        ,         0 ,-0       ,5.63853 ,-0.245601 ,0.0935501   ,5.375   ,-0.325    ,0           ,4.931    ,-0.249065 ,0.0924478   ,5.675   ,0.275     ,0           ,5.3464  ,0.233577  ,0.120021    ,4.975    ,0.275    ,0           ,0.255365    ,0.889404    ,0.60165     ,0.394618   ,1.64187     ,1.39373    ,0.268335  ,1.02561     ,0.577507    ,0.37801    ,1.62699      ,1.41538     ,0.462226    ,-0.507706   ,-0.31506    ,0.451034    ,1.72039     ,1.33235     ,0.0253108    ,-0.0424238   ,-0.0252562  ,nan          ,nan          ,nan          ,0.0233634    ,-0.0347835   ,-0.0334737  ,nan          ,nan          ,nan          ,0.0156471    ,0.0198099    ,0.00378416   ,nan          ,nan          ,nan         ,0.0935501   ,0            ,0.0924478    ,0            ,0.0474458    ,0            ,       0 ,       1 ,       0 ,       1 ,       0 ,       1
34.9467  ,0.45 , 5.245 ,     0 ,0.267302 ,-0        ,         0 ,-0       ,5.64887 ,-0.243609 ,0.0955597   ,5.375   ,-0.325    ,0           ,4.9401   ,-0.24758  ,0.0948729   ,5.675   ,0.275     ,0           ,5.35318 ,0.229703  ,0.120993    ,4.975    ,0.275    ,0           ,0.285964    ,0.846682    ,0.580153    ,0.37366    ,1.64111     ,1.3796     ,0.295551  ,0.993476    ,0.547672    ,0.357691   ,1.62515      ,1.40074     ,0.487965    ,-0.4553     ,-0.294571   ,0.427256    ,1.71651     ,1.32414     ,0.0260942    ,-0.0294054   ,-0.0109479  ,nan          ,nan          ,nan          ,0.0248872    ,-0.0222172   ,-0.0194808  ,nan          ,nan          ,nan          ,0.0134724    ,0.0390871    ,0.0193081    ,nan          ,nan          ,nan         ,0.0955598   ,0            ,0.0948729    ,0            ,0.0664288    ,0            ,       0 ,       1 ,       0 ,       1 ,       0 ,       1
34.9868  ,0.5  , 5.25  ,     0 ,0.266422 ,-0        ,         0 ,-0       ,5.65976 ,-0.242826 ,0.0959645   ,5.375   ,-0.325    ,0           ,4.94976  ,-0.247188 ,0.09555     ,5.675   ,0.275     ,0           ,5.36087 ,0.228695  ,0.123292    ,4.975    ,0.275    ,0           ,0.317181    ,0.819663    ,0.57556     ,0.35224    ,1.64052     ,1.36592    ,0.324309  ,0.975586    ,0.533591    ,0.336958   ,1.62347      ,1.38657     ,0.509722    ,-0.371212   ,-0.247242   ,0.403117    ,1.71226     ,1.31614     ,0.0263487    ,-0.0159981   ,0.00318885  ,nan          ,nan          ,nan          ,0.0261009    ,-0.0095116   ,-0.00551474 ,nan          ,nan          ,nan          ,0.0111382    ,0.0556858    ,0.0341764    ,nan          ,nan          ,nan         ,0.0959645   ,0            ,0.09555      ,0            ,0.0730496    ,0            ,       0 ,       1 ,       0 ,       1 ,       0 ,       1
35.0267  ,0.55 , 5.255 ,     0 ,0.265541 ,-0        ,         0 ,-0       ,5.67123 ,-0.243283 ,0.0948819   ,5.375   ,-0.325    ,0           ,4.96006  ,-0.247897 ,0.0945363   ,5.675   ,0.275     ,0           ,5.36989 ,0.231012  ,0.125966    ,4.975    ,0.275    ,0           ,0.348386    ,0.808809    ,0.587665    ,0.33036    ,1.64006     ,1.35269    ,0.354268  ,0.972085    ,0.535252    ,0.315814   ,1.62193      ,1.37283     ,0.527215    ,-0.260173   ,-0.174232   ,0.378641    ,1.70764     ,1.30834     ,0.0260766    ,-0.00220193  ,0.0171535   ,nan          ,nan          ,nan          ,0.0270243    ,0.00331822   ,0.00846977  ,nan          ,nan          ,nan          ,0.00864449   ,0.069606     ,0.0483889    ,nan          ,nan          ,nan         ,0.0948819   ,0            ,0.0992217    ,0            ,0.0720043    ,0            ,       0 ,       1 ,       0 ,       1 ,       0 ,       1
35.067   ,0.6  , 5.26  ,     0 ,0.26466  ,-0        ,         0 ,-0       ,5.68327 ,-0.244946 ,0.0923542   ,5.375   ,-0.325    ,0           ,4.97104  ,-0.249657 ,0.0918413   ,5.675   ,0.275     ,0           ,5.38054 ,0.236964  ,0.127852    ,4.975    ,0.275    ,0           ,0.378956    ,0.814583    ,0.616265    ,0.308023   ,1.63972     ,1.33989    ,0.385112  ,0.983107    ,0.552698    ,0.294263   ,1.62049      ,1.35953     ,0.540216    ,-0.126713   ,-0.0767332  ,0.353854    ,1.70262     ,1.30074     ,0.0252795    ,0.0119832    ,0.0309457   ,nan          ,nan          ,nan          ,0.0276699    ,0.0162625    ,0.0225018   ,nan          ,nan          ,nan          ,0.00611589   ,0.0813226    ,0.061866     ,nan          ,nan          ,nan         ,0.0923542   ,0            ,0.094249     ,0            ,0.0815624    ,0            ,       0 ,       1 ,       0 ,       1 ,       0 ,       1
35.107   ,0.65 , 5.265 ,     0 ,0.263779 ,-0        ,         0 ,-0       ,5.69584 ,-0.24772  ,0.0883366   ,5.375   ,-0.325    ,0           ,4.98275  ,-0.252356 ,0.0874288   ,5.675   ,0.275     ,0           ,5.39279 ,0.246369  ,0.127712    ,4.975    ,0.275    ,0           ,0.408266    ,0.837447    ,0.661154    ,0.285233   ,1.63947     ,1.3275     ,0.416526  ,1.00878     ,0.585984    ,0.27231    ,1.61914      ,1.34665     ,0.549007    ,0.0265891   ,0.043736    ,0.328785    ,1.69718     ,1.29332     ,0.0239573    ,0.0265573    ,0.0445654   ,nan          ,nan          ,nan          ,0.0280379    ,0.0293212    ,0.0365813   ,nan          ,nan          ,nan          ,0.00389313   ,0.0921349    ,0.0743896    ,nan          ,nan          ,nan         ,0.0883366   ,0            ,0.0876762    ,0            ,0.0915138    ,0            ,       0 ,       1 ,       0 ,       1 ,       0 ,       1
35.1466  ,0.7  , 5.27  ,     0 ,0.262899 ,-0        ,         0 ,-0       ,5.70883 ,-0.251448 ,0.0826943   ,5.375   ,-0.325    ,0           ,4.99517  ,-0.255818 ,0.08122     ,5.675   ,0.275     ,0           ,5.40634 ,0.258639  ,0.124315    ,4.975    ,0.275    ,0           ,0.435694    ,0.877863    ,0.722127    ,0.261997   ,1.63926     ,1.31552    ,0.448199  ,1.04923     ,0.635162    ,0.249963   ,1.61784      ,1.33417     ,0.55416     ,0.198255    ,0.185471    ,0.303464    ,1.69133     ,1.28609     ,0.0221101    ,0.0415204    ,0.0580126   ,nan          ,nan          ,nan          ,0.0281281    ,0.0424944    ,0.0507083   ,nan          ,nan          ,nan          ,0.00199562   ,0.102117     ,0.0859473    ,nan          ,nan          ,nan         ,0.0826943   ,0            ,0.07944      ,0            ,0.115424     ,0            ,       0 ,       1 ,       0 ,       1 ,       0 ,       1
35.1868  ,0.75 , 5.275 ,     0 ,0.262018 ,-0        ,         0 ,-0       ,5.72202 ,-0.255915 ,0.075207    ,5.375   ,-0.325    ,0           ,5.00825  ,-0.259804 ,0.0731019   ,5.675   ,0.275     ,0           ,5.42062 ,0.272887  ,0.116543    ,4.975    ,0.275    ,0           ,0.460613    ,0.936294    ,0.798979    ,0.238322   ,1.63908     ,1.30392    ,0.479817  ,1.1046      ,0.700287    ,0.227229   ,1.61657      ,1.32208     ,0.556248    ,0.386817    ,0.346767    ,0.277923    ,1.68505     ,1.27905     ,0.0197378    ,0.0568724    ,0.0712874   ,nan          ,nan          ,nan          ,0.0279406    ,0.055782     ,0.0648828   ,nan          ,nan          ,nan          ,0.000423367  ,0.111269     ,0.0965391    ,nan          ,nan          ,nan         ,0.075207    ,0            ,0.071513     ,0            ,0.112573     ,0            ,       0 ,       1 ,       0 ,       1 ,       0 ,       1
35.2266  ,0.8  , 5.28  ,     0 ,0.261137 ,-0        ,         0 ,-0       ,5.73509 ,-0.260824 ,0.0655864   ,5.375   ,-0.325    ,0           ,5.02185  ,-0.264011 ,0.0629413   ,5.675   ,0.275     ,0           ,5.43486 ,0.287911  ,0.103533    ,4.975    ,0.275    ,0           ,0.482402    ,1.0132      ,0.891506    ,0.214221   ,1.63888     ,1.29269    ,0.511067  ,1.175       ,0.781412    ,0.204121   ,1.61529      ,1.31036     ,0.555847    ,0.590811    ,0.525917    ,0.252194    ,1.67833     ,1.27219     ,0.0168405    ,0.0726134    ,0.0843897   ,nan          ,nan          ,nan          ,0.0274753    ,0.0691841    ,0.0791048   ,nan          ,nan          ,nan          ,-0.000823634 ,0.11959      ,0.106165     ,nan          ,nan          ,nan         ,0.0655864   ,0            ,0.0604944    ,0            ,0.105385     ,0            ,       0 ,       1 ,       0 ,       1 ,       0 ,       1
35.2669  ,0.85 , 5.285 ,     0 ,0.260257 ,-0        ,         0 ,-0       ,5.74758 ,-0.265786 ,0.0535082   ,5.375   ,-0.325    ,0           ,5.03572  ,-0.268077 ,0.0506073   ,5.675   ,0.275     ,0           ,5.44814 ,0.302213  ,0.0848413   ,4.975    ,0.275    ,0           ,0.500435    ,1.10905     ,0.999503    ,0.189705   ,1.63864     ,1.28181    ,0.541636  ,1.26057     ,0.878591    ,0.18065    ,1.61399      ,1.29901     ,0.553539    ,0.808751    ,0.721217    ,0.226311    ,1.67118     ,1.26552     ,0.0134181    ,0.0887433    ,0.0973196   ,nan          ,nan          ,nan          ,0.0267324    ,0.0827006    ,0.0933744   ,nan          ,nan          ,nan          ,-0.00170933  ,0.127011     ,0.114835     ,nan          ,nan          ,nan         ,0.0535082   ,0            ,0.0477758    ,0            ,0.0932605    ,0            ,       0 ,       1 ,       0 ,       1 ,       0 ,       1
35.3065  ,0.9  , 5.29  ,     0 ,0.259376 ,-0        ,         0 ,-0       ,5.75891 ,-0.270286 ,0.038664    ,5.375   ,-0.325    ,0           ,5.04953  ,-0.271583 ,0.036002    ,5.675   ,0.275     ,0           ,5.45959 ,0.314146  ,0.0606333   ,4.975    ,0.275    ,0           ,0.514088    ,1.2243      ,1.12276     ,0.16479    ,1.63833     ,1.27127    ,0.571212  ,1.36143     ,0.991876    ,0.156831   ,1.61262      ,1.288       ,0.550233    ,1.03852     ,0.931049    ,0.200311    ,1.66358     ,1.25904     ,0.00947066   ,0.105262     ,0.110077    ,nan          ,nan          ,nan          ,0.0257117    ,0.0963316    ,0.107691    ,nan          ,nan          ,nan          ,-0.00190643  ,0.132888     ,0.122633     ,nan          ,nan          ,nan         ,0.038664    ,0            ,0.0333696    ,0            ,0.0606333    ,0            ,       1 ,       1 ,       1 ,       1 ,       1 ,       1
35.3467  ,0.95 , 5.295 ,     0 ,0.258495 ,-0        ,         0 ,-0       ,5.76833 ,-0.273647 ,0.0208362   ,5.375   ,-0.325    ,0           ,5.06281  ,-0.274059 ,0.0191009   ,5.675   ,0.275     ,0           ,5.46864 ,0.322149  ,0.0318256   ,4.975    ,0.275    ,0           ,0.522738    ,1.35941     ,1.26108     ,0.139494   ,1.6379      ,1.26106    ,0.599481  ,1.47772     ,1.12132     ,0.13268    ,1.61115      ,1.27733     ,0.547256    ,1.27716     ,1.1539      ,0.174227    ,1.65556     ,1.25275     ,0.00499817   ,0.12217      ,0.122662    ,nan          ,nan          ,nan          ,0.0244134    ,0.110077     ,0.122056    ,nan          ,nan          ,nan          ,-0.00133643  ,0.137067     ,0.12958      ,nan          ,nan          ,nan         ,0.0208362   ,0            ,0.0173723    ,0            ,0.0318256    ,0            ,       1 ,       1 ,       1 ,       1 ,       1 ,       1
35.3994  ,0    , 5.3   ,     0 ,0.257614 ,-0        ,         0 ,-0       ,5.775   ,-0.275    ,0           ,5.375   ,-0.324998 ,1.65632e-06 ,5.075    ,-0.275    ,0           ,5.675   ,0.274998  ,1.59207e-06 ,5.475   ,0.325     ,0           ,4.975    ,0.274999 ,1.67678e-06 ,0.525761    ,1.51484     ,1.41426     ,0.113838   ,1.63732     ,1.25115    ,0.62613   ,1.60956     ,1.26698     ,0.108217   ,1.60956      ,1.26698     ,0.545964    ,1.52169     ,1.38828     ,0.148098    ,1.6471      ,1.24667     ,nan          ,nan          ,nan         ,-8.38616e-07 ,-0.135108    ,-0.140541    ,nan          ,nan          ,nan         ,-7.98597e-07 ,-0.136675    ,-0.139826    ,nan          ,nan          ,nan          ,8.5256e-07   ,-0.134512    ,-0.140752   ,0           ,1.65632e-06  ,0            ,1.59207e-06  ,0            ,1.67678e-06  ,       1 ,       1 ,       1 ,       1 ,       1 ,       1
35.4267  ,0.05 , 5.305 ,     0 ,0.256734 ,-0        ,         0 ,-0       ,5.775   ,-0.275    ,0           ,5.3805  ,-0.323893 ,0.0195122   ,5.075    ,-0.275    ,0           ,5.68006 ,0.273654  ,0.0265126   ,5.475   ,0.325     ,0           ,4.98098  ,0.27711  ,0.00926404  ,0.508704    ,1.51086     ,1.39573     ,0.117076   ,1.48233     ,1.09315    ,0.605832  ,1.60782     ,1.25694     ,0.10922    ,1.39633      ,1.05649     ,0.528589    ,1.5187      ,1.37018     ,0.151564    ,1.56361     ,1.171       ,nan          ,nan          ,nan         ,0.00535054   ,-0.125479    ,-0.125218    ,nan          ,nan          ,nan         ,0.00130945   ,-0.138067    ,-0.131511    ,nan          ,nan          ,nan          ,0.0136246    ,-0.197788    ,-0.16124    ,0           ,0.0195122    ,0            ,0.0265126    ,0            ,0.00926404   ,       1 ,       0 ,       1 ,       0 ,       1 ,       0
35.4667  ,0.1  , 5.31  ,     0 ,0.255853 ,-0        ,         0 ,-0       ,5.775   ,-0.275    ,0           ,5.38692 ,-0.320961 ,0.0367072   ,5.075    ,-0.275    ,0           ,5.68522 ,0.269495  ,0.0510265   ,5.475   ,0.325     ,0           ,4.98875  ,0.282322 ,0.0206096   ,0.491253    ,1.5072      ,1.37773     ,0.126332   ,1.33906     ,0.953252   ,0.585062  ,1.6059      ,1.24719     ,0.112327   ,1.18219      ,0.859532    ,0.510785    ,1.51606     ,1.35263     ,0.161483    ,1.45097     ,1.0861      ,nan          ,nan          ,nan         ,0.010118     ,-0.115395    ,-0.110103    ,nan          ,nan          ,nan         ,0.00271397   ,-0.137844    ,-0.122365    ,nan          ,nan          ,nan          ,0.0258143    ,-0.251088    ,-0.177691   ,0           ,0.0430093    ,-2.22045e-16 ,0.0510265    ,0            ,0.0206096    ,       1 ,       0 ,       1 ,       0 ,       1 ,       0
35.5066  ,0.15 , 5.315 ,     0 ,0.254972 ,-0        ,         0 ,-0       ,5.775   ,-0.275    ,0           ,5.39412 ,-0.316795 ,0.0513256   ,5.075    ,-0.275    ,0           ,5.69048 ,0.262761  ,0.0722804   ,5.475   ,0.325     ,0           ,4.99806  ,0.288966 ,0.0337033   ,0.473401    ,1.50384     ,1.36025     ,0.140909   ,1.20806     ,0.831202   ,0.563827  ,1.60376     ,1.23772     ,0.117686   ,0.969642     ,0.677404    ,0.492546    ,1.51374     ,1.3356      ,0.177139    ,1.31418     ,0.993986    ,nan          ,nan          ,nan         ,0.0143015    ,-0.104856    ,-0.095196    ,nan          ,nan          ,nan         ,0.00421275   ,-0.136007    ,-0.112387    ,nan          ,nan          ,nan          ,0.0365699    ,-0.294414    ,-0.190105   ,0           ,0.0557732    ,0            ,0.0722804    ,0            ,0.0337033    ,       1 ,       0 ,       1 ,       0 ,       1 ,       0
35.5466  ,0.2  , 5.32  ,     0 ,0.254091 ,-0        ,         0 ,-0       ,5.775   ,-0.275    ,0           ,5.40197 ,-0.311973 ,0.063302    ,5.075    ,-0.275    ,0           ,5.69589 ,0.254182  ,0.0893583   ,5.475   ,0.325     ,0           ,5.00863  ,0.295528 ,0.0480522   ,0.455145    ,1.50078     ,1.34329     ,0.160115   ,1.08986     ,0.726756   ,0.542135  ,1.60138     ,1.22852     ,0.125442   ,0.761198     ,0.511393    ,0.473864    ,1.51173     ,1.31909     ,0.197814    ,1.15822     ,0.896671    ,nan          ,nan          ,nan         ,0.0179011    ,-0.0938629   ,-0.0804974   ,nan          ,nan          ,nan         ,0.00580578   ,-0.132555    ,-0.101579    ,nan          ,nan          ,nan          ,0.0458914    ,-0.327766    ,-0.198482   ,0           ,0.063302     ,0            ,0.0893583    ,0            ,0.0526308    ,       1 ,       0 ,       1 ,       0 ,       1 ,       0
35.5867  ,0.25 , 5.325 ,     0 ,0.253211 ,-0        ,         0 ,-0       ,5.775   ,-0.275    ,0           ,5.41037 ,-0.307021 ,0.0727243   ,5.075    ,-0.275    ,0           ,5.70151 ,0.244824  ,0.10181     ,5.475   ,0.325     ,0           ,5.02017  ,0.300812 ,0.0629523   ,0.43648     ,1.49799     ,1.32683     ,0.183254   ,0.984996    ,0.639666   ,0.519996  ,1.59873     ,1.21957     ,0.135741   ,0.559359     ,0.362788    ,0.454735    ,1.51002     ,1.30308     ,0.222791    ,0.988077    ,0.796177    ,nan          ,nan          ,nan         ,0.0209167    ,-0.0824149   ,-0.066007    ,nan          ,nan          ,nan         ,0.00749208   ,-0.127487    ,-0.0899407   ,nan          ,nan          ,nan          ,0.0537788    ,-0.351143    ,-0.202821   ,0           ,0.0727243    ,0            ,0.107368     ,0            ,0.0609223    ,       1 ,       0 ,       1 ,       0 ,       1 ,       0
35.6267  ,0.3  , 5.33  ,     0 ,0.25233  ,-0        ,         0 ,-0       ,5.775   ,-0.275    ,0           ,5.41925 ,-0.302385 ,0.0797872   ,5.075    ,-0.275    ,0           ,5.70743 ,0.235842  ,0.10971     ,5.475   ,0.325     ,0           ,5.0323   ,0.304062 ,0.0775394   ,0.417404    ,1.49545     ,1.31086     ,0.209631   ,0.894021    ,0.569683   ,0.497423  ,1.59578     ,1.21087     ,0.148635   ,0.366797     ,0.232688    ,0.435154    ,1.50857     ,1.28757     ,0.251354    ,0.808739    ,0.694523    ,nan          ,nan          ,nan         ,0.0233484    ,-0.0705124   ,-0.0517249   ,nan          ,nan          ,nan         ,0.00910532   ,-0.120506    ,-0.0778094   ,nan          ,nan          ,nan          ,0.0602322    ,-0.364545    ,-0.203124   ,0           ,0.0818618    ,0            ,0.112414     ,0            ,0.0611909    ,       1 ,       0 ,       1 ,       0 ,       1 ,       0
35.6667  ,0.35 , 5.335 ,     0 ,0.251449 ,-0        ,         0 ,-0       ,5.775   ,-0.275    ,0           ,5.42859 ,-0.298423 ,0.084747    ,5.075    ,-0.275    ,0           ,5.71373 ,0.228164  ,0.113626    ,5.475   ,0.325     ,0           ,5.04467  ,0.305013 ,0.0909188   ,0.397915    ,1.49314     ,1.29537     ,0.238554   ,0.81747     ,0.516561   ,0.47443   ,1.5925      ,1.20241     ,0.163881   ,0.186712     ,0.121592    ,0.415116    ,1.50736     ,1.27254     ,0.282785    ,0.625195    ,0.593727    ,nan          ,nan          ,nan         ,0.0251962    ,-0.0581552   ,-0.037651    ,nan          ,nan          ,nan         ,0.0105244    ,-0.111395    ,-0.0654294   ,nan          ,nan          ,nan          ,0.0652514    ,-0.367973    ,-0.199389   ,0           ,0.0882945    ,0            ,0.114076     ,0            ,0.0568794    ,       1 ,       0 ,       1 ,       0 ,       1 ,       0
35.707   ,0.4  , 5.34  ,     0 ,0.250569 ,-0        ,         0 ,-0       ,5.775   ,-0.275    ,0           ,5.4384  ,-0.295396 ,0.0878793   ,5.075    ,-0.275    ,0           ,5.72049 ,0.222466  ,0.114487    ,5.475   ,0.325     ,0           ,5.05698  ,0.30385  ,0.102326    ,0.37801     ,1.49103     ,1.28034     ,0.269326   ,0.755885    ,0.480052   ,0.451034  ,1.58888     ,1.19417     ,0.181176   ,0.0224057    ,0.0298876   ,0.394618    ,1.50638     ,1.25798     ,0.316366    ,0.442429    ,0.495807    ,nan          ,nan          ,nan         ,0.02646      ,-0.0453434   ,-0.0237853   ,nan          ,nan          ,nan         ,0.0117492    ,-0.100155    ,-0.0528007   ,nan          ,nan          ,nan          ,0.0688366    ,-0.361426    ,-0.191616   ,0           ,0.093335     ,0            ,0.113097     ,0            ,0.0401387    ,       1 ,       0 ,       1 ,       0 ,       1 ,       0
35.7466  ,0.45 , 5.345 ,     0 ,0.249688 ,-0        ,         0 ,-0       ,5.775   ,-0.275    ,0           ,5.44871 ,-0.293472 ,0.0894422   ,5.075    ,-0.275    ,0           ,5.72782 ,0.219091  ,0.113409    ,5.475   ,0.325     ,0           ,5.06906  ,0.301083 ,0.111264    ,0.357691    ,1.48911     ,1.26577     ,0.301254   ,0.709806    ,0.459908   ,0.427256  ,1.58488     ,1.18614     ,0.200222   ,-0.122832    ,-0.0420401  ,0.37366     ,1.5056      ,1.24389     ,0.351382    ,0.265431    ,0.402783    ,nan          ,nan          ,nan         ,0.0271399    ,-0.032077    ,-0.0101279   ,nan          ,nan          ,nan         ,0.0127917    ,-0.0868716   ,-0.0399225   ,nan          ,nan          ,nan          ,0.0709877    ,-0.344904    ,-0.179807   ,0           ,0.0972047    ,0            ,0.110374     ,0            ,0.0327048    ,       1 ,       0 ,       1 ,       0 ,       1 ,       0
35.7869  ,0.5  , 5.35  ,     0 ,0.248807 ,-0        ,         0 ,-0       ,5.775   ,-0.275    ,0           ,5.45957 ,-0.292741 ,0.0896451   ,5.075    ,-0.275    ,0           ,5.73585 ,0.218135  ,0.111522    ,5.475   ,0.325     ,0           ,5.08084  ,0.297365 ,0.117577    ,0.336958    ,1.48735     ,1.25165     ,0.333644   ,0.679774    ,0.455881   ,0.403117  ,1.58049     ,1.17832     ,0.220868   ,-0.246781    ,-0.0937948  ,0.35224     ,1.50499     ,1.23024     ,0.387115    ,0.0991874   ,0.316673    ,nan          ,nan          ,nan         ,0.027237     ,-0.0183558   ,0.00332214   ,nan          ,nan          ,nan         ,0.0138499    ,-0.0729672   ,-0.026781    ,nan          ,nan          ,nan          ,0.0717047    ,-0.318408    ,-0.16396    ,0           ,0.0896451    ,0            ,0.106808     ,0            ,0.0248378    ,       1 ,       0 ,       1 ,       0 ,       1 ,       0
35.8267  ,0.55 , 5.355 ,     0 ,0.247926 ,-0        ,         0 ,-0       ,5.775   ,-0.275    ,0           ,5.47099 ,-0.29322  ,0.0886228   ,5.075    ,-0.275    ,0           ,5.74476 ,0.219577  ,0.109832    ,5.475   ,0.325     ,0           ,5.09232  ,0.293315 ,0.121441    ,0.315814    ,1.48572     ,1.23796     ,0.365825   ,0.666332    ,0.467742   ,0.378641  ,1.57569     ,1.17071     ,0.243222   ,-0.349079    ,-0.124963   ,0.33036     ,1.50453     ,1.21703     ,0.422848    ,-0.0513148  ,0.239496    ,nan          ,nan          ,nan         ,0.0268004    ,-0.00417357  ,0.0165995    ,nan          ,nan          ,nan         ,0.0149943    ,-0.0589484   ,-0.0133714   ,nan          ,nan          ,nan          ,0.0709876    ,-0.281938    ,-0.144076   ,0           ,0.0886229    ,0            ,0.103184     ,0            ,0.0165733    ,       1 ,       0 ,       1 ,       0 ,       1 ,       0
35.8668  ,0.6  , 5.36  ,     0 ,0.247046 ,-0        ,         0 ,-0       ,5.775   ,-0.275    ,0           ,5.48298 ,-0.294872 ,0.0864169   ,5.075    ,-0.275    ,0           ,5.75472 ,0.223235  ,0.109163    ,5.475   ,0.325     ,0           ,5.10354  ,0.289398 ,0.123278    ,0.294263    ,1.4842      ,1.2247      ,0.397184   ,0.670031    ,0.4953     ,0.353854  ,1.57045     ,1.16329     ,0.267417   ,-0.429549    ,-0.135128   ,0.308023    ,1.50417     ,1.20425     ,0.457864    ,-0.181088   ,0.173271    ,nan          ,nan          ,nan         ,0.0258556    ,0.0104731    ,0.0297224    ,nan          ,nan          ,nan         ,0.0162249    ,-0.0448152   ,0.00030632   ,nan          ,nan          ,nan          ,0.0688364    ,-0.235493    ,-0.120154   ,0           ,0.086417     ,0            ,0.0936124    ,0            ,0.017033     ,       1 ,       0 ,       1 ,       0 ,       1 ,       0
35.9069  ,0.65 , 5.365 ,     0 ,0.246165 ,-0        ,         0 ,-0       ,5.775   ,-0.275    ,0           ,5.49552 ,-0.297605 ,0.0829653   ,5.075    ,-0.275    ,0           ,5.76589 ,0.228826  ,0.110144    ,5.475   ,0.325     ,0           ,5.11451  ,0.285869 ,0.123642    ,0.27231     ,1.48276     ,1.21184     ,0.427118   ,0.691425    ,0.538372   ,0.328785  ,1.56478     ,1.15606     ,0.293585   ,-0.48793     ,-0.123871   ,0.285233    ,1.50391     ,1.19187     ,0.491445    ,-0.285145   ,0.120015    ,nan          ,nan          ,nan         ,0.0244025    ,0.0255841    ,0.0426908    ,nan          ,nan          ,nan         ,0.0175294    ,-0.0301454   ,0.0142688    ,nan          ,nan          ,nan          ,0.0652511    ,-0.179073    ,-0.0921958  ,0           ,0.0829653    ,0            ,0.0855994    ,0            ,0.0139213    ,       1 ,       0 ,       1 ,       0 ,       1 ,       0
35.9466  ,0.7  , 5.37  ,     0 ,0.245284 ,-0        ,         0 ,-0       ,5.775   ,-0.275    ,0           ,5.50847 ,-0.301278 ,0.0780977   ,5.075    ,-0.275    ,0           ,5.77831 ,0.235751  ,0.113115    ,5.475   ,0.325     ,0           ,5.12514  ,0.282807 ,0.123085    ,0.249963    ,1.48137     ,1.19938     ,0.455022   ,0.731064    ,0.596774   ,0.303464  ,1.55864     ,1.14902     ,0.321752   ,-0.520351    ,-0.0906306  ,0.261997    ,1.50369     ,1.1799      ,0.522876    ,-0.358499   ,0.0817476   ,nan          ,nan          ,nan         ,0.0224412    ,0.0411595    ,0.0555047    ,nan          ,nan          ,nan         ,0.0187834    ,-0.010686    ,0.0286836    ,nan          ,nan          ,nan          ,0.0602318    ,-0.112679    ,-0.0602     ,0           ,0.0780977    ,0            ,0.0773821    ,0            ,0.0102715    ,       1 ,       0 ,       1 ,       0 ,       1 ,       0
35.9867  ,0.75 , 5.375 ,     0 ,0.244404 ,-0        ,         0 ,-0       ,5.775   ,-0.275    ,0           ,5.52165 ,-0.305694 ,0.0715394   ,5.075    ,-0.275    ,0           ,5.79188 ,0.24316   ,0.117871    ,5.475   ,0.325     ,0           ,5.13532  ,0.280194 ,0.122051    ,0.227229    ,1.48001     ,1.18731     ,0.480291   ,0.789502    ,0.670323   ,0.277923  ,1.55205     ,1.14217     ,0.351799   ,-0.518027    ,-0.0346527  ,0.238322    ,1.5035      ,1.1683      ,0.551438    ,-0.396162   ,0.0604876   ,nan          ,nan          ,nan         ,0.0199717    ,0.0571992    ,0.0681641    ,nan          ,nan          ,nan         ,0.0199548    ,0.014665     ,0.0435939    ,nan          ,nan          ,nan          ,0.0537783    ,-0.03631     ,-0.0241669  ,0           ,0.0715394    ,0            ,0.0689695    ,0            ,0.00643003   ,       1 ,       0 ,       1 ,       0 ,       1 ,       0
36.0267  ,0.8  , 5.38  ,     0 ,0.243523 ,-0        ,         0 ,-0       ,5.775   ,-0.275    ,0           ,5.53475 ,-0.31058  ,0.0629266   ,5.075    ,-0.275    ,0           ,5.80653 ,0.250545  ,0.123544    ,5.475   ,0.325     ,0           ,5.1449   ,0.27801  ,0.120787    ,0.204121    ,1.47863     ,1.17561     ,0.502321   ,0.867291    ,0.758834   ,0.252194  ,1.54498     ,1.13551     ,0.383599   ,-0.471822    ,0.0448315   ,0.214221    ,1.5033      ,1.15708     ,0.576415    ,-0.393146   ,0.0582536   ,nan          ,nan          ,nan         ,0.0169939    ,0.0737034    ,0.0806691    ,nan          ,nan          ,nan         ,0.0210436    ,0.0459078    ,0.0589998    ,nan          ,nan          ,nan          ,0.0458908    ,0.0500333    ,0.0159035   ,0           ,0.0629266    ,0            ,0.0459988    ,0            ,0.00261358   ,       1 ,       0 ,       1 ,       0 ,       1 ,       0
36.0669  ,0.85 , 5.385 ,     0 ,0.242642 ,-0        ,         0 ,-0       ,5.775   ,-0.275    ,0           ,5.54731 ,-0.315564 ,0.0518387   ,5.075    ,-0.275    ,0           ,5.82229 ,0.257811  ,0.128469    ,5.475   ,0.325     ,0           ,5.15377  ,0.276314 ,0.119258    ,0.18065     ,1.47722     ,1.16427     ,0.520507   ,0.964982    ,0.862124   ,0.226311  ,1.53744     ,1.12905     ,0.417023   ,-0.372599    ,0.14859     ,0.189705    ,1.50305     ,1.14621     ,0.59709     ,-0.344466   ,0.077064    ,nan          ,nan          ,nan         ,0.0135079    ,0.0906719    ,0.0930195    ,nan          ,nan          ,nan         ,0.0220498    ,0.0830423    ,0.0749012    ,nan          ,nan          ,nan          ,0.0365692    ,0.146351     ,0.0600112   ,0           ,0.0518387    ,0            ,0.0364145    ,0            ,0.0135713    ,       1 ,       0 ,       1 ,       0 ,       1 ,       0
36.1067  ,0.9  , 5.39  ,     0 ,0.241761 ,-0        ,         0 ,-0       ,5.775   ,-0.275    ,0           ,5.55874 ,-0.320134 ,0.0378518   ,5.075    ,-0.275    ,0           ,5.83929 ,0.265014  ,0.129964    ,5.475   ,0.325     ,0           ,5.16186  ,0.275244 ,0.117025    ,0.156831    ,1.47574     ,1.15328     ,0.534246   ,1.08313     ,0.98001    ,0.200311  ,1.52942     ,1.12278     ,0.451943   ,-0.211222    ,0.277393    ,0.16479     ,1.50271     ,1.13568     ,0.612745    ,-0.245133   ,0.118938    ,nan          ,nan          ,nan         ,0.0095137    ,0.108105     ,0.105215     ,nan          ,nan          ,nan         ,0.0229734    ,0.126069     ,0.0912983    ,nan          ,nan          ,nan          ,0.0258135    ,0.252644     ,0.108156    ,0           ,0.0378518    ,0            ,0.030223     ,0            ,0.0113391    ,       1 ,       1 ,       1 ,       1 ,       1 ,       1
36.1466  ,0.95 , 5.395 ,     0 ,0.240881 ,-0        ,         0 ,-0       ,5.775   ,-0.275    ,0           ,5.56827 ,-0.323591 ,0.0206218   ,5.075    ,-0.275    ,0           ,5.85735 ,0.271609  ,0.124075    ,5.475   ,0.325     ,0           ,5.16906  ,0.274901 ,0.11308     ,0.13268     ,1.47416     ,1.14263     ,0.542933   ,1.22228     ,1.11231    ,0.174227  ,1.52094     ,1.11671     ,0.488232   ,0.021446     ,0.432007    ,0.139494    ,1.50226     ,1.12548     ,0.622664    ,-0.0901596  ,0.185893    ,nan          ,nan          ,nan         ,0.00501125   ,0.126002     ,0.117257     ,nan          ,nan          ,nan         ,0.0238144    ,0.174986     ,0.108191     ,nan          ,nan          ,nan          ,0.0136237    ,0.368911     ,0.160338    ,0           ,0.0206218    ,0            ,0.0164175    ,0            ,0.00739419   ,       1 ,       1 ,       1 ,       1 ,       1 ,       1
36.2032  ,0    , 5.4   ,     0 ,0.24     ,-0        ,         0 ,-0       ,5.775   ,-0.274998 ,1.60238e-06 ,5.575   ,-0.325    ,0           ,5.075    ,-0.274999 ,1.69689e-06 ,5.875   ,0.275     ,0.105686    ,5.475   ,0.324998  ,1.67391e-06 ,5.175    ,0.275    ,0.105686    ,0.108217    ,1.47245     ,1.1323      ,0.545964   ,1.38299     ,1.25883    ,0.148098  ,1.51199     ,1.11085     ,0.525761   ,0.334542     ,0.613202    ,0.113838    ,1.50165     ,1.11559     ,0.62613     ,0.125441    ,0.279949    ,-7.0988e-07  ,-0.144168    ,-0.135754   ,nan          ,nan          ,nan          ,-0.029759    ,-0.137475    ,-0.129035   ,nan          ,nan          ,nan          ,-7.45454e-07 ,-0.142813    ,-0.136845    ,nan          ,nan          ,nan         ,1.60237e-06 ,0            ,1.77786e-06  ,-0.0017449   ,1.67391e-06  ,8.60177e-09  ,       1 ,       1 ,       1 ,       1 ,       1 ,       1
36.2265  ,0.05 , 5.405 ,     0 ,0.241761 ,-0        ,         0 ,-0       ,5.78032 ,-0.273378 ,0.0208552   ,5.575   ,-0.325    ,0           ,5.07132  ,-0.275031 ,0.0290772   ,5.875   ,0.275     ,0.105686    ,5.48028 ,0.323413  ,0.0210622   ,5.175    ,0.275    ,0.105686    ,0.110648    ,1.31748     ,0.986797    ,0.528589   ,1.40083     ,1.2597     ,0.102731  ,1.27669     ,0.906856    ,0.508704   ,0.345336     ,0.602951    ,0.11625     ,1.34665     ,0.967686    ,0.605832    ,0.166323    ,0.290098    ,0.00417664   ,-0.125597    ,-0.11751    ,nan          ,nan          ,nan          ,-0.0239321   ,-0.141184    ,-0.113235   ,nan          ,nan          ,nan          ,0.00411746   ,-0.124917    ,-0.118611    ,nan          ,nan          ,nan         ,0.0208552   ,0            ,0.0225285    ,-0.0017449   ,0.0210622    ,8.60177e-09  ,       0 ,       1 ,       0 ,       1 ,       0 ,       1
36.2667  ,0.1  , 5.41  ,     0 ,0.243523 ,-0        ,         0 ,-0       ,5.78627 ,-0.269404 ,0.0384538   ,5.575   ,-0.325    ,0           ,5.06959  ,-0.27448  ,0.0545493   ,5.875   ,0.275     ,0.105686    ,5.48615 ,0.31951   ,0.0389287   ,5.175    ,0.275    ,0.105686    ,0.117693    ,1.1835      ,0.861995    ,0.510785   ,1.41904     ,1.26128    ,0.0678647 ,1.03776     ,0.728269    ,0.491253   ,0.357544     ,0.593729    ,0.123261    ,1.21206     ,0.840638    ,0.585062    ,0.207706    ,0.30122     ,0.00802756   ,-0.10765     ,-0.0997415  ,nan          ,nan          ,nan          ,-0.017301    ,-0.141762    ,-0.0988911  ,nan          ,nan          ,nan          ,0.00793809   ,-0.107565    ,-0.100839    ,nan          ,nan          ,nan         ,0.0384538   ,0            ,0.0301925    ,-0.0017449   ,0.0389287    ,8.60177e-09  ,       0 ,       1 ,       0 ,       1 ,       0 ,       1
36.3065  ,0.15 , 5.415 ,     0 ,0.245284 ,-0        ,         0 ,-0       ,5.79284 ,-0.264216 ,0.0529014   ,5.575   ,-0.325    ,0           ,5.07011  ,-0.273088 ,0.0757505   ,5.875   ,0.275     ,0.105686    ,5.49259 ,0.314399  ,0.0536608   ,5.175    ,0.275    ,0.105686    ,0.128976    ,1.06979     ,0.75734     ,0.492546   ,1.43757     ,1.26354    ,0.0448541 ,0.800509    ,0.572635    ,0.473401   ,0.371176     ,0.585559    ,0.134525    ,1.09726     ,0.733907    ,0.563827    ,0.249214    ,0.313168    ,0.0115521    ,-0.0903293   ,-0.0824488  ,nan          ,nan          ,nan          ,-0.00986579  ,-0.139207    ,-0.0860038  ,nan          ,nan          ,nan          ,0.0114612    ,-0.0907601   ,-0.0835283   ,nan          ,nan          ,nan         ,0.0529014   ,0            ,0.0226695    ,-0.0017449   ,0.0536608    ,8.60177e-09  ,       0 ,       1 ,       0 ,       1 ,       0 ,       1
36.3464  ,0.2  , 5.42  ,     0 ,0.247046 ,-0        ,         0 ,-0       ,5.8     ,-0.258699 ,0.0644666   ,5.575   ,-0.325    ,0           ,5.07317  ,-0.271225 ,0.0924629   ,5.875   ,0.275     ,0.105686    ,5.49959 ,0.30895   ,0.0654914   ,5.175    ,0.275    ,0.105686    ,0.144123    ,0.975626    ,0.672288    ,0.473864   ,1.45639     ,1.26648    ,0.0350549 ,0.5702      ,0.437497    ,0.455145   ,0.386232     ,0.578459    ,0.149697    ,1.0016      ,0.64696     ,0.542135    ,0.290521    ,0.325815    ,0.0147501    ,-0.0736332   ,-0.0656316  ,nan          ,nan          ,nan          ,-0.00162646  ,-0.13352     ,-0.0745729  ,nan          ,nan          ,nan          ,0.0146867    ,-0.0745002   ,-0.0666789   ,nan          ,nan          ,nan         ,0.0644666   ,0            ,0.0245252    ,-0.0017449   ,0.0654914    ,8.60177e-09  ,       0 ,       1 ,       0 ,       1 ,       0 ,       1
36.387   ,0.25 , 5.425 ,     0 ,0.248807 ,-0        ,         0 ,-0       ,5.80771 ,-0.253506 ,0.0734858   ,5.575   ,-0.325    ,0           ,5.07899  ,-0.269459 ,0.104894    ,5.875   ,0.275     ,0.105686    ,5.50713 ,0.303814  ,0.0747322   ,5.175    ,0.275    ,0.105686    ,0.162757    ,0.900291    ,0.606292    ,0.454735   ,1.47547     ,1.27008    ,0.0397426 ,0.352061    ,0.320433    ,0.43648    ,0.402696     ,0.572441    ,0.168433    ,0.92446     ,0.579262    ,0.519996    ,0.33135     ,0.339046    ,0.0176218    ,-0.0575621   ,-0.0492901  ,nan          ,nan          ,nan          ,0.00717632   ,-0.12487     ,-0.0645019  ,nan          ,nan          ,nan          ,0.0176146    ,-0.058786    ,-0.050291    ,nan          ,nan          ,nan         ,0.0734858   ,0            ,0.0230479    ,-0.0017449   ,0.0747322    ,8.60177e-09  ,       0 ,       1 ,       0 ,       1 ,       0 ,       1
36.4269  ,0.3  , 5.43  ,     0 ,0.250569 ,-0        ,         0 ,-0       ,5.81598 ,-0.249089 ,0.0802963   ,5.575   ,-0.325    ,0           ,5.08752  ,-0.268315 ,0.113597    ,5.875   ,0.275     ,0.105686    ,5.51522 ,0.299445  ,0.0817071   ,5.175    ,0.275    ,0.105686    ,0.184505    ,0.843069    ,0.558804    ,0.435154   ,1.49477     ,1.27432    ,0.0589533 ,0.150448    ,0.219516    ,0.417404   ,0.420542     ,0.567513    ,0.190387    ,0.865206    ,0.530279    ,0.497423    ,0.371467    ,0.352767    ,0.0201671    ,-0.0421161   ,-0.0334242  ,nan          ,nan          ,nan          ,0.0155205    ,-0.113972    ,-0.055381   ,nan          ,nan          ,nan          ,0.0202449    ,-0.0436173   ,-0.0343645   ,nan          ,nan          ,nan         ,0.0888782   ,0            ,0.0184176    ,-0.0017449   ,0.0817071    ,8.60177e-09  ,       0 ,       1 ,       0 ,       1 ,       0 ,       1
36.4667  ,0.35 , 5.435 ,     0 ,0.25233  ,-0        ,         0 ,-0       ,5.82484 ,-0.245738 ,0.0851958   ,5.575   ,-0.325    ,0           ,5.09857  ,-0.268011 ,0.119332    ,5.875   ,0.275     ,0.105686    ,5.5239  ,0.296139  ,0.0867091   ,5.175    ,0.275    ,0.105686    ,0.20899     ,0.80324     ,0.529278    ,0.415116   ,1.51425     ,1.27919    ,0.0917463 ,-0.0309681  ,0.133213    ,0.397915   ,0.43973      ,0.563678    ,0.215217    ,0.823206    ,0.499476    ,0.47443     ,0.410684    ,0.366893    ,0.0223859    ,-0.027295    ,-0.0180339  ,nan          ,nan          ,nan          ,0.023291     ,-0.100907    ,-0.047164   ,nan          ,nan          ,nan          ,0.0225777    ,-0.0289943   ,-0.0188994   ,nan          ,nan          ,nan         ,0.0864871   ,0            ,0.0109854    ,-0.0017449   ,0.0867092    ,8.60177e-09  ,       0 ,       1 ,       0 ,       1 ,       0 ,       1
36.507   ,0.4  , 5.44  ,     0 ,0.254091 ,-0        ,         0 ,-0       ,5.83434 ,-0.243612 ,0.0884193   ,5.575   ,-0.325    ,0           ,5.11198  ,-0.268292 ,0.12286     ,5.875   ,0.275     ,0.105686    ,5.53324 ,0.294056  ,0.0899758   ,5.175    ,0.275    ,0.105686    ,0.235838    ,0.780086    ,0.517167    ,0.394618   ,1.53387     ,1.28467    ,0.137155  ,-0.188532   ,0.0599989   ,0.37801    ,0.460202     ,0.56093     ,0.242575    ,0.797828    ,0.486319    ,0.451034    ,0.448851    ,0.381356    ,0.0242783    ,-0.013099    ,-0.00311922 ,nan          ,nan          ,nan          ,0.0304878    ,-0.0856738   ,-0.0398508  ,nan          ,nan          ,nan          ,0.024613     ,-0.0149168   ,-0.00389583  ,nan          ,nan          ,nan         ,0.0840474   ,0            ,0.0141547    ,-0.0017449   ,0.0899758    ,8.60177e-09  ,       0 ,       1 ,       0 ,       1 ,       0 ,       1
36.5467  ,0.45 , 5.445 ,     0 ,0.255853 ,-0        ,         0 ,-0       ,5.84455 ,-0.242768 ,0.0901316   ,5.575   ,-0.325    ,0           ,5.12754  ,-0.268492 ,0.124812    ,5.875   ,0.275     ,0.105686    ,5.54331 ,0.293254  ,0.0916778   ,5.175    ,0.275    ,0.105686    ,0.264673    ,0.77289     ,0.521925    ,0.37366    ,1.5536      ,1.29074    ,0.194197  ,-0.3186     ,-0.00163    ,0.357691   ,0.48189      ,0.559259    ,0.272119    ,0.78844     ,0.490273    ,0.427256    ,0.485852    ,0.396099    ,0.0258443    ,0.000471965  ,0.0113198   ,nan          ,nan          ,nan          ,0.0370276    ,-0.0683244   ,-0.0333298  ,nan          ,nan          ,nan          ,0.0263506    ,-0.00138491  ,0.0106463    ,nan          ,nan          ,nan         ,0.0816468   ,0            ,0.010731     ,-0.0017449   ,0.0916778    ,8.60177e-09  ,       0 ,       1 ,       0 ,       1 ,       0 ,       1
36.5871  ,0.5  , 5.45  ,     0 ,0.257614 ,-0        ,         0 ,-0       ,5.85553 ,-0.243184 ,0.090428    ,5.575   ,-0.325    ,0           ,5.14481  ,-0.268023 ,0.125761    ,5.875   ,0.275     ,0.105686    ,5.5542  ,0.293702  ,0.0919183   ,5.175    ,0.275    ,0.105686    ,0.295121    ,0.780932    ,0.543006    ,0.35224    ,1.5734      ,1.29739    ,0.260808  ,-0.418191   ,-0.0517217  ,0.336958   ,0.50471      ,0.558649    ,0.303504    ,0.794409    ,0.510804    ,0.403117    ,0.521603    ,0.411075    ,0.0270838    ,0.0134179    ,0.0252833   ,nan          ,nan          ,nan          ,0.0415993    ,-0.0496611   ,-0.0258384  ,nan          ,nan          ,nan          ,0.0277907    ,0.0116014    ,0.024727     ,nan          ,nan          ,nan         ,0.0858753   ,0            ,0.018774     ,-0.0017449   ,0.0919183    ,8.60177e-09  ,       0 ,       1 ,       0 ,       1 ,       0 ,       1
36.6267  ,0.55 , 5.455 ,     0 ,0.259376 ,-0        ,         0 ,-0       ,5.86734 ,-0.244767 ,0.0893408   ,5.575   ,-0.325    ,0           ,5.16302  ,-0.266807 ,0.126397    ,5.875   ,0.275     ,0.105686    ,5.56598 ,0.295301  ,0.0907367   ,5.175    ,0.275    ,0.105686    ,0.326775    ,0.803534    ,0.579869    ,0.33036    ,1.59322     ,1.30459    ,0.333085  ,-0.485446   ,-0.087855   ,0.315814   ,0.528567     ,0.559075    ,0.336346    ,0.815142    ,0.547383    ,0.378641    ,0.556043    ,0.426245    ,0.0278856    ,0.0258905    ,0.038798    ,nan          ,nan          ,nan          ,0.0437508    ,-0.0299604   ,-0.0167689  ,nan          ,nan          ,nan          ,0.0287966    ,0.0241793    ,0.0383671    ,nan          ,nan          ,nan         ,0.0861799   ,0            ,0.0207109    ,-0.0017449   ,0.0907367    ,8.60177e-09  ,       0 ,       1 ,       0 ,       1 ,       0 ,       1
36.6668  ,0.6  , 5.46  ,     0 ,0.261137 ,-0        ,         0 ,-0       ,5.87994 ,-0.247369 ,0.0868283   ,5.575   ,-0.325    ,0           ,5.18144  ,-0.264909 ,0.12733     ,5.875   ,0.275     ,0.105686    ,5.57861 ,0.297897  ,0.0881013   ,5.175    ,0.275    ,0.105686    ,0.358923    ,0.840442    ,0.63205     ,0.308023   ,1.61304     ,1.31234    ,0.406949  ,-0.518617   ,-0.10737    ,0.294263   ,0.553355     ,0.560509    ,0.369889    ,0.850422    ,0.599538    ,0.353854    ,0.589138    ,0.441581    ,0.0279241    ,0.0383326    ,0.0519428   ,nan          ,nan          ,nan          ,0.043482     ,-0.00922243  ,-0.00612129 ,nan          ,nan          ,nan          ,0.0289804    ,0.0367387    ,0.0516256    ,nan          ,nan          ,nan         ,0.0866883   ,0            ,0.021644     ,-0.0017449   ,0.0881014    ,8.60177e-09  ,       0 ,       1 ,       0 ,       1 ,       0 ,       1
36.7068  ,0.65 , 5.465 ,     0 ,0.262899 ,-0        ,         0 ,-0       ,5.8932  ,-0.250803 ,0.082786    ,5.575   ,-0.325    ,0           ,5.19942  ,-0.262629 ,0.128995    ,5.875   ,0.275     ,0.105686    ,5.59196 ,0.3013    ,0.0839183   ,5.175    ,0.275    ,0.105686    ,0.390664    ,0.891648    ,0.699129    ,0.285233   ,1.63282     ,1.3206     ,0.478321  ,-0.515955   ,-0.107606   ,0.27231    ,0.578958     ,0.562917    ,0.403155    ,0.900252    ,0.666831    ,0.328785    ,0.620869    ,0.457058    ,0.0271785    ,0.0507728    ,0.0647227   ,nan          ,nan          ,nan          ,0.040793     ,0.0125528    ,0.0061044   ,nan          ,nan          ,nan          ,0.0283183    ,0.0493033    ,0.0645061    ,nan          ,nan          ,nan         ,0.0797281   ,0            ,0.0233087    ,-0.0017449   ,0.0839183    ,8.60177e-09  ,       0 ,       1 ,       0 ,       1 ,       0 ,       1
36.7466  ,0.7  , 5.47  ,     0 ,0.26466  ,-0        ,         0 ,-0       ,5.90693 ,-0.254844 ,0.0770678   ,5.575   ,-0.325    ,0           ,5.21651  ,-0.260552 ,0.13157     ,5.875   ,0.275     ,0.105686    ,5.60584 ,0.305287  ,0.0780491   ,5.175    ,0.275    ,0.105686    ,0.421097    ,0.957152    ,0.780687    ,0.261997   ,1.65252     ,1.32936    ,0.543151  ,-0.475652   ,-0.0859289  ,0.249963   ,0.605256     ,0.56626     ,0.435164    ,0.964639    ,0.748825    ,0.303464    ,0.651236    ,0.47266     ,0.0256486    ,0.0632112    ,0.0771377   ,nan          ,nan          ,nan          ,0.0357909    ,0.0355731    ,0.0198189   ,nan          ,nan          ,nan          ,0.0268104    ,0.061873     ,0.0770087    ,nan          ,nan          ,nan         ,0.076014    ,0            ,0.0258836    ,-0.0017449   ,0.0780491    ,8.60177e-09  ,       0 ,       1 ,       0 ,       1 ,       0 ,       1
36.787   ,0.75 , 5.475 ,     0 ,0.266422 ,-0        ,         0 ,-0       ,5.92083 ,-0.25924  ,0.0695032   ,5.575   ,-0.325    ,0           ,5.23242  ,-0.259309 ,0.13479     ,5.875   ,0.275     ,0.105686    ,5.61993 ,0.309606  ,0.0703278   ,5.175    ,0.275    ,0.105686    ,0.449322    ,1.03695     ,0.876305    ,0.238322   ,1.6721      ,1.3386     ,0.59804   ,-0.39464    ,-0.0402459  ,0.227229   ,0.63212      ,0.570496    ,0.464937    ,1.04359     ,0.845082    ,0.277923    ,0.680252    ,0.488375    ,0.0233344    ,0.0756477    ,0.0891877   ,nan          ,nan          ,nan          ,0.0290588    ,0.0609676    ,0.0345366   ,nan          ,nan          ,nan          ,0.0244567    ,0.074448     ,0.0891332    ,nan          ,nan          ,nan         ,0.0695032   ,0            ,0.0291039    ,-0.0017449   ,0.0703278    ,8.60177e-09  ,       0 ,       1 ,       0 ,       1 ,       0 ,       1
36.827   ,0.8  , 5.48  ,     0 ,0.268183 ,-0        ,         0 ,-0       ,5.93449 ,-0.263703 ,0.0599212   ,5.575   ,-0.325    ,0           ,5.24699  ,-0.259504 ,0.137805    ,5.875   ,0.275     ,0.105686    ,5.63382 ,0.313977  ,0.0605857   ,5.175    ,0.275    ,0.105686    ,0.474435    ,1.13104     ,0.985562    ,0.214221   ,1.69154     ,1.3483     ,0.640197  ,-0.268675   ,0.0310309   ,0.204121   ,0.659423     ,0.57558     ,0.491493    ,1.1371      ,0.955163    ,0.252194    ,0.707942    ,0.504195    ,0.0202361    ,0.0880823    ,0.100873    ,nan          ,nan          ,nan          ,0.0206844    ,0.0889063    ,0.0501845   ,nan          ,nan          ,nan          ,0.0212571    ,0.0870282    ,0.10088      ,nan          ,nan          ,nan         ,0.0599212   ,0            ,0.0321185    ,-0.0017449   ,0.0605857    ,8.60177e-09  ,       0 ,       1 ,       0 ,       1 ,       0 ,       1
36.8671  ,0.85 , 5.485 ,     0 ,0.269944 ,-0        ,         0 ,-0       ,5.94739 ,-0.267911 ,0.0481825   ,5.575   ,-0.325    ,0           ,5.25995  ,-0.261721 ,0.139063    ,5.875   ,0.275     ,0.105686    ,5.64695 ,0.318087  ,0.0486836   ,5.175    ,0.275    ,0.105686    ,0.495538    ,1.23942     ,1.10804     ,0.189705   ,1.7108      ,1.35844    ,0.666853  ,-0.0934701  ,0.129469    ,0.18065    ,0.687035     ,0.581465    ,0.513854    ,1.2452      ,1.07863     ,0.226311    ,0.734339    ,0.520116    ,0.0163536    ,0.100515     ,0.112193    ,nan          ,nan          ,nan          ,0.0106676    ,0.119389     ,0.0667626   ,nan          ,nan          ,nan          ,0.0172118    ,0.0996136    ,0.112248     ,nan          ,nan          ,nan         ,0.0481824   ,0            ,0.0323883    ,-0.0017449   ,0.0486836    ,8.60177e-09  ,       0 ,       1 ,       0 ,       1 ,       0 ,       1
36.9068  ,0.9  , 5.49  ,     0 ,0.271706 ,-0        ,         0 ,-0       ,5.95891 ,-0.271495 ,0.0342193   ,5.575   ,-0.325    ,0           ,5.27051  ,-0.266128 ,0.136169    ,5.875   ,0.275     ,0.105686    ,5.65869 ,0.321582  ,0.0345538   ,5.175    ,0.275    ,0.105686    ,0.511727    ,1.36209     ,1.24332     ,0.16479    ,1.72985     ,1.369      ,0.67524   ,0.135265    ,0.256638    ,0.156831   ,0.714829     ,0.588101    ,0.531039    ,1.36787     ,1.21505     ,0.200311    ,0.759485    ,0.536139    ,0.0116868    ,0.112946     ,0.123149    ,nan          ,nan          ,nan          ,-0.000991422 ,0.152416     ,0.0842708   ,nan          ,nan          ,nan          ,0.0123206    ,0.112204     ,0.123239     ,nan          ,nan          ,nan         ,0.0342193   ,0            ,0.0301882    ,-0.0017449   ,0.0345538    ,8.60177e-09  ,       1 ,       1 ,       1 ,       1 ,       1 ,       1
36.9467  ,0.95 , 5.495 ,     0 ,0.273467 ,-0        ,         0 ,-0       ,5.96836 ,-0.274026 ,0.0180838   ,5.575   ,-0.325    ,0           ,5.27673  ,-0.271716 ,0.126023    ,5.875   ,0.275     ,0.105686    ,5.6683  ,0.324049  ,0.0182496   ,5.175    ,0.275    ,0.105686    ,0.522102    ,1.49905     ,1.39098     ,0.139494   ,1.74866     ,1.37997    ,0.662588  ,0.421818    ,0.414104    ,0.13268    ,0.742683     ,0.595441    ,0.542069    ,1.50513     ,1.36398     ,0.174227    ,0.783427    ,0.552266    ,0.00623587   ,0.125375     ,0.133739    ,nan          ,nan          ,nan          ,-0.0142928   ,0.187988     ,0.102709    ,nan          ,nan          ,nan          ,0.00658356   ,0.1248       ,0.133852     ,nan          ,nan          ,nan         ,0.0180838   ,0            ,0.0204505    ,-0.0017449   ,0.0182496    ,8.60177e-09  ,       1 ,       1 ,       1 ,       1 ,       1 ,       1
