normalTime ,criticalTime ,miscTime ,totTime  ,borderSize ,Intersect Border - Length: 72.769553 ,Find Concave Points ,Visibility Graph Init ,A* Search ,Insert Vertical Key Point
         0 ,    0.900034 ,       0 ,0.900034 ,  72.7696  ,                            0.277217 ,           0.0058   ,             0.004254 , 0.610162 ,                 0.002601
         0 ,    0.320664 ,       0 ,0.320664 ,  46.1421  ,                            0.158889 ,           0.001347 ,             0.001509 , 0.158062 ,                 0.000857
         0 ,    0.19864  ,       0 ,0.19864  ,  57.7696  ,                            0.078975 ,           0.000691 ,             0.00083  , 0.117831 ,                 0.000313
         0 ,    0.22065  ,       0 ,0.22065  ,  57.1838  ,                            0.073278 ,           0.000757 ,             0.000447 , 0.145898 ,                 0.00027
         0 ,    0.287473 ,       0 ,0.287473 ,  75.0122  ,                            0.062142 ,           0.000755 ,             0.00067  , 0.223139 ,                 0.000767
         0 ,    0.212897 ,       0 ,0.212897 ,  82.5685  ,                            0.074559 ,           0.000551 ,             0.000446 , 0.13709  ,                 0.000251
         0 ,    0.332659 ,       0 ,0.332659 ,  58.6985  ,                            0.046841 ,           0.000518 ,             0.000459 , 0.284387 ,                 0.000454
         0 ,    0.093908 ,       0 ,0.093908 ,  31.1421  ,                            0.039165 ,           0.000326 ,             0.000281 , 0.053894 ,                 0.000242
         0 ,    2.94691  ,       0 ,2.94691  , 110.397   ,                            0.091002 ,           0.000835 ,             0.000496 , 2.85379  ,                 0.000786
         0 ,    0.214939 ,       0 ,0.214939 ,  51.4558  ,                            0.057446 ,           0.000609 ,             0.000727 , 0.155631 ,                 0.000526
         0 ,    0.125595 ,       0 ,0.125595 ,  38.0416  ,                            0.053502 ,           0.000478 ,             0.00036  , 0.070999 ,                 0.000256
         0 ,    0.243007 ,       0 ,0.243007 ,  64.3553  ,                            0.093323 ,           0.000605 ,             0.000587 , 0.148252 ,                 0.00024
         0 ,    0.321214 ,       0 ,0.321214 ,  62.2843  ,                            0.046004 ,           0.000517 ,             0.000293 , 0.273994 ,                 0.000406
         0 ,    0.297889 ,       0 ,0.297889 ,  56.0416  ,                            0.05915  ,           0.000491 ,             0.000292 , 0.2375   ,                 0.000456
         0 ,    0.357086 ,       0 ,0.357086 ,  72.9117  ,                            0.067178 ,           0.000585 ,             0.000357 , 0.288623 ,                 0.000343
         0 ,    0.144379 ,       0 ,0.144379 ,  45.799   ,                            0.055102 ,           0.000476 ,             0.000274 , 0.088258 ,                 0.000269
         0 ,    0.266035 ,       0 ,0.266035 ,  52.0416  ,                            0.083435 ,           0.000526 ,             0.000367 , 0.18133  ,                 0.000377
         0 ,    0.156192 ,       0 ,0.156192 ,  38.1421  ,                            0.059927 ,           0.000515 ,             0.000552 , 0.094884 ,                 0.000314
         0 ,    0.230559 ,       0 ,0.230559 ,  51.6985  ,                            0.067046 ,           0.000569 ,             0.000359 , 0.162264 ,                 0.000321
         0 ,    0.163599 ,       0 ,0.163599 ,  54.8701  ,                            0.060158 ,           0.000551 ,             0.000288 , 0.102365 ,                 0.000237
         0 ,    1.20258  ,       0 ,1.20258  ,  98.1543  ,                            0.082483 ,           0.000637 ,             0.000487 , 1.11836  ,                 0.000608
         0 ,    0.552443 ,       0 ,0.552443 ,  74.5269  ,                            0.063711 ,           0.000739 ,             0.000588 , 0.487137 ,                 0.000268
         0 ,    0.637889 ,       0 ,0.637889 ,  76.1838  ,                            0.075239 ,           0.000812 ,             0.000548 , 0.560759 ,                 0.000531
         0 ,    0.169245 ,       0 ,0.169245 ,  63.5563  ,                            0.067375 ,           0.000585 ,             0.000343 , 0.100668 ,                 0.000274
         0 ,    0.181834 ,       0 ,0.181834 ,  47.0416  ,                            0.063016 ,           0.000623 ,             0.000452 , 0.117425 ,                 0.000318
         0 ,    1.37404  ,       0 ,1.37404  ,  99.0122  ,                            0.11403  ,           0.000842 ,             0.000614 , 1.25717  ,                 0.00138
         0 ,    0.191572 ,       0 ,0.191572 ,  57.3848  ,                            0.075793 ,           0.000517 ,             0.000329 , 0.114652 ,                 0.000281
         0 ,    0.153467 ,       0 ,0.153467 ,  44.6274  ,                            0.058458 ,           0.000591 ,             0.000308 , 0.093826 ,                 0.000284
         0 ,    1.34906  ,       0 ,1.34906  ,  99.0833  ,                            0.096716 ,           0.000928 ,             0.000565 , 1.25023  ,                 0.000624
         0 ,    0.209092 ,       0 ,0.209092 ,  57.3553  ,                            0.076936 ,           0.000666 ,             0.000569 , 0.130524 ,                 0.000397
         0 ,    0.510248 ,       0 ,0.510248 ,  58.6985  ,                            0.073018 ,           0.00063  ,             0.000455 , 0.435591 ,                 0.000554
         0 ,    0.423959 ,       0 ,0.423959 ,  64.0416  ,                            0.079102 ,           0.000767 ,             0.000475 , 0.343219 ,                 0.000396
         0 ,    0.210285 ,       0 ,0.210285 ,  61.6274  ,                            0.076148 ,           0.000627 ,             0.00038  , 0.132878 ,                 0.000252
         0 ,    0.192062 ,       0 ,0.192062 ,  56.799   ,                            0.086581 ,           0.000637 ,             0.000499 , 0.104051 ,                 0.000294
         0 ,    0.711852 ,       0 ,0.711852 ,  68.2843  ,                            0.082476 ,           0.000882 ,             0.000839 , 0.626987 ,                 0.000668
         0 ,    0.19633  ,       0 ,0.19633  ,  51.6274  ,                            0.065721 ,           0.000546 ,             0.000537 , 0.129246 ,                 0.00028
         0 ,    0.158008 ,       0 ,0.158008 ,  37.2132  ,                            0.060139 ,           0.00047  ,             0.000449 , 0.096666 ,                 0.000284
         0 ,    0.178141 ,       0 ,0.178141 ,  43.0416  ,                            0.064629 ,           0.000554 ,             0.000388 , 0.112086 ,                 0.000484
         0 ,    0.561188 ,       0 ,0.561188 ,  83.6985  ,                            0.095168 ,           0.000716 ,             0.00057  , 0.464257 ,                 0.000477
         0 ,    0.542971 ,       0 ,0.542971 ,  87.9828  ,                            0.09065  ,           0.000608 ,             0.000505 , 0.450648 ,                 0.00056
         0 ,    0.119965 ,       0 ,0.119965 ,  31.1421  ,                            0.048189 ,           0.000415 ,             0.000363 , 0.070758 ,                 0.00024
         0 ,    0.227254 ,       0 ,0.227254 ,  62.2843  ,                            0.081392 ,           0.000648 ,             0.000359 , 0.144542 ,                 0.000313
         0 ,    0.337856 ,       0 ,0.337856 ,  61.3553  ,                            0.077918 ,           0.000829 ,             0.000495 , 0.258205 ,                 0.000409
         0 ,    1.00038  ,       0 ,1.00038  ,  74.9411  ,                            0.088122 ,           0.000899 ,             0.000729 , 0.909948 ,                 0.000684
         0 ,    0.121021 ,       0 ,0.121021 ,  34.9706  ,                            0.053847 ,           0.000408 ,             0.000301 , 0.066189 ,                 0.000276
         0 ,    0.452731 ,       0 ,0.452731 ,  90.3259  ,                            0.086402 ,           0.000673 ,             0.000474 , 0.364754 ,                 0.000428
         0 ,    0.427011 ,       0 ,0.427011 ,  92.0122  ,                            0.102516 ,           0.00092  ,             0.000674 , 0.32263  ,                 0.000271
         0 ,    3.47717  ,       0 ,3.47717  , 129.397   ,                            0.096466 ,           0.001479 ,             0.001373 , 3.3766   ,                 0.001254
         0 ,    0.151735 ,       0 ,0.151735 ,  41.2132  ,                            0.054045 ,           0.000661 ,             0.000857 , 0.095878 ,                 0.000294
         0 ,    0.148841 ,       0 ,0.148841 ,  38.7279  ,                            0.066482 ,           0.000471 ,             0.000337 , 0.081251 ,                 0.0003
         0 ,    3.38923  ,       0 ,3.38923  ,  98.4975  ,                            0.094874 ,           0.000807 ,             0.000612 , 3.29172  ,                 0.001215
         0 ,    0.130673 ,       0 ,0.130673 ,  44.5563  ,                            0.053674 ,           0.000404 ,             0.000534 , 0.075656 ,                 0.000405
         0 ,    0.169576 ,       0 ,0.169576 ,  38.8701  ,                            0.060564 ,           0.000583 ,             0.000354 , 0.107639 ,                 0.000436
         0 ,    0.439434 ,       0 ,0.439434 ,  52.6274  ,                            0.075995 ,           0.000688 ,             0.000516 , 0.361621 ,                 0.000614
         0 ,    0.303557 ,       0 ,0.303557 ,  76.4558  ,                            0.085424 ,           0.000585 ,             0.000369 , 0.216859 ,                 0.00032
         0 ,    0.112285 ,       0 ,0.112285 ,  38.9706  ,                            0.043711 ,           0.000503 ,             0.000386 , 0.067255 ,                 0.00043
         0 ,    0.669885 ,       0 ,0.669885 ,  60.1127  ,                            0.089333 ,           0.000726 ,             0.000527 , 0.578679 ,                 0.00062
         0 ,    0.203584 ,       0 ,0.203584 ,  34.799   ,                            0.05021  ,           0.000517 ,             0.000341 , 0.152158 ,                 0.000358
         0 ,    1.04204  ,       0 ,1.04204  ,  87.0122  ,                            0.094646 ,           0.000881 ,             0.00088  , 0.945189 ,                 0.000448
         0 ,    0.751832 ,       0 ,0.751832 ,  79.7401  ,                            0.081501 ,           0.000717 ,             0.00055  , 0.668661 ,                 0.000403
         0 ,    1.71352  ,       0 ,1.71352  ,  82.0833  ,                            0.096902 ,           0.000922 ,             0.000668 , 1.61422  ,                 0.000811
         0 ,    0.164142 ,       0 ,0.164142 ,  54.2843  ,                            0.059429 ,           0.000664 ,             0.000347 , 0.103427 ,                 0.000275
         0 ,    0.184756 ,       0 ,0.184756 ,  69.2548  ,                            0.050677 ,           0.000828 ,             0.000695 , 0.131819 ,                 0.000737
         0 ,    0.521866 ,       0 ,0.521866 ,  63.6985  ,                            0.063166 ,           0.000627 ,             0.000495 , 0.45713  ,                 0.000448
         0 ,    0.126901 ,       0 ,0.126901 ,  56.6985  ,                            0.049209 ,           0.000422 ,             0.000407 , 0.076666 ,                 0.000197
         0 ,    0.141867 ,       0 ,0.141867 ,  41.4558  ,                            0.037583 ,           0.000428 ,             0.000283 , 0.103269 ,                 0.000304
         0 ,    0.145048 ,       0 ,0.145048 ,  63.8701  ,                            0.074331 ,           0.000406 ,             0.000264 , 0.06982  ,                 0.000227
         0 ,    0.379744 ,       0 ,0.379744 ,  56.0416  ,                            0.058681 ,           0.000525 ,             0.000503 , 0.319676 ,                 0.000359
         0 ,    0.130669 ,       0 ,0.130669 ,  32.9706  ,                            0.048428 ,           0.000353 ,             0.00026  , 0.081348 ,                 0.00028
         0 ,    0.381737 ,       0 ,0.381737 ,  54.2843  ,                            0.061566 ,           0.000877 ,             0.000664 , 0.31816  ,                 0.00047
         0 ,    0.159715 ,       0 ,0.159715 ,  48.2843  ,                            0.059452 ,           0.00047  ,             0.000293 , 0.09917  ,                 0.00033
         0 ,    0.097544 ,       0 ,0.097544 ,  36.7279  ,                            0.047885 ,           0.000369 ,             0.000255 , 0.04881  ,                 0.000225
         0 ,    0.381831 ,       0 ,0.381831 ,  90.0122  ,                            0.098156 ,           0.000766 ,             0.000658 , 0.282029 ,                 0.000222
         0 ,    0.179151 ,       0 ,0.179151 ,  71.8701  ,                            0.074194 ,           0.000548 ,             0.000351 , 0.103613 ,                 0.000445
         0 ,    0.112782 ,       0 ,0.112782 ,  49.5563  ,                            0.054008 ,           0.000356 ,             0.000314 , 0.057865 ,                 0.000239
         0 ,    0.150909 ,       0 ,0.150909 ,  49.0416  ,                            0.06224  ,           0.000478 ,             0.000373 , 0.087601 ,                 0.000217
         0 ,    0.709992 ,       0 ,0.709992 ,  63.0416  ,                            0.077544 ,           0.000659 ,             0.000509 , 0.630721 ,                 0.000559
         0 ,    0.519505 ,       0 ,0.519505 ,  53.6985  ,                            0.058612 ,           0.000774 ,             0.001022 , 0.458591 ,                 0.000506
         0 ,    0.452104 ,       0 ,0.452104 ,  80.4264  ,                            0.088873 ,           0.000785 ,             0.000542 , 0.361542 ,                 0.000362
         0 ,    0.144937 ,       0 ,0.144937 ,  36.9706  ,                            0.064483 ,           0.000427 ,             0.00046  , 0.079227 ,                 0.00034
         0 ,    0.266453 ,       0 ,0.266453 ,  46.2132  ,                            0.058383 ,           0.000489 ,             0.00032  , 0.206887 ,                 0.000374
         0 ,    0.10719  ,       0 ,0.10719  ,  38.4853  ,                            0.051213 ,           0.000309 ,             0.000273 , 0.05508  ,                 0.000315
         0 ,    0.428971 ,       0 ,0.428971 ,  51.6985  ,                            0.065303 ,           0.000581 ,             0.000406 , 0.361824 ,                 0.000857
         0 ,    0.1877   ,       0 ,0.1877   ,  45.5563  ,                            0.075184 ,           0.001059 ,             0.001257 , 0.109299 ,                 0.000901
         0 ,    0.186658 ,       0 ,0.186658 ,  48.0416  ,                            0.069127 ,           0.000639 ,             0.000438 , 0.116153 ,                 0.000301
         0 ,    0.576701 ,       0 ,0.576701 ,  64.9411  ,                            0.100241 ,           0.000791 ,             0.000847 , 0.474383 ,                 0.000439
         0 ,    0.136706 ,       0 ,0.136706 ,  51.3848  ,                            0.056652 ,           0.000449 ,             0.000319 , 0.078983 ,                 0.000303
         0 ,    0.095762 ,       0 ,0.095762 ,  32.1421  ,                            0.040306 ,           0.000389 ,             0.000298 , 0.054535 ,                 0.000234
         0 ,    0.36248  ,       0 ,0.36248  ,  57.9411  ,                            0.059237 ,           0.00054  ,             0.000369 , 0.301799 ,                 0.000535
         0 ,    0.720233 ,       0 ,0.720233 ,  83.4264  ,                            0.081144 ,           0.000734 ,             0.000586 , 0.637314 ,                 0.000455
         0 ,    0.121469 ,       0 ,0.121469 ,  41.3848  ,                            0.047993 ,           0.000475 ,             0.000269 , 0.072442 ,                 0.00029
         0 ,    0.543539 ,       0 ,0.543539 ,  67.1127  ,                            0.067945 ,           0.000542 ,             0.000381 , 0.474013 ,                 0.000658
         0 ,    1.33294  ,       0 ,1.33294  ,  89.3553  ,                            0.097348 ,           0.00083  ,             0.000586 , 1.23296  ,                 0.001223
         0 ,    0.156097 ,       0 ,0.156097 ,  45.4558  ,                            0.062244 ,           0.00077  ,             0.000299 , 0.092562 ,                 0.000222
         0 ,    1.08562  ,       0 ,1.08562  , 125.983   ,                            0.07635  ,           0.000775 ,             0.000507 , 1.00741  ,                 0.000581
         0 ,    0.517554 ,       0 ,0.517554 ,  51.3848  ,                            0.066048 ,           0.000538 ,             0.000334 , 0.450123 ,                 0.000511
         0 ,    0.171259 ,       0 ,0.171259 ,  49.8701  ,                            0.058192 ,           0.00047  ,             0.000297 , 0.111967 ,                 0.000333
         0 ,    0.635404 ,       0 ,0.635404 ,  67.1838  ,                            0.116823 ,           0.000962 ,             0.000822 , 0.516201 ,                 0.000596
         0 ,    0.806392 ,       0 ,0.806392 ,  77.6985  ,                            0.083295 ,           0.000525 ,             0.000417 , 0.720959 ,                 0.001196
         0 ,    1.43008  ,       0 ,1.43008  , 102.326   ,                            0.130414 ,           0.000789 ,             0.000589 , 1.29755  ,                 0.000737
         0 ,    0.319095 ,       0 ,0.319095 ,  73.2548  ,                            0.078434 ,           0.000647 ,             0.000333 , 0.239313 ,                 0.000368
         0 ,    0.407037 ,       0 ,0.407037 ,  77.8701  ,                            0.073076 ,           0.000648 ,             0.000514 , 0.332203 ,                 0.000596
         0 ,    0.155853 ,       0 ,0.155853 ,  44.799   ,                            0.064421 ,           0.000506 ,             0.000331 , 0.09022  ,                 0.000375
         0 ,    0.808251 ,       0 ,0.808251 ,  82.7696  ,                            0.079268 ,           0.000757 ,             0.000447 , 0.727229 ,                 0.00055
         0 ,    0.174359 ,       0 ,0.174359 ,  48.8701  ,                            0.071181 ,           0.000541 ,             0.000415 , 0.101941 ,                 0.000281
         0 ,    0.202973 ,       0 ,0.202973 ,  56.2843  ,                            0.073554 ,           0.000557 ,             0.00034  , 0.128137 ,                 0.000385
         0 ,    0.125527 ,       0 ,0.125527 ,  45.9706  ,                            0.054804 ,           0.000419 ,             0.000305 , 0.069764 ,                 0.000235
         0 ,    0.356104 ,       0 ,0.356104 ,  57.8701  ,                            0.052451 ,           0.000557 ,             0.000481 , 0.302255 ,                 0.00036
         0 ,    0.217323 ,       0 ,0.217323 ,  46.8701  ,                            0.062892 ,           0.00056  ,             0.000496 , 0.153012 ,                 0.000363
         0 ,    0.103506 ,       0 ,0.103506 ,  32.5563  ,                            0.04153  ,           0.000379 ,             0.000344 , 0.06103  ,                 0.000223
         0 ,    0.128974 ,       0 ,0.128974 ,  37.5563  ,                            0.050135 ,           0.000429 ,             0.00045  , 0.077729 ,                 0.000231
         0 ,    0.230128 ,       0 ,0.230128 ,  52.1127  ,                            0.059271 ,           0.00058  ,             0.000342 , 0.169587 ,                 0.000348
         0 ,    0.153823 ,       0 ,0.153823 ,  43.4558  ,                            0.054872 ,           0.0005   ,             0.000291 , 0.097927 ,                 0.000233
         0 ,    0.130357 ,       0 ,0.130357 ,  47.3848  ,                            0.040766 ,           0.000527 ,             0.000305 , 0.088556 ,                 0.000203
         0 ,    0.308023 ,       0 ,0.308023 ,  81.2548  ,                            0.073968 ,           0.000764 ,             0.0005   , 0.232567 ,                 0.000224
         0 ,    2.60369  ,       0 ,2.60369  , 138.953   ,                            0.129355 ,           0.001006 ,             0.000718 , 2.47146  ,                 0.001147
         0 ,    0.113055 ,       0 ,0.113055 ,  41.6274  ,                            0.040214 ,           0.000485 ,             0.000472 , 0.0716   ,                 0.000284
         0 ,    0.099454 ,       0 ,0.099454 ,  16.4853  ,                            0.038407 ,           0.000284 ,             0.000306 , 0.059939 ,                 0.000518
         0 ,    0.314637 ,       0 ,0.314637 ,  52.7279  ,                            0.070421 ,           0.000484 ,             0.000381 , 0.242648 ,                 0.000703
         0 ,    0.275135 ,       0 ,0.275135 ,  58.1838  ,                            0.081484 ,           0.000541 ,             0.000356 , 0.192447 ,                 0.000307
         0 ,    0.493197 ,       0 ,0.493197 ,  75.4264  ,                            0.082856 ,           0.0006   ,             0.000482 , 0.40888  ,                 0.000379
         0 ,    0.954151 ,       0 ,0.954151 ,  78.4975  ,                            0.090703 ,           0.00083  ,             0.000592 , 0.86118  ,                 0.000846
         0 ,    1.162    ,       0 ,1.162    , 137.711   ,                            0.134401 ,           0.001113 ,             0.000641 , 1.02497  ,                 0.00088
         0 ,    0.134375 ,       0 ,0.134375 ,  28.4853  ,                            0.05864  ,           0.000591 ,             0.000427 , 0.074422 ,                 0.000295
         0 ,    0.289243 ,       0 ,0.289243 ,  83.3553  ,                            0.080119 ,           0.000676 ,             0.000518 , 0.207698 ,                 0.000232
         0 ,    0.53168  ,       0 ,0.53168  ,  55.2132  ,                            0.056554 ,           0.000547 ,             0.000303 , 0.472618 ,                 0.001658
         0 ,    0.174208 ,       0 ,0.174208 ,  46.0416  ,                            0.062977 ,           0.000599 ,             0.000499 , 0.10985  ,                 0.000283
         0 ,    0.234096 ,       0 ,0.234096 ,  53.4558  ,                            0.060147 ,           0.000562 ,             0.000604 , 0.172412 ,                 0.000371
         0 ,    0.110033 ,       0 ,0.110033 ,  48.7279  ,                            0.04861  ,           0.000345 ,             0.000277 , 0.060491 ,                 0.00031
         0 ,    0.215156 ,       0 ,0.215156 ,  65.7696  ,                            0.077854 ,           0.000626 ,             0.000425 , 0.135954 ,                 0.000297
         0 ,    0.112653 ,       0 ,0.112653 ,  43.4558  ,                            0.039807 ,           0.000386 ,             0.000267 , 0.071945 ,                 0.000248
         0 ,    1.34647  ,       0 ,1.34647  , 110.912   ,                            0.0864   ,           0.000792 ,             0.000502 , 1.25827  ,                 0.000508
         0 ,    0.126452 ,       0 ,0.126452 ,  44.799   ,                            0.045127 ,           0.000464 ,             0.00027  , 0.080365 ,                 0.000226
         0 ,    0.127321 ,       0 ,0.127321 ,  44.799   ,                            0.058597 ,           0.000505 ,             0.000398 , 0.067589 ,                 0.000232
         0 ,    0.154646 ,       0 ,0.154646 ,  48.8701  ,                            0.055188 ,           0.000458 ,             0.000287 , 0.098403 ,                 0.00031
         0 ,    0.450552 ,       0 ,0.450552 ,  68.2843  ,                            0.081552 ,           0.000719 ,             0.000501 , 0.367165 ,                 0.000615
         0 ,    0.119788 ,       0 ,0.119788 ,  47.8701  ,                            0.053888 ,           0.000618 ,             0.000514 , 0.064373 ,                 0.000395
         0 ,    0.081661 ,       0 ,0.081661 ,  31.7279  ,                            0.045754 ,           0.000275 ,             0.000324 , 0.035086 ,                 0.000222
         0 ,    0.149129 ,       0 ,0.149129 ,  43.9706  ,                            0.058994 ,           0.000421 ,             0.000311 , 0.089095 ,                 0.000308
         0 ,    0.313913 ,       0 ,0.313913 ,  75.4558  ,                            0.076511 ,           0.000528 ,             0.000289 , 0.236254 ,                 0.000331
         0 ,    0.140455 ,       0 ,0.140455 ,  59.8701  ,                            0.056136 ,           0.000354 ,             0.000324 , 0.083193 ,                 0.000448
         0 ,    0.186968 ,       0 ,0.186968 ,  41.1421  ,                            0.04923  ,           0.000449 ,             0.000303 , 0.136633 ,                 0.000353
         0 ,    0.317623 ,       0 ,0.317623 ,  65.6985  ,                            0.062181 ,           0.00058  ,             0.000273 , 0.254202 ,                 0.000387
         0 ,    0.110442 ,       0 ,0.110442 ,  39.3848  ,                            0.048743 ,           0.000366 ,             0.000245 , 0.060866 ,                 0.000222
         0 ,    0.167788 ,       0 ,0.167788 ,  46.8701  ,                            0.057524 ,           0.00037  ,             0.000263 , 0.108764 ,                 0.000867
         0 ,    0.950729 ,       0 ,0.950729 ,  91.2548  ,                            0.084468 ,           0.000786 ,             0.00054  , 0.864249 ,                 0.000686
         0 ,    0.659132 ,       0 ,0.659132 ,  76.9411  ,                            0.065666 ,           0.000711 ,             0.000492 , 0.591953 ,                 0.00031
         0 ,    0.213854 ,       0 ,0.213854 ,  47.6274  ,                            0.073654 ,           0.000699 ,             0.000685 , 0.138107 ,                 0.000709
         0 ,    0.172008 ,       0 ,0.172008 ,  46.0416  ,                            0.057583 ,           0.000493 ,             0.000359 , 0.113183 ,                 0.00039
         0 ,    0.157599 ,       0 ,0.157599 ,  55.3553  ,                            0.078605 ,           0.000511 ,             0.00041  , 0.077816 ,                 0.000257
         0 ,    0.100778 ,       0 ,0.100778 ,  40.9706  ,                            0.043593 ,           0.000381 ,             0.000341 , 0.05608  ,                 0.000383
         0 ,    0.139541 ,       0 ,0.139541 ,  57.2132  ,                            0.06143  ,           0.000498 ,             0.000387 , 0.076909 ,                 0.000317
         0 ,    0.126338 ,       0 ,0.126338 ,  39.7279  ,                            0.065371 ,           0.000329 ,             0.000287 , 0.060155 ,                 0.000196
         0 ,    0.51189  ,       0 ,0.51189  ,  71.3553  ,                            0.103025 ,           0.000623 ,             0.000426 , 0.407168 ,                 0.000648
         0 ,    1.02863  ,       0 ,1.02863  ,  82.4264  ,                            0.09388  ,           0.000925 ,             0.000682 , 0.932618 ,                 0.000527
         0 ,    0.269431 ,       0 ,0.269431 ,  66.0416  ,                            0.068818 ,           0.000483 ,             0.00033  , 0.199433 ,                 0.000367
         0 ,    0.09872  ,       0 ,0.09872  ,  33.9706  ,                            0.044686 ,           0.00034  ,             0.00024  , 0.053227 ,                 0.000227
         0 ,    0.128523 ,       0 ,0.128523 ,  35.5563  ,                            0.049445 ,           0.000492 ,             0.000303 , 0.078024 ,                 0.000259
         0 ,    1.28777  ,       0 ,1.28777  ,  83.669   ,                            0.08771  ,           0.000825 ,             0.000698 , 1.19651  ,                 0.002026
         0 ,    0.51032  ,       0 ,0.51032  ,  88.0538  ,                            0.079971 ,           0.00079  ,             0.000753 , 0.42825  ,                 0.000556
         0 ,    0.160042 ,       0 ,0.160042 ,  40.1421  ,                            0.052291 ,           0.000409 ,             0.000278 , 0.106687 ,                 0.000377
         0 ,    0.152459 ,       0 ,0.152459 ,  41.5563  ,                            0.066041 ,           0.000354 ,             0.000315 , 0.085509 ,                 0.00024
         0 ,    0.152388 ,       0 ,0.152388 ,  40.9706  ,                            0.053836 ,           0.00057  ,             0.000386 , 0.097313 ,                 0.000283
         0 ,    0.227209 ,       0 ,0.227209 ,  63.9706  ,                            0.078914 ,           0.000482 ,             0.000333 , 0.147    ,                 0.00048
         0 ,    0.220274 ,       0 ,0.220274 ,  40.6274  ,                            0.046895 ,           0.000394 ,             0.000293 , 0.172269 ,                 0.000423
         0 ,    0.203533 ,       0 ,0.203533 ,  57.3553  ,                            0.060719 ,           0.000654 ,             0.000559 , 0.14127  ,                 0.000331
         0 ,    0.268332 ,       0 ,0.268332 ,  96.0538  ,                            0.080362 ,           0.000691 ,             0.000489 , 0.186444 ,                 0.000346
         0 ,    0.777316 ,       0 ,0.777316 ,  72.4264  ,                            0.070481 ,           0.000647 ,             0.00049  , 0.705345 ,                 0.000353
         0 ,    1.00034  ,       0 ,1.00034  ,  93.598   ,                            0.090732 ,           0.000678 ,             0.000457 , 0.908091 ,                 0.000386
         0 ,    0.982694 ,       0 ,0.982694 ,  91.2254  ,                            0.075903 ,           0.000704 ,             0.000445 , 0.905155 ,                 0.000487
         0 ,    0.172536 ,       0 ,0.172536 ,  34.3137  ,                            0.052621 ,           0.000648 ,             0.000638 , 0.118103 ,                 0.000526
         0 ,    0.092231 ,       0 ,0.092231 ,  27.7279  ,                            0.036957 ,           0.000412 ,             0.000345 , 0.05427  ,                 0.000247
         0 ,    0.374795 ,       0 ,0.374795 ,  77.6985  ,                            0.074218 ,           0.000582 ,             0.000397 , 0.299259 ,                 0.000339
         0 ,    0.09135  ,       0 ,0.09135  ,  52.7279  ,                            0.045531 ,           0.000402 ,             0.000239 , 0.044965 ,                 0.000213
         0 ,    0.339953 ,       0 ,0.339953 ,  62.8701  ,                            0.075648 ,           0.00052  ,             0.000412 , 0.262932 ,                 0.000441
         0 ,    0.279653 ,       0 ,0.279653 ,  76.9411  ,                            0.07667  ,           0.000641 ,             0.000413 , 0.20161  ,                 0.000319
         0 ,    0.130613 ,       0 ,0.130613 ,  38.799   ,                            0.047226 ,           0.000513 ,             0.000361 , 0.082231 ,                 0.000282
         0 ,    0.464527 ,       0 ,0.464527 ,  74.7696  ,                            0.069742 ,           0.000703 ,             0.000532 , 0.393253 ,                 0.000297
         0 ,    0.505394 ,       0 ,0.505394 ,  72.6985  ,                            0.071059 ,           0.000575 ,             0.000527 , 0.432804 ,                 0.000429
         0 ,    0.625429 ,       0 ,0.625429 ,  69.1127  ,                            0.070526 ,           0.000675 ,             0.000402 , 0.553416 ,                 0.00041
         0 ,    0.447109 ,       0 ,0.447109 ,  79.7696  ,                            0.124511 ,           0.000825 ,             0.001724 , 0.318946 ,                 0.001103
         0 ,    0.188915 ,       0 ,0.188915 ,  51.6985  ,                            0.049519 ,           0.000695 ,             0.000751 , 0.137287 ,                 0.000663
         0 ,    0.940825 ,       0 ,0.940825 ,  82.598   ,                            0.076892 ,           0.000718 ,             0.000554 , 0.8621   ,                 0.000561
         0 ,    0.278801 ,       0 ,0.278801 ,  56.0416  ,                            0.06257  ,           0.000517 ,             0.000313 , 0.214996 ,                 0.000405
         0 ,    0.977614 ,       0 ,0.977614 ,  87.669   ,                            0.083299 ,           0.000738 ,             0.000507 , 0.892542 ,                 0.000528
         0 ,    0.136833 ,       0 ,0.136833 ,  54.3848  ,                            0.06727  ,           0.000441 ,             0.001013 , 0.067561 ,                 0.000548
         0 ,    0.799726 ,       0 ,0.799726 ,  84.4264  ,                            0.08892  ,           0.000759 ,             0.00061  , 0.708984 ,                 0.000453
         0 ,    0.872824 ,       0 ,0.872824 ,  66.7696  ,                            0.067523 ,           0.000629 ,             0.000503 , 0.803717 ,                 0.000452
         0 ,    0.460017 ,       0 ,0.460017 ,  82.1543  ,                            0.063766 ,           0.00052  ,             0.00055  , 0.394784 ,                 0.000397
         0 ,    0.651809 ,       0 ,0.651809 ,  59.0416  ,                            0.053922 ,           0.0005   ,             0.000478 , 0.596307 ,                 0.000602
         0 ,    0.199257 ,       0 ,0.199257 ,  51.799   ,                            0.042609 ,           0.00051  ,             0.000308 , 0.155421 ,                 0.000409
         0 ,    0.648726 ,       0 ,0.648726 , 108.782   ,                            0.09065  ,           0.001049 ,             0.001444 , 0.554992 ,                 0.000591
         0 ,    0.500811 ,       0 ,0.500811 ,  64.3553  ,                            0.077912 ,           0.001002 ,             0.000781 , 0.420382 ,                 0.000734
         0 ,    1.28057  ,       0 ,1.28057  ,  84.598   ,                            0.092113 ,           0.000833 ,             0.000608 , 1.18647  ,                 0.000544
         0 ,    0.171036 ,       0 ,0.171036 ,  56.5563  ,                            0.05957  ,           0.000372 ,             0.000276 , 0.110479 ,                 0.000339
         0 ,    0.551199 ,       0 ,0.551199 ,  54.2843  ,                            0.071442 ,           0.000588 ,             0.000344 , 0.478349 ,                 0.000476
         0 ,    0.549217 ,       0 ,0.549217 ,  67.8406  ,                            0.099083 ,           0.000809 ,             0.00079  , 0.44813  ,                 0.000405
         0 ,    0.207692 ,       0 ,0.207692 ,  66.0833  ,                            0.070189 ,           0.000571 ,             0.000365 , 0.136153 ,                 0.000414
         0 ,    0.18028  ,       0 ,0.18028  ,  56.6274  ,                            0.054669 ,           0.000449 ,             0.000286 , 0.124528 ,                 0.000348
         0 ,    0.091447 ,       0 ,0.091447 ,  36.3137  ,                            0.044276 ,           0.000314 ,             0.000261 , 0.046341 ,                 0.000255
         0 ,    0.357841 ,       0 ,0.357841 ,  66.8701  ,                            0.075507 ,           0.000528 ,             0.000419 , 0.280923 ,                 0.000464
         0 ,    0.132408 ,       0 ,0.132408 ,  60.1421  ,                            0.055154 ,           0.000432 ,             0.000246 , 0.076332 ,                 0.000244
         0 ,    0.279847 ,       0 ,0.279847 ,  76.3848  ,                            0.107767 ,           0.00097  ,             0.001012 , 0.169578 ,                 0.00052
         0 ,    0.414287 ,       0 ,0.414287 ,  66.6274  ,                            0.079677 ,           0.000962 ,             0.000843 , 0.332316 ,                 0.000489
         0 ,    0.206372 ,       0 ,0.206372 ,  32.5563  ,                            0.047584 ,           0.000484 ,             0.000306 , 0.157534 ,                 0.000464
         0 ,    0.112452 ,       0 ,0.112452 ,  37.3137  ,                            0.049704 ,           0.000342 ,             0.000242 , 0.061916 ,                 0.000248
         0 ,    0.375287 ,       0 ,0.375287 ,  65.1127  ,                            0.075731 ,           0.000628 ,             0.000562 , 0.297892 ,                 0.000474
         0 ,    0.326515 ,       0 ,0.326515 ,  54.6274  ,                            0.048002 ,           0.000485 ,             0.000374 , 0.277259 ,                 0.000395
         0 ,    0.482717 ,       0 ,0.482717 ,  72.2843  ,                            0.069294 ,           0.000611 ,             0.000665 , 0.411545 ,                 0.000602
         0 ,    0.991593 ,       0 ,0.991593 ,  83.8406  ,                            0.080733 ,           0.000652 ,             0.001076 , 0.908565 ,                 0.000567
         0 ,    0.15159  ,       0 ,0.15159  ,  52.0416  ,                            0.055561 ,           0.00044  ,             0.000251 , 0.095084 ,                 0.000254
         0 ,    1.15028  ,       0 ,1.15028  ,  82.7696  ,                            0.063842 ,           0.000737 ,             0.00076  , 1.08445  ,                 0.000491
         0 ,    0.085958 ,       0 ,0.085958 ,  25.8995  ,                            0.038867 ,           0.000299 ,             0.000254 , 0.046303 ,                 0.000235
         0 ,    0.087511 ,       0 ,0.087511 ,  36.5563  ,                            0.040538 ,           0.000299 ,             0.00025  , 0.046218 ,                 0.000206
         0 ,    1.59114  ,       0 ,1.59114  , 108.355   ,                            0.098655 ,           0.000594 ,             0.000449 , 1.49091  ,                 0.000531
         0 ,    0.685082 ,       0 ,0.685082 ,  62.5269  ,                            0.071055 ,           0.000644 ,             0.00049  , 0.611823 ,                 0.00107
         0 ,    0.177216 ,       0 ,0.177216 ,  47.9706  ,                            0.072417 ,           0.000584 ,             0.000394 , 0.103506 ,                 0.000315
         0 ,    1.08449  ,       0 ,1.08449  ,  73.3553  ,                            0.069236 ,           0.000679 ,             0.000452 , 1.01345  ,                 0.000665
         0 ,    0.203273 ,       0 ,0.203273 ,  66.3553  ,                            0.064915 ,           0.000423 ,             0.00035  , 0.1372   ,                 0.000385
         0 ,    0.427085 ,       0 ,0.427085 ,  56.6985  ,                            0.056919 ,           0.000492 ,             0.000274 , 0.368903 ,                 0.000497
         0 ,    2.56893  ,       0 ,2.56893  ,  98.0833  ,                            0.061409 ,           0.000825 ,             0.000534 , 2.5053   ,                 0.000859
         0 ,    0.734342 ,       0 ,0.734342 ,  75.2843  ,                            0.087225 ,           0.000835 ,             0.000473 , 0.645012 ,                 0.000797
         0 ,    0.951794 ,       0 ,0.951794 ,  69.3553  ,                            0.07625  ,           0.000721 ,             0.000588 , 0.873446 ,                 0.000789
         0 ,    0.067442 ,       0 ,0.067442 ,   9.65685 ,                            0.028583 ,           0.000254 ,             0.000321 , 0.038029 ,                 0.000255
         0 ,    1.08606  ,       0 ,1.08606  ,  85.669   ,                            0.085366 ,           0.001004 ,             0.000955 , 0.998069 ,                 0.000662
         0 ,    0.183107 ,       0 ,0.183107 ,  52.1421  ,                            0.052642 ,           0.000799 ,             0.001079 , 0.128229 ,                 0.000358
         0 ,    0.397428 ,       0 ,0.397428 ,  66.2132  ,                            0.071047 ,           0.000489 ,             0.000297 , 0.324946 ,                 0.000649
         0 ,    0.491784 ,       0 ,0.491784 ,  68.0122  ,                            0.080057 ,           0.000597 ,             0.000675 , 0.409953 ,                 0.000502
         0 ,    1.5551   ,       0 ,1.5551   , 107.326   ,                            0.088165 ,           0.000805 ,             0.000521 , 1.46505  ,                 0.00055
         0 ,    0.25349  ,       0 ,0.25349  ,  62.6985  ,                            0.076924 ,           0.000675 ,             0.000735 , 0.174776 ,                 0.00038
         0 ,    0.112172 ,       0 ,0.112172 ,  32.7279  ,                            0.047401 ,           0.000403 ,             0.000326 , 0.063817 ,                 0.000225
         0 ,    0.283328 ,       0 ,0.283328 ,  71.6985  ,                            0.068643 ,           0.000482 ,             0.000309 , 0.213541 ,                 0.000353
         0 ,    0.955455 ,       0 ,0.955455 ,  86.9828  ,                            0.073445 ,           0.000765 ,             0.000505 , 0.879375 ,                 0.001365
         0 ,    1.22955  ,       0 ,1.22955  ,  66.3553  ,                            0.08564  ,           0.001027 ,             0.001239 , 1.14067  ,                 0.00098
         0 ,    0.394637 ,       0 ,0.394637 ,  76.1838  ,                            0.075589 ,           0.000767 ,             0.001033 , 0.316857 ,                 0.000391
         0 ,    0.087068 ,       0 ,0.087068 ,  25.4853  ,                            0.039875 ,           0.0003   ,             0.000313 , 0.046346 ,                 0.000234
         0 ,    0.397022 ,       0 ,0.397022 ,  86.397   ,                            0.071887 ,           0.000506 ,             0.00033  , 0.323855 ,                 0.000444
         0 ,    0.112472 ,       0 ,0.112472 ,  35.3137  ,                            0.048862 ,           0.000341 ,             0.000264 , 0.062783 ,                 0.000222
         0 ,    0.268359 ,       0 ,0.268359 ,  51.2843  ,                            0.058071 ,           0.000488 ,             0.000287 , 0.209117 ,                 0.000396
         0 ,    0.150477 ,       0 ,0.150477 ,  51.4558  ,                            0.057032 ,           0.000483 ,             0.00032  , 0.092342 ,                 0.0003
         0 ,    0.46749  ,       0 ,0.46749  ,  84.9117  ,                            0.076135 ,           0.00072  ,             0.000672 , 0.389644 ,                 0.000319
         0 ,    0.660543 ,       0 ,0.660543 ,  72.1127  ,                            0.054549 ,           0.000564 ,             0.000627 , 0.604159 ,                 0.000644
         0 ,    0.150394 ,       0 ,0.150394 ,  37.9706  ,                            0.043298 ,           0.000368 ,             0.000318 , 0.105899 ,                 0.000511
         0 ,    0.498784 ,       0 ,0.498784 ,  82.1838  ,                            0.064357 ,           0.00057  ,             0.000309 , 0.433088 ,                 0.00046
         0 ,    0.447472 ,       0 ,0.447472 ,  68.8406  ,                            0.066943 ,           0.000604 ,             0.000559 , 0.37885  ,                 0.000516
         0 ,    0.184769 ,       0 ,0.184769 ,  64.5269  ,                            0.06124  ,           0.000508 ,             0.000454 , 0.122351 ,                 0.000216
         0 ,    0.749502 ,       0 ,0.749502 ,  90.8112  ,                            0.131763 ,           0.00112  ,             0.001097 , 0.61497  ,                 0.000552
         0 ,    0.095443 ,       0 ,0.095443 ,  36.8701  ,                            0.034268 ,           0.000416 ,             0.000425 , 0.060086 ,                 0.000248
         0 ,    0.316342 ,       0 ,0.316342 ,  67.2132  ,                            0.070154 ,           0.000467 ,             0.000281 , 0.2449   ,                 0.00054
         0 ,    1.52998  ,       0 ,1.52998  , 104.083   ,                            0.106256 ,           0.001367 ,             0.001471 , 1.41974  ,                 0.001143
         0 ,    0.765376 ,       0 ,0.765376 ,  72.3553  ,                            0.075667 ,           0.000667 ,             0.000475 , 0.688047 ,                 0.00052
         0 ,    0.681062 ,       0 ,0.681062 ,  64.9411  ,                            0.066775 ,           0.000632 ,             0.000574 , 0.61261  ,                 0.000471
         0 ,    0.17203  ,       0 ,0.17203  ,  36.3848  ,                            0.042398 ,           0.000503 ,             0.000426 , 0.128311 ,                 0.000392
         0 ,    0.177944 ,       0 ,0.177944 ,  60.1127  ,                            0.045066 ,           0.000564 ,             0.000531 , 0.131522 ,                 0.000261
         0 ,    0.197025 ,       0 ,0.197025 ,  62.2843  ,                            0.076107 ,           0.000631 ,             0.000471 , 0.119551 ,                 0.000265
         0 ,    0.414252 ,       0 ,0.414252 ,  79.1127  ,                            0.084844 ,           0.000629 ,             0.000505 , 0.327915 ,                 0.000359
         0 ,    0.173733 ,       0 ,0.173733 ,  41.6274  ,                            0.065784 ,           0.00061  ,             0.000411 , 0.106636 ,                 0.000292
         0 ,    0.150114 ,       0 ,0.150114 ,  61.5269  ,                            0.058975 ,           0.000516 ,             0.000353 , 0.090015 ,                 0.000255
         0 ,    0.423461 ,       0 ,0.423461 ,  64.8701  ,                            0.07267  ,           0.00076  ,             0.00073  , 0.348647 ,                 0.000654
         0 ,    0.37502  ,       0 ,0.37502  ,  73.598   ,                            0.09774  ,           0.000876 ,             0.000614 , 0.275015 ,                 0.000775
         0 ,    0.201183 ,       0 ,0.201183 ,  38.3137  ,                            0.064295 ,           0.000462 ,             0.000312 , 0.135728 ,                 0.000386
         0 ,    0.093917 ,       0 ,0.093917 ,  32.7279  ,                            0.042563 ,           0.000363 ,             0.000315 , 0.05048  ,                 0.000196
         0 ,    0.212209 ,       0 ,0.212209 ,  74.7401  ,                            0.072028 ,           0.000552 ,             0.000321 , 0.138888 ,                 0.00042
         0 ,    0.567055 ,       0 ,0.567055 ,  84.1543  ,                            0.0822   ,           0.000751 ,             0.000588 , 0.483075 ,                 0.000441
         0 ,    0.12343  ,       0 ,0.12343  ,  44.4558  ,                            0.053634 ,           0.000403 ,             0.000265 , 0.068946 ,                 0.000182
         0 ,    0.169757 ,       0 ,0.169757 ,  46.2132  ,                            0.043861 ,           0.000422 ,             0.000253 , 0.124756 ,                 0.000465
         0 ,    0.234297 ,       0 ,0.234297 ,  76.1127  ,                            0.08114  ,           0.000725 ,             0.00552  , 0.14661  ,                 0.000302
         0 ,    0.192527 ,       0 ,0.192527 ,  51.1838  ,                            0.054813 ,           0.000477 ,             0.000306 , 0.136544 ,                 0.000387
         0 ,    2.8129   ,       0 ,2.8129   , 123.196   ,                            0.109989 ,           0.000937 ,             0.000681 , 2.70043  ,                 0.000863
         0 ,    0.149913 ,       0 ,0.149913 ,  40.2843  ,                            0.059162 ,           0.000373 ,             0.000408 , 0.089723 ,                 0.000247
         0 ,    0.090399 ,       0 ,0.090399 ,  31.3137  ,                            0.038914 ,           0.000364 ,             0.000407 , 0.050456 ,                 0.000258
         0 ,    0.182738 ,       0 ,0.182738 ,  63.6985  ,                            0.064641 ,           0.000541 ,             0.000298 , 0.117031 ,                 0.000227
         0 ,    1.03631  ,       0 ,1.03631  ,  82.0122  ,                            0.063736 ,           0.000699 ,             0.000525 , 0.97088  ,                 0.000468
         0 ,    0.824325 ,       0 ,0.824325 ,  75.598   ,                            0.065157 ,           0.000685 ,             0.000489 , 0.75755  ,                 0.000444
         0 ,    0.07349  ,       0 ,0.07349  ,   4.24264 ,                            0.029415 ,           0.000252 ,             0.000283 , 0.043137 ,                 0.000403
         0 ,    0.244875 ,       0 ,0.244875 ,  58.2843  ,                            0.078735 ,           0.00065  ,             0.000938 , 0.164345 ,                 0.000207
         0 ,    0.636507 ,       0 ,0.636507 ,  70.7696  ,                            0.079061 ,           0.0007   ,             0.000696 , 0.555706 ,                 0.000344
         0 ,    0.467125 ,       0 ,0.467125 ,  62.6985  ,                            0.062615 ,           0.000605 ,             0.000408 , 0.402969 ,                 0.000528
         0 ,    0.984412 ,       0 ,0.984412 ,  76.4264  ,                            0.092076 ,           0.00083  ,             0.000641 , 0.890284 ,                 0.000581
         0 ,    0.464327 ,       0 ,0.464327 ,  67.1127  ,                            0.071205 ,           0.000678 ,             0.000456 , 0.391556 ,                 0.000432
         0 ,    0.09872  ,       0 ,0.09872  ,  33.3137  ,                            0.046245 ,           0.000319 ,             0.000355 , 0.051549 ,                 0.000252
         0 ,    0.217932 ,       0 ,0.217932 ,  42.9706  ,                            0.053131 ,           0.000434 ,             0.000376 , 0.163603 ,                 0.000388
         0 ,    0.084449 ,       0 ,0.084449 ,  32.0416  ,                            0.041559 ,           0.000262 ,             0.000243 , 0.042149 ,                 0.000236
         0 ,    1.57211  ,       0 ,1.57211  ,  91.4264  ,                            0.102925 ,           0.000767 ,             0.000589 , 1.46703  ,                 0.000802
         0 ,    0.12358  ,       0 ,0.12358  ,  46.6274  ,                            0.060553 ,           0.000372 ,             0.000362 , 0.061965 ,                 0.000328
         0 ,    0.144653 ,       0 ,0.144653 ,  46.5563  ,                            0.063761 ,           0.000441 ,             0.000322 , 0.079843 ,                 0.000286
         0 ,    0.229177 ,       0 ,0.229177 ,  46.0416  ,                            0.052191 ,           0.000461 ,             0.000301 , 0.175765 ,                 0.000459
         0 ,    0.261747 ,       0 ,0.261747 ,  59.3553  ,                            0.059711 ,           0.000448 ,             0.000274 , 0.200514 ,                 0.0008
         0 ,    0.127454 ,       0 ,0.127454 ,  28.4853  ,                            0.055532 ,           0.000471 ,             0.000499 , 0.07061  ,                 0.000342
         0 ,    0.148702 ,       0 ,0.148702 ,  47.8701  ,                            0.052516 ,           0.000493 ,             0.00039  , 0.095077 ,                 0.000226
         0 ,    0.108577 ,       0 ,0.108577 ,  48.6985  ,                            0.044311 ,           0.000422 ,             0.000258 , 0.063321 ,                 0.000265
         0 ,    0.182034 ,       0 ,0.182034 ,  43.2132  ,                            0.056813 ,           0.00051  ,             0.000356 , 0.123938 ,                 0.000417
         0 ,    0.902791 ,       0 ,0.902791 ,  92.8823  ,                            0.094071 ,           0.000735 ,             0.000579 , 0.806889 ,                 0.000517
         0 ,    0.15623  ,       0 ,0.15623  ,  27.7279  ,                            0.043751 ,           0.000383 ,             0.000297 , 0.111455 ,                 0.000344
         0 ,    0.16684  ,       0 ,0.16684  ,  59.2132  ,                            0.066495 ,           0.000475 ,             0.00031  , 0.099361 ,                 0.000199
         0 ,    0.695069 ,       0 ,0.695069 ,  87.4975  ,                            0.090461 ,           0.000764 ,             0.000822 , 0.60249  ,                 0.000532
         0 ,    0.33701  ,       0 ,0.33701  ,  67.1838  ,                            0.052268 ,           0.000507 ,             0.000292 , 0.283528 ,                 0.000415
         0 ,    0.144721 ,       0 ,0.144721 ,  68.3848  ,                            0.058286 ,           0.000459 ,             0.000303 , 0.085405 ,                 0.000268
         0 ,    0.085575 ,       0 ,0.085575 ,  23.8995  ,                            0.039846 ,           0.000292 ,             0.000252 , 0.044982 ,                 0.000203
         0 ,    2.19794  ,       0 ,2.19794  , 161.924   ,                            0.122012 ,           0.000888 ,             0.000523 , 2.07324  ,                 0.001283
         0 ,    0.600072 ,       0 ,0.600072 ,  78.4975  ,                            0.077983 ,           0.000622 ,             0.000339 , 0.520637 ,                 0.000491
         0 ,    0.525324 ,       0 ,0.525324 ,  66.4558  ,                            0.071433 ,           0.00056  ,             0.000313 , 0.452509 ,                 0.000509
         0 ,    0.121831 ,       0 ,0.121831 ,  53.9411  ,                            0.062792 ,           0.000321 ,             0.000312 , 0.058114 ,                 0.000292
         0 ,    0.324368 ,       0 ,0.324368 ,  86.5685  ,                            0.060043 ,           0.000616 ,             0.000489 , 0.262931 ,                 0.000289
         0 ,    0.931463 ,       0 ,0.931463 , 111.74    ,                            0.103703 ,           0.000823 ,             0.00068  , 0.825545 ,                 0.000712
         0 ,    0.121227 ,       0 ,0.121227 ,  39.9706  ,                            0.051287 ,           0.000485 ,             0.00039  , 0.068825 ,                 0.00024
         0 ,    0.809964 ,       0 ,0.809964 ,  98.0833  ,                            0.07461  ,           0.000586 ,             0.000555 , 0.733604 ,                 0.000609
         0 ,    2.35989  ,       0 ,2.35989  , 123.296   ,                            0.083333 ,           0.000912 ,             0.000464 , 2.27457  ,                 0.000613
         0 ,    0.221941 ,       0 ,0.221941 ,  52.6274  ,                            0.063737 ,           0.000453 ,             0.000426 , 0.156869 ,                 0.000456
         0 ,    0.944453 ,       0 ,0.944453 ,  83.6985  ,                            0.095378 ,           0.000671 ,             0.000618 , 0.847264 ,                 0.000522
         0 ,    0.113581 ,       0 ,0.113581 ,  42.3137  ,                            0.054072 ,           0.000362 ,             0.000263 , 0.058637 ,                 0.000247
         0 ,    1.41081  ,       0 ,1.41081  , 114.083   ,                            0.099599 ,           0.000764 ,             0.000507 , 1.30936  ,                 0.000584
         0 ,    0.085021 ,       0 ,0.085021 ,  27.4853  ,                            0.041474 ,           0.000225 ,             0.000209 , 0.042865 ,                 0.000248
         0 ,    0.137942 ,       0 ,0.137942 ,  43.2132  ,                            0.052944 ,           0.000453 ,             0.0003   , 0.084011 ,                 0.000234
         0 ,    0.164834 ,       0 ,0.164834 ,  43.3848  ,                            0.050851 ,           0.000398 ,             0.000271 , 0.112966 ,                 0.000348
         0 ,    0.140576 ,       0 ,0.140576 ,  37.2132  ,                            0.050297 ,           0.000501 ,             0.000822 , 0.088675 ,                 0.000281
         0 ,    0.14855  ,       0 ,0.14855  ,  52.1421  ,                            0.060149 ,           0.000471 ,             0.000406 , 0.087227 ,                 0.000297
         0 ,    1.08203  ,       0 ,1.08203  ,  71.8406  ,                            0.069261 ,           0.000665 ,             0.000506 , 1.01098  ,                 0.000624
         0 ,    0.194278 ,       0 ,0.194278 ,  60.0416  ,                            0.059776 ,           0.000476 ,             0.000271 , 0.133385 ,                 0.00037
         0 ,    0.158347 ,       0 ,0.158347 ,  43.799   ,                            0.06828  ,           0.000567 ,             0.000346 , 0.088908 ,                 0.000246
         0 ,    0.292211 ,       0 ,0.292211 ,  65.0122  ,                            0.070566 ,           0.000514 ,             0.000331 , 0.220374 ,                 0.000426
         0 ,    0.666646 ,       0 ,0.666646 ,  71.598   ,                            0.071589 ,           0.000662 ,             0.000469 , 0.59335  ,                 0.000576
         0 ,    0.822618 ,       0 ,0.822618 ,  60.2843  ,                            0.061343 ,           0.000614 ,             0.000419 , 0.759048 ,                 0.001194
         0 ,    0.120093 ,       0 ,0.120093 ,  36.0416  ,                            0.039159 ,           0.000352 ,             0.000311 , 0.080014 ,                 0.000257
         0 ,    0.514105 ,       0 ,0.514105 ,  71.6274  ,                            0.097147 ,           0.000799 ,             0.000937 , 0.414162 ,                 0.00106
         0 ,    0.438039 ,       0 ,0.438039 ,  81.7401  ,                            0.074646 ,           0.000868 ,             0.000875 , 0.361118 ,                 0.000532
         0 ,    0.115802 ,       0 ,0.115802 ,  41.5563  ,                            0.037645 ,           0.000363 ,             0.000259 , 0.077171 ,                 0.000364
         0 ,    0.349578 ,       0 ,0.349578 ,  67.8701  ,                            0.068631 ,           0.00053  ,             0.000278 , 0.279708 ,                 0.000431
         0 ,    0.161937 ,       0 ,0.161937 ,  60.9706  ,                            0.068254 ,           0.000398 ,             0.000259 , 0.092736 ,                 0.00029
         0 ,    1.03417  ,       0 ,1.03417  ,  77.598   ,                            0.070615 ,           0.000721 ,             0.000419 , 0.961901 ,                 0.000512
         0 ,    0.348446 ,       0 ,0.348446 ,  65.0416  ,                            0.067198 ,           0.000558 ,             0.000302 , 0.279996 ,                 0.000392
         0 ,    0.183524 ,       0 ,0.183524 ,  52.8701  ,                            0.067056 ,           0.000578 ,             0.000376 , 0.115275 ,                 0.000239
         0 ,    0.613376 ,       0 ,0.613376 ,  81.1127  ,                            0.068937 ,           0.000575 ,             0.000385 , 0.543022 ,                 0.000457
         0 ,    0.777705 ,       0 ,0.777705 ,  85.1543  ,                            0.072655 ,           0.000709 ,             0.000424 , 0.703467 ,                 0.00045
         0 ,    0.284251 ,       0 ,0.284251 ,  76.8406  ,                            0.071507 ,           0.000594 ,             0.000466 , 0.211456 ,                 0.000228
         0 ,    0.403704 ,       0 ,0.403704 ,  75.2548  ,                            0.058106 ,           0.000566 ,             0.000393 , 0.344131 ,                 0.000508
         0 ,    0.436233 ,       0 ,0.436233 ,  67.8701  ,                            0.080596 ,           0.000686 ,             0.000568 , 0.353803 ,                 0.00058
         0 ,    0.122413 ,       0 ,0.122413 ,  45.0416  ,                            0.052519 ,           0.000475 ,             0.000352 , 0.068828 ,                 0.000239
         0 ,    0.094519 ,       0 ,0.094519 ,  42.2843  ,                            0.045179 ,           0.000329 ,             0.000267 , 0.04853  ,                 0.000214
         0 ,    0.107991 ,       0 ,0.107991 ,  34.2132  ,                            0.043124 ,           0.000342 ,             0.000277 , 0.06399  ,                 0.000258
         0 ,    0.132817 ,       0 ,0.132817 ,  49.6274  ,                            0.05556  ,           0.000393 ,             0.000295 , 0.076346 ,                 0.000223
         0 ,    0.353814 ,       0 ,0.353814 ,  87.598   ,                            0.077505 ,           0.000507 ,             0.000404 , 0.274815 ,                 0.000583
         0 ,    0.097502 ,       0 ,0.097502 ,  36.1421  ,                            0.039928 ,           0.000381 ,             0.000342 , 0.056628 ,                 0.000223
         0 ,    0.287698 ,       0 ,0.287698 ,  74.0416  ,                            0.07562  ,           0.000524 ,             0.000268 , 0.21084  ,                 0.000446
         0 ,    0.435869 ,       0 ,0.435869 ,  66.3553  ,                            0.075621 ,           0.000629 ,             0.000544 , 0.358656 ,                 0.000419
         0 ,    0.582801 ,       0 ,0.582801 ,  67.6985  ,                            0.062922 ,           0.000496 ,             0.000396 , 0.518495 ,                 0.000492
         0 ,    0.931613 ,       0 ,0.931613 ,  71.5269  ,                            0.059628 ,           0.000682 ,             0.000479 , 0.870263 ,                 0.000561
         0 ,    0.123296 ,       0 ,0.123296 ,  26.3137  ,                            0.040057 ,           0.000293 ,             0.000233 , 0.082363 ,                 0.00035
         0 ,    0.218547 ,       0 ,0.218547 ,  75.2132  ,                            0.077959 ,           0.00048  ,             0.000267 , 0.139437 ,                 0.000404
         0 ,    0.143015 ,       0 ,0.143015 ,  33.5563  ,                            0.05276  ,           0.000341 ,             0.000567 , 0.088999 ,                 0.000348
         0 ,    0.278224 ,       0 ,0.278224 ,  82.5269  ,                            0.072943 ,           0.000627 ,             0.000458 , 0.203924 ,                 0.000272
         0 ,    2.80265  ,       0 ,2.80265  , 129.811   ,                            0.110376 ,           0.00091  ,             0.000708 , 2.6901   ,                 0.000559
         0 ,    0.239203 ,       0 ,0.239203 ,  57.6274  ,                            0.058399 ,           0.000494 ,             0.000309 , 0.179697 ,                 0.000304
         0 ,    1.15353  ,       0 ,1.15353  ,  80.5269  ,                            0.076188 ,           0.000561 ,             0.000453 , 1.07586  ,                 0.000474
         0 ,    0.480059 ,       0 ,0.480059 ,  71.3553  ,                            0.062153 ,           0.000512 ,             0.000433 , 0.416553 ,                 0.000408
         0 ,    0.144588 ,       0 ,0.144588 ,  47.8701  ,                            0.062678 ,           0.000503 ,             0.000331 , 0.080839 ,                 0.000237
         0 ,    0.098617 ,       0 ,0.098617 ,  26.4853  ,                            0.052292 ,           0.000279 ,             0.000271 , 0.045467 ,                 0.000308
         0 ,    0.364703 ,       0 ,0.364703 ,  52.4558  ,                            0.058358 ,           0.000595 ,             0.000427 , 0.304892 ,                 0.000431
         0 ,    0.121737 ,       0 ,0.121737 ,  45.3848  ,                            0.050189 ,           0.000459 ,             0.000267 , 0.070596 ,                 0.000226
         0 ,    0.201485 ,       0 ,0.201485 ,  43.799   ,                            0.057057 ,           0.000419 ,             0.00027  , 0.143426 ,                 0.000313
         0 ,    0.335956 ,       0 ,0.335956 ,  69.4264  ,                            0.084131 ,           0.000532 ,             0.000428 , 0.250575 ,                 0.00029
         0 ,    0.664205 ,       0 ,0.664205 , 105.669   ,                            0.093085 ,           0.000703 ,             0.000632 , 0.569404 ,                 0.000381
         0 ,    0.260153 ,       0 ,0.260153 ,  63.6985  ,                            0.076889 ,           0.000881 ,             0.000632 , 0.181388 ,                 0.000363
         0 ,    3.28482  ,       0 ,3.28482  , 112.397   ,                            0.0801   ,           0.000836 ,             0.000632 , 3.20238  ,                 0.000871
         0 ,    0.121707 ,       0 ,0.121707 ,  37.8995  ,                            0.058653 ,           0.000421 ,             0.000313 , 0.062083 ,                 0.000237
         0 ,    0.566865 ,       0 ,0.566865 ,  81.6985  ,                            0.080751 ,           0.000559 ,             0.000326 , 0.484912 ,                 0.000317
         0 ,    0.66396  ,       0 ,0.66396  ,  64.7696  ,                            0.048251 ,           0.000589 ,             0.000619 , 0.614041 ,                 0.00046
         0 ,    0.147735 ,       0 ,0.147735 ,  72.7279  ,                            0.077249 ,           0.000543 ,             0.000514 , 0.069171 ,                 0.000258
         0 ,    0.248421 ,       0 ,0.248421 ,  42.0416  ,                            0.056614 ,           0.000547 ,             0.000364 , 0.190403 ,                 0.000493
         0 ,    0.147638 ,       0 ,0.147638 ,  41.6274  ,                            0.052324 ,           0.000493 ,             0.000459 , 0.094104 ,                 0.000258
         0 ,    0.191499 ,       0 ,0.191499 ,  80.0416  ,                            0.081352 ,           0.000522 ,             0.000318 , 0.1091   ,                 0.000207
         0 ,    0.139058 ,       0 ,0.139058 ,  48.3848  ,                            0.054511 ,           0.00049  ,             0.000339 , 0.083527 ,                 0.000191
         0 ,    1.30101  ,       0 ,1.30101  ,  86.9117  ,                            0.075137 ,           0.000779 ,             0.000478 , 1.2241   ,                 0.000513
         0 ,    0.594741 ,       0 ,0.594741 ,  66.5269  ,                            0.059834 ,           0.000551 ,             0.000399 , 0.533431 ,                 0.000526
         0 ,    0.998864 ,       0 ,0.998864 ,  74.1838  ,                            0.090748 ,           0.000871 ,             0.000556 , 0.906184 ,                 0.000505
         0 ,    0.563039 ,       0 ,0.563039 ,  80.3259  ,                            0.077086 ,           0.000684 ,             0.000436 , 0.483682 ,                 0.001151
         0 ,    0.131801 ,       0 ,0.131801 ,  51.3848  ,                            0.068241 ,           0.000435 ,             0.000494 , 0.062386 ,                 0.000245
         0 ,    0.261829 ,       0 ,0.261829 ,  76.3848  ,                            0.063962 ,           0.000482 ,             0.000347 , 0.196656 ,                 0.000382
         0 ,    0.134148 ,       0 ,0.134148 ,  60.2132  ,                            0.053467 ,           0.000426 ,             0.000321 , 0.079712 ,                 0.000222
         0 ,    0.416569 ,       0 ,0.416569 ,  65.0416  ,                            0.070584 ,           0.000648 ,             0.000545 , 0.344339 ,                 0.000453
         0 ,    0.666767 ,       0 ,0.666767 ,  85.8406  ,                            0.069656 ,           0.000543 ,             0.000494 , 0.595537 ,                 0.000537
         0 ,    0.402065 ,       0 ,0.402065 ,  65.4264  ,                            0.066621 ,           0.00055  ,             0.000285 , 0.334227 ,                 0.000382
         0 ,    0.140137 ,       0 ,0.140137 ,  45.9706  ,                            0.060628 ,           0.000438 ,             0.000288 , 0.078557 ,                 0.000226
         0 ,    0.177878 ,       0 ,0.177878 ,  63.6274  ,                            0.063367 ,           0.000573 ,             0.000426 , 0.113273 ,                 0.000239
         0 ,    0.100847 ,       0 ,0.100847 ,  37.2132  ,                            0.046531 ,           0.000317 ,             0.000275 , 0.053496 ,                 0.000228
         0 ,    0.117128 ,       0 ,0.117128 ,  43.2132  ,                            0.053749 ,           0.000429 ,             0.000278 , 0.062457 ,                 0.000215
         0 ,    0.223729 ,       0 ,0.223729 ,  63.8701  ,                            0.067566 ,           0.000577 ,             0.000423 , 0.154917 ,                 0.000246
         0 ,    0.234285 ,       0 ,0.234285 ,  39.2132  ,                            0.048679 ,           0.000454 ,             0.000289 , 0.184254 ,                 0.000609
         0 ,    0.391178 ,       0 ,0.391178 ,  60.1127  ,                            0.054693 ,           0.000586 ,             0.000589 , 0.334927 ,                 0.000383
         0 ,    0.125279 ,       0 ,0.125279 ,  37.7279  ,                            0.061478 ,           0.000359 ,             0.000441 , 0.062756 ,                 0.000245
         0 ,    0.052847 ,       0 ,0.052847 ,   6.65685 ,                            0.02109  ,           0.000214 ,             0.000238 , 0.031101 ,                 0.000204
         0 ,    0.235242 ,       0 ,0.235242 ,  51.9706  ,                            0.059224 ,           0.000443 ,             0.000274 , 0.174915 ,                 0.000386
         0 ,    0.11854  ,       0 ,0.11854  ,  56.0711  ,                            0.055861 ,           0.000356 ,             0.000267 , 0.061749 ,                 0.000307
         0 ,    0.405436 ,       0 ,0.405436 ,  89.2843  ,                            0.096097 ,           0.000539 ,             0.00053  , 0.307331 ,                 0.000939
         0 ,    0.129527 ,       0 ,0.129527 ,  47.2132  ,                            0.053555 ,           0.000448 ,             0.000481 , 0.074784 ,                 0.000259
         0 ,    0.152035 ,       0 ,0.152035 ,  33.5563  ,                            0.053302 ,           0.000537 ,             0.000337 , 0.097621 ,                 0.000238
         0 ,    0.150417 ,       0 ,0.150417 ,  63.3553  ,                            0.06114  ,           0.00048  ,             0.00027  , 0.088272 ,                 0.000255
         0 ,    0.145313 ,       0 ,0.145313 ,  33.7279  ,                            0.065785 ,           0.000416 ,             0.000492 , 0.078263 ,                 0.000357
         0 ,    0.106634 ,       0 ,0.106634 ,  29.5563  ,                            0.04992  ,           0.000291 ,             0.00025  , 0.055936 ,                 0.000237
         0 ,    0.081787 ,       0 ,0.081787 ,  38.7279  ,                            0.035738 ,           0.000321 ,             0.000303 , 0.045212 ,                 0.000213
         0 ,    0.138294 ,       0 ,0.138294 ,  39.6274  ,                            0.055776 ,           0.000438 ,             0.000293 , 0.081535 ,                 0.000252
         0 ,    0.105459 ,       0 ,0.105459 ,  32.3137  ,                            0.047077 ,           0.000335 ,             0.000238 , 0.057592 ,                 0.000217
         0 ,    0.091759 ,       0 ,0.091759 ,  31.9706  ,                            0.038049 ,           0.000295 ,             0.000241 , 0.052955 ,                 0.000219
         0 ,    0.18675  ,       0 ,0.18675  ,  45.799   ,                            0.046331 ,           0.000378 ,             0.000266 , 0.139214 ,                 0.000561
         0 ,    0.153613 ,       0 ,0.153613 ,  44.2843  ,                            0.049305 ,           0.000526 ,             0.000303 , 0.103223 ,                 0.000256
         0 ,    0.224985 ,       0 ,0.224985 ,  78.0833  ,                            0.081758 ,           0.0005   ,             0.000311 , 0.14199  ,                 0.000426
         0 ,    0.15056  ,       0 ,0.15056  ,  59.3848  ,                            0.063663 ,           0.000493 ,             0.000306 , 0.085853 ,                 0.000245
         0 ,    0.557867 ,       0 ,0.557867 ,  71.3553  ,                            0.070972 ,           0.000614 ,             0.000487 , 0.484732 ,                 0.001062
         0 ,    0.563624 ,       0 ,0.563624 ,  86.4264  ,                            0.063485 ,           0.000867 ,             0.000912 , 0.497954 ,                 0.000406
         0 ,    0.116139 ,       0 ,0.116139 ,  37.5563  ,                            0.047683 ,           0.000321 ,             0.000302 , 0.06747  ,                 0.000363
         0 ,    0.257192 ,       0 ,0.257192 ,  65.3848  ,                            0.069694 ,           0.000421 ,             0.000345 , 0.186345 ,                 0.000387
         0 ,    0.687789 ,       0 ,0.687789 ,  69.3553  ,                            0.081042 ,           0.000834 ,             0.000732 , 0.604693 ,                 0.000488
         0 ,    0.350757 ,       0 ,0.350757 ,  49.3848  ,                            0.064239 ,           0.000536 ,             0.000398 , 0.28521  ,                 0.000374
         0 ,    0.155891 ,       0 ,0.155891 ,  48.0416  ,                            0.059728 ,           0.000476 ,             0.000343 , 0.095103 ,                 0.000241
         0 ,    0.317265 ,       0 ,0.317265 ,  82.669   ,                            0.085368 ,           0.000787 ,             0.000564 , 0.230224 ,                 0.000322
         0 ,    0.115787 ,       0 ,0.115787 ,  35.9706  ,                            0.058323 ,           0.000369 ,             0.000504 , 0.056372 ,                 0.000219
         0 ,    0.16093  ,       0 ,0.16093  ,  48.8701  ,                            0.060002 ,           0.000468 ,             0.000347 , 0.099875 ,                 0.000238
         0 ,    1.76126  ,       0 ,1.76126  , 106.569   ,                            0.098522 ,           0.000736 ,             0.000476 , 1.66098  ,                 0.000549
         0 ,    1.62604  ,       0 ,1.62604  ,  77.1838  ,                            0.069133 ,           0.000721 ,             0.000549 , 1.55493  ,                 0.000706
         0 ,    0.144662 ,       0 ,0.144662 ,  51.5269  ,                            0.051994 ,           0.000468 ,             0.000305 , 0.091614 ,                 0.000281
         0 ,    0.317428 ,       0 ,0.317428 ,  71.0416  ,                            0.087124 ,           0.000577 ,             0.000391 , 0.228769 ,                 0.000567
         0 ,    0.282012 ,       0 ,0.282012 ,  64.6274  ,                            0.059132 ,           0.000531 ,             0.000435 , 0.221553 ,                 0.000361
         0 ,    0.183189 ,       0 ,0.183189 ,  42.799   ,                            0.051942 ,           0.000469 ,             0.000272 , 0.130129 ,                 0.000377
         0 ,    0.441951 ,       0 ,0.441951 ,  77.4975  ,                            0.066634 ,           0.000725 ,             0.000531 , 0.373717 ,                 0.000344
         0 ,    0.230919 ,       0 ,0.230919 ,  72.669   ,                            0.075985 ,           0.000729 ,             0.000545 , 0.153415 ,                 0.000245
         0 ,    0.156608 ,       0 ,0.156608 ,  49.4558  ,                            0.049299 ,           0.000639 ,             0.000459 , 0.105908 ,                 0.000303
         0 ,    0.204077 ,       0 ,0.204077 ,  45.0416  ,                            0.056001 ,           0.000868 ,             0.0016   , 0.145269 ,                 0.000339
         0 ,    0.332536 ,       0 ,0.332536 ,  67.6985  ,                            0.089605 ,           0.000595 ,             0.00054  , 0.241272 ,                 0.000524
         0 ,    0.123372 ,       0 ,0.123372 ,  40.9706  ,                            0.047555 ,           0.000427 ,             0.000427 , 0.074696 ,                 0.000267
         0 ,    0.352627 ,       0 ,0.352627 ,  54.0416  ,                            0.056023 ,           0.000562 ,             0.000473 , 0.295226 ,                 0.000343
         0 ,    0.153785 ,       0 ,0.153785 ,  44.9706  ,                            0.052791 ,           0.000345 ,             0.000269 , 0.100009 ,                 0.000371
         0 ,    0.450925 ,       0 ,0.450925 ,  74.1127  ,                            0.071496 ,           0.000652 ,             0.000472 , 0.377783 ,                 0.000522
         0 ,    0.096089 ,       0 ,0.096089 ,  29.5563  ,                            0.041992 ,           0.000335 ,             0.000261 , 0.053274 ,                 0.000227
         0 ,    0.105597 ,       0 ,0.105597 ,  27.5563  ,                            0.041444 ,           0.000361 ,             0.000275 , 0.063298 ,                 0.000219
         0 ,    2.87547  ,       0 ,2.87547  , 101.326   ,                            0.075371 ,           0.000801 ,             0.000461 , 2.79707  ,                 0.00176
         0 ,    0.102772 ,       0 ,0.102772 ,  34.3137  ,                            0.046514 ,           0.000666 ,             0.00068  , 0.054649 ,                 0.000263
         0 ,    0.369516 ,       0 ,0.369516 ,  78.7696  ,                            0.065469 ,           0.000506 ,             0.00037  , 0.302627 ,                 0.000544
         0 ,    0.187461 ,       0 ,0.187461 ,  54.1127  ,                            0.07125  ,           0.000519 ,             0.000473 , 0.114963 ,                 0.000256
         0 ,    0.337693 ,       0 ,0.337693 ,  53.6985  ,                            0.059017 ,           0.000421 ,             0.000384 , 0.277447 ,                 0.000424
         0 ,    2.82422  ,       0 ,2.82422  , 113.468   ,                            0.094311 ,           0.000971 ,             0.000827 , 2.7273   ,                 0.000809
         0 ,    0.149735 ,       0 ,0.149735 ,  50.9411  ,                            0.063551 ,           0.000463 ,             0.000282 , 0.085179 ,                 0.00026
         0 ,    0.248459 ,       0 ,0.248459 ,  72.9411  ,                            0.070395 ,           0.000598 ,             0.000556 , 0.176717 ,                 0.000193
         0 ,    1.14683  ,       0 ,1.14683  , 112.368   ,                            0.082091 ,           0.000828 ,             0.000482 , 1.06273  ,                 0.000698
         0 ,    0.159773 ,       0 ,0.159773 ,  53.5563  ,                            0.068078 ,           0.000458 ,             0.000563 , 0.090436 ,                 0.000238
         0 ,    1.01611  ,       0 ,1.01611  ,  98.4264  ,                            0.117525 ,           0.000783 ,             0.000765 , 0.896462 ,                 0.000572
         0 ,    0.194504 ,       0 ,0.194504 ,  38.9706  ,                            0.073573 ,           0.000689 ,             0.000639 , 0.119217 ,                 0.000386
         0 ,    0.138201 ,       0 ,0.138201 ,  44.6985  ,                            0.057417 ,           0.00049  ,             0.000397 , 0.079646 ,                 0.000251
         0 ,    0.121377 ,       0 ,0.121377 ,  34.7279  ,                            0.061633 ,           0.000361 ,             0.000321 , 0.058774 ,                 0.000288
         0 ,    0.172827 ,       0 ,0.172827 ,  45.3848  ,                            0.057081 ,           0.000359 ,             0.000306 , 0.114628 ,                 0.000453
         0 ,    0.188199 ,       0 ,0.188199 ,  75.5269  ,                            0.060458 ,           0.000424 ,             0.000261 , 0.126702 ,                 0.000354
         0 ,    2.16077  ,       0 ,2.16077  ,  93.4264  ,                            0.108254 ,           0.000908 ,             0.000783 , 2.05024  ,                 0.000585
         0 ,    0.229834 ,       0 ,0.229834 ,  84.8701  ,                            0.083539 ,           0.000565 ,             0.000501 , 0.145023 ,                 0.000206
         0 ,    0.192552 ,       0 ,0.192552 ,  38.3848  ,                            0.042454 ,           0.000426 ,             0.000314 , 0.149055 ,                 0.000303
         0 ,    0.126382 ,       0 ,0.126382 ,  51.799   ,                            0.053046 ,           0.000381 ,             0.000263 , 0.072468 ,                 0.000224
         0 ,    0.412932 ,       0 ,0.412932 ,  70.598   ,                            0.053848 ,           0.000565 ,             0.000301 , 0.357802 ,                 0.000416
         0 ,    0.108189 ,       0 ,0.108189 ,  41.6274  ,                            0.042338 ,           0.000356 ,             0.00025  , 0.065013 ,                 0.000232
         0 ,    0.104699 ,       0 ,0.104699 ,  31.3137  ,                            0.046122 ,           0.000326 ,             0.00025  , 0.057773 ,                 0.000228
         0 ,    1.4521   ,       0 ,1.4521   ,  79.7696  ,                            0.084278 ,           0.000907 ,             0.000583 , 1.36579  ,                 0.000546
         0 ,    0.700693 ,       0 ,0.700693 ,  90.3259  ,                            0.080449 ,           0.000644 ,             0.000517 , 0.61855  ,                 0.000533
         0 ,    0.26907  ,       0 ,0.26907  ,  49.799   ,                            0.06217  ,           0.000701 ,             0.000817 , 0.204119 ,                 0.001263
         0 ,    0.145026 ,       0 ,0.145026 ,  42.6274  ,                            0.056415 ,           0.000727 ,             0.001071 , 0.08645  ,                 0.000363
         0 ,    0.366405 ,       0 ,0.366405 ,  48.0416  ,                            0.058716 ,           0.000503 ,             0.000372 , 0.306238 ,                 0.000576
         0 ,    0.140378 ,       0 ,0.140378 ,  35.799   ,                            0.055546 ,           0.000416 ,             0.000314 , 0.083812 ,                 0.00029
         0 ,    0.302648 ,       0 ,0.302648 ,  55.1127  ,                            0.059826 ,           0.000458 ,             0.000293 , 0.241712 ,                 0.000359
         0 ,    0.205295 ,       0 ,0.205295 ,  46.3848  ,                            0.052537 ,           0.000443 ,             0.00029  , 0.151609 ,                 0.000416
         0 ,    0.436543 ,       0 ,0.436543 ,  70.669   ,                            0.064922 ,           0.000623 ,             0.000428 , 0.370136 ,                 0.000434
         0 ,    0.397223 ,       0 ,0.397223 ,  67.0416  ,                            0.081874 ,           0.000575 ,             0.000346 , 0.313924 ,                 0.000504
         0 ,    0.758815 ,       0 ,0.758815 ,  66.7696  ,                            0.058466 ,           0.000629 ,             0.000556 , 0.698699 ,                 0.000465
         0 ,    0.119187 ,       0 ,0.119187 ,  55.799   ,                            0.046352 ,           0.000444 ,             0.000286 , 0.071869 ,                 0.000236
         0 ,    0.64209  ,       0 ,0.64209  ,  78.7696  ,                            0.076168 ,           0.00053  ,             0.000466 , 0.564409 ,                 0.000517
         0 ,    0.427407 ,       0 ,0.427407 ,  72.598   ,                            0.081928 ,           0.000503 ,             0.000321 , 0.344276 ,                 0.000379
         0 ,    0.656933 ,       0 ,0.656933 ,  78.8701  ,                            0.075404 ,           0.000674 ,             0.000404 , 0.580083 ,                 0.000368
         0 ,    0.112517 ,       0 ,0.112517 ,  28.7279  ,                            0.046144 ,           0.000396 ,             0.000333 , 0.065332 ,                 0.000312
         0 ,    0.226624 ,       0 ,0.226624 ,  52.2132  ,                            0.076154 ,           0.001105 ,             0.000944 , 0.148136 ,                 0.000285
         0 ,    0.146888 ,       0 ,0.146888 ,  60.1421  ,                            0.072396 ,           0.000371 ,             0.000421 , 0.073442 ,                 0.000258
         0 ,    0.099146 ,       0 ,0.099146 ,  32.3137  ,                            0.039    ,           0.000352 ,             0.000314 , 0.059251 ,                 0.000229
         0 ,    0.156303 ,       0 ,0.156303 ,  44.2132  ,                            0.053988 ,           0.000441 ,             0.000402 , 0.101238 ,                 0.000234
         0 ,    0.439799 ,       0 ,0.439799 ,  60.5269  ,                            0.074348 ,           0.000626 ,             0.000525 , 0.363784 ,                 0.000516
         0 ,    0.207906 ,       0 ,0.207906 ,  65.2843  ,                            0.063393 ,           0.000502 ,             0.000351 , 0.143275 ,                 0.000385
         0 ,    1.12909  ,       0 ,1.12909  , 103.054   ,                            0.105606 ,           0.000962 ,             0.000854 , 1.02092  ,                 0.000745
         0 ,    0.907821 ,       0 ,0.907821 ,  62.5269  ,                            0.074929 ,           0.000774 ,             0.000512 , 0.831218 ,                 0.000388
         0 ,    0.496167 ,       0 ,0.496167 ,  76.7696  ,                            0.070847 ,           0.000571 ,             0.000387 , 0.423979 ,                 0.000383
         0 ,    0.92823  ,       0 ,0.92823  , 106.225   ,                            0.080178 ,           0.000753 ,             0.000606 , 0.846158 ,                 0.000535
         0 ,    0.141222 ,       0 ,0.141222 ,  36.7279  ,                            0.04455  ,           0.00078  ,             0.000981 , 0.094607 ,                 0.000304
         0 ,    0.222775 ,       0 ,0.222775 ,  51.799   ,                            0.051329 ,           0.000609 ,             0.000474 , 0.169953 ,                 0.00041
         0 ,    0.129975 ,       0 ,0.129975 ,  46.1421  ,                            0.049631 ,           0.000433 ,             0.000291 , 0.07943  ,                 0.00019
         0 ,    1.03096  ,       0 ,1.03096  ,  79.0833  ,                            0.070995 ,           0.000758 ,             0.000469 , 0.957899 ,                 0.000843
         0 ,    0.920114 ,       0 ,0.920114 , 105.74    ,                            0.100265 ,           0.001002 ,             0.000734 , 0.817567 ,                 0.000546
         0 ,    0.187626 ,       0 ,0.187626 ,  54.2843  ,                            0.050759 ,           0.00053  ,             0.000397 , 0.135716 ,                 0.000224
         0 ,    0.102061 ,       0 ,0.102061 ,  33.1421  ,                            0.043322 ,           0.000316 ,             0.000242 , 0.05792  ,                 0.000261
         0 ,    0.486564 ,       0 ,0.486564 ,  78.7696  ,                            0.064353 ,           0.000614 ,             0.000441 , 0.420633 ,                 0.000523
         0 ,    0.877253 ,       0 ,0.877253 ,  97.3553  ,                            0.085446 ,           0.000643 ,             0.000436 , 0.789781 ,                 0.000947
         0 ,    0.195433 ,       0 ,0.195433 ,  49.6274  ,                            0.068577 ,           0.000781 ,             0.000601 , 0.125012 ,                 0.000462
         0 ,    0.363879 ,       0 ,0.363879 ,  66.598   ,                            0.062797 ,           0.000567 ,             0.00034  , 0.299856 ,                 0.000319
         0 ,    0.108972 ,       0 ,0.108972 ,  37.9706  ,                            0.040069 ,           0.000358 ,             0.000338 , 0.067956 ,                 0.000251
         0 ,    0.380024 ,       0 ,0.380024 ,  73.7696  ,                            0.073661 ,           0.000509 ,             0.000296 , 0.30503  ,                 0.000528
         0 ,    0.210035 ,       0 ,0.210035 ,  52.0416  ,                            0.058422 ,           0.000564 ,             0.000367 , 0.150299 ,                 0.000383
         0 ,    0.293895 ,       0 ,0.293895 ,  70.0122  ,                            0.0738   ,           0.000882 ,             0.000935 , 0.217949 ,                 0.000329
         0 ,    0.695432 ,       0 ,0.695432 ,  69.4264  ,                            0.057112 ,           0.000644 ,             0.000471 , 0.636709 ,                 0.000496
         0 ,    0.175013 ,       0 ,0.175013 ,  75.9706  ,                            0.076634 ,           0.000551 ,             0.000476 , 0.097049 ,                 0.000303
         0 ,    0.106504 ,       0 ,0.106504 ,  36.9706  ,                            0.045885 ,           0.000345 ,             0.000262 , 0.059744 ,                 0.000268
         0 ,    0.305901 ,       0 ,0.305901 ,  52.8701  ,                            0.079433 ,           0.000721 ,             0.000607 , 0.22462  ,                 0.00052
         0 ,    0.721275 ,       0 ,0.721275 ,  93.7401  ,                            0.102314 ,           0.000827 ,             0.000565 , 0.61698  ,                 0.000589
         0 ,    0.730631 ,       0 ,0.730631 ,  69.1127  ,                            0.058767 ,           0.000635 ,             0.000468 , 0.670263 ,                 0.000498
         0 ,    1.08527  ,       0 ,1.08527  ,  90.669   ,                            0.079405 ,           0.000694 ,             0.000446 , 1.00408  ,                 0.00065
         0 ,    0.27281  ,       0 ,0.27281  ,  67.1127  ,                            0.066304 ,           0.000495 ,             0.000506 , 0.2052   ,                 0.000305
         0 ,    0.854797 ,       0 ,0.854797 ,  80.7696  ,                            0.076294 ,           0.000672 ,             0.000484 , 0.776796 ,                 0.000551
         0 ,    0.614402 ,       0 ,0.614402 ,  75.598   ,                            0.067097 ,           0.000615 ,             0.000402 , 0.545794 ,                 0.000494
         0 ,    0.196611 ,       0 ,0.196611 ,  50.5269  ,                            0.075259 ,           0.000832 ,             0.001607 , 0.118355 ,                 0.000558
         0 ,    0.241489 ,       0 ,0.241489 ,  69.5563  ,                            0.100889 ,           0.000978 ,             0.001347 , 0.137709 ,                 0.000566
         0 ,    0.263784 ,       0 ,0.263784 ,  41.799   ,                            0.058855 ,           0.001264 ,             0.000895 , 0.201925 ,                 0.000845
         0 ,    0.26072  ,       0 ,0.26072  ,  43.4558  ,                            0.062015 ,           0.000601 ,             0.000571 , 0.197011 ,                 0.000522
         0 ,    0.198926 ,       0 ,0.198926 ,  51.6985  ,                            0.065729 ,           0.000533 ,             0.000379 , 0.131879 ,                 0.000406
         0 ,    1.60652  ,       0 ,1.60652  ,  89.397   ,                            0.113739 ,           0.000898 ,             0.001133 , 1.49031  ,                 0.000439
         0 ,    0.413923 ,       0 ,0.413923 ,  90.7401  ,                            0.103902 ,           0.00107  ,             0.002165 , 0.306125 ,                 0.000661
         0 ,    0.389914 ,       0 ,0.389914 ,  82.0122  ,                            0.100025 ,           0.001232 ,             0.001706 , 0.285962 ,                 0.000989
         0 ,    0.711814 ,       0 ,0.711814 ,  85.1543  ,                            0.094094 ,           0.000619 ,             0.000552 , 0.616009 ,                 0.00054
         0 ,    0.102745 ,       0 ,0.102745 ,  28.8995  ,                            0.055904 ,           0.00024  ,             0.000669 , 0.045552 ,                 0.00038
         0 ,    0.360189 ,       0 ,0.360189 ,  57.9706  ,                            0.080973 ,           0.000566 ,             0.000377 , 0.277661 ,                 0.000612
         0 ,    0.35005  ,       0 ,0.35005  ,  49.2132  ,                            0.080965 ,           0.001443 ,             0.001141 , 0.265697 ,                 0.000804
         0 ,    0.740153 ,       0 ,0.740153 , 109.882   ,                            0.111801 ,           0.000806 ,             0.000658 , 0.626308 ,                 0.00058
         0 ,    0.174709 ,       0 ,0.174709 ,  39.9706  ,                            0.077545 ,           0.000705 ,             0.000638 , 0.095389 ,                 0.000432
         0 ,    0.42859  ,       0 ,0.42859  ,  48.9706  ,                            0.144331 ,           0.001662 ,             0.00215  , 0.278907 ,                 0.00154
         0 ,    0.315888 ,       0 ,0.315888 ,  68.2843  ,                            0.085204 ,           0.001418 ,             0.003216 , 0.225066 ,                 0.000984
         0 ,    0.233409 ,       0 ,0.233409 ,  54.2843  ,                            0.073166 ,           0.000644 ,             0.000669 , 0.158542 ,                 0.000388
         0 ,    0.188496 ,       0 ,0.188496 ,  52.9706  ,                            0.081114 ,           0.000973 ,             0.001166 , 0.104838 ,                 0.000405
         0 ,    0.633636 ,       0 ,0.633636 ,  65.3553  ,                            0.062272 ,           0.001021 ,             0.001505 , 0.567966 ,                 0.000872
         0 ,    2.158    ,       0 ,2.158    , 116.669   ,                            0.101269 ,           0.00092  ,             0.0009   , 2.0541   ,                 0.000804
         0 ,    0.145372 ,       0 ,0.145372 ,  41.3137  ,                            0.061396 ,           0.00052  ,             0.000381 , 0.082834 ,                 0.000241
         0 ,    0.236446 ,       0 ,0.236446 ,  65.1421  ,                            0.071157 ,           0.000527 ,             0.000333 , 0.164054 ,                 0.000375
         0 ,    0.564773 ,       0 ,0.564773 ,  62.2843  ,                            0.079016 ,           0.000789 ,             0.000653 , 0.483605 ,                 0.00071
         0 ,    0.312996 ,       0 ,0.312996 ,  62.7696  ,                            0.058662 ,           0.000757 ,             0.0007   , 0.252527 ,                 0.00035
         0 ,    0.148551 ,       0 ,0.148551 ,  67.799   ,                            0.065092 ,           0.000581 ,             0.000466 , 0.082143 ,                 0.000269
         0 ,    0.418051 ,       0 ,0.418051 ,  82.8701  ,                            0.070442 ,           0.000523 ,             0.00044  , 0.346086 ,                 0.00056
         0 ,    0.578441 ,       0 ,0.578441 , 105.941   ,                            0.097524 ,           0.00057  ,             0.000481 , 0.479419 ,                 0.000447
         0 ,    0.939306 ,       0 ,0.939306 ,  89.2843  ,                            0.085346 ,           0.000564 ,             0.000461 , 0.852493 ,                 0.000442
         0 ,    0.198411 ,       0 ,0.198411 ,  63.2132  ,                            0.059294 ,           0.000478 ,             0.000302 , 0.138007 ,                 0.00033
         0 ,    0.121245 ,       0 ,0.121245 ,  43.9706  ,                            0.050315 ,           0.000389 ,             0.000448 , 0.069816 ,                 0.000277
         0 ,    2.84842  ,       0 ,2.84842  , 101.74    ,                            0.109849 ,           0.001037 ,             0.000607 , 2.73594  ,                 0.00099
         0 ,    0.134888 ,       0 ,0.134888 ,  40.5563  ,                            0.053243 ,           0.000481 ,             0.000302 , 0.080581 ,                 0.000281
         0 ,    0.250641 ,       0 ,0.250641 ,  56.2132  ,                            0.050551 ,           0.000617 ,             0.000537 , 0.198372 ,                 0.000564
         0 ,    0.104682 ,       0 ,0.104682 ,  36.1421  ,                            0.040099 ,           0.000423 ,             0.000338 , 0.063568 ,                 0.000254
         0 ,    0.164402 ,       0 ,0.164402 ,  78.0416  ,                            0.066554 ,           0.000544 ,             0.000425 , 0.096664 ,                 0.000215
         0 ,    0.11391  ,       0 ,0.11391  ,  35.799   ,                            0.054729 ,           0.000389 ,             0.000288 , 0.0582   ,                 0.000304
         0 ,    0.13723  ,       0 ,0.13723  ,  50.8701  ,                            0.047962 ,           0.000504 ,             0.00037  , 0.088188 ,                 0.000206
         0 ,    0.104968 ,       0 ,0.104968 ,  44.6274  ,                            0.051101 ,           0.000434 ,             0.000297 , 0.052906 ,                 0.00023
         0 ,    0.65505  ,       0 ,0.65505  ,  56.1127  ,                            0.067687 ,           0.000616 ,             0.000493 , 0.585711 ,                 0.000543
         0 ,    0.159339 ,       0 ,0.159339 ,  64.7696  ,                            0.056552 ,           0.000445 ,             0.000285 , 0.101733 ,                 0.000324
         0 ,    0.157766 ,       0 ,0.157766 ,  49.2843  ,                            0.047313 ,           0.000449 ,             0.000322 , 0.109404 ,                 0.000278
         0 ,    0.114996 ,       0 ,0.114996 ,  48.6985  ,                            0.039271 ,           0.000472 ,             0.000281 , 0.074711 ,                 0.000261
         0 ,    0.923768 ,       0 ,0.923768 ,  73.8406  ,                            0.057187 ,           0.000776 ,             0.00058  , 0.864649 ,                 0.000576
         0 ,    0.291674 ,       0 ,0.291674 ,  61.8701  ,                            0.063712 ,           0.000543 ,             0.000434 , 0.226596 ,                 0.000389
         0 ,    0.140997 ,       0 ,0.140997 ,  35.5563  ,                            0.069243 ,           0.000455 ,             0.000434 , 0.070586 ,                 0.000279
         0 ,    0.361122 ,       0 ,0.361122 ,  59.9411  ,                            0.073844 ,           0.000665 ,             0.000364 , 0.285834 ,                 0.000415
         0 ,    0.854748 ,       0 ,0.854748 ,  99.5685  ,                            0.103641 ,           0.000782 ,             0.000471 , 0.749125 ,                 0.000729
         0 ,    0.432078 ,       0 ,0.432078 ,  65.598   ,                            0.077653 ,           0.000687 ,             0.000569 , 0.352664 ,                 0.000505
         0 ,    0.184492 ,       0 ,0.184492 ,  61.3553  ,                            0.061218 ,           0.000559 ,             0.000533 , 0.121837 ,                 0.000345
         0 ,    1.06919  ,       0 ,1.06919  ,  82.1838  ,                            0.09344  ,           0.000781 ,             0.000516 , 0.973585 ,                 0.000869
         0 ,    0.129677 ,       0 ,0.129677 ,  44.4853  ,                            0.063207 ,           0.000826 ,             0.000472 , 0.064715 ,                 0.000457
         0 ,    0.510054 ,       0 ,0.510054 ,  64.8701  ,                            0.07551  ,           0.000887 ,             0.000605 , 0.432361 ,                 0.000691
         0 ,    0.334648 ,       0 ,0.334648 ,  52.6985  ,                            0.064948 ,           0.000844 ,             0.00109  , 0.267275 ,                 0.000491
         0 ,    0.220203 ,       0 ,0.220203 ,  48.6985  ,                            0.066183 ,           0.000615 ,             0.000374 , 0.152444 ,                 0.000587
         0 ,    0.85647  ,       0 ,0.85647  ,  89.1543  ,                            0.094006 ,           0.000848 ,             0.000559 , 0.760293 ,                 0.000764
         0 ,    2.67506  ,       0 ,2.67506  ,  98.9828  ,                            0.085411 ,           0.000821 ,             0.000552 , 2.58725  ,                 0.00102
         0 ,    0.298271 ,       0 ,0.298271 ,  42.3848  ,                            0.082418 ,           0.000742 ,             0.000579 , 0.213965 ,                 0.000567
         0 ,    0.51738  ,       0 ,0.51738  ,  98.7401  ,                            0.094114 ,           0.000571 ,             0.000418 , 0.421729 ,                 0.000548
         0 ,    0.681289 ,       0 ,0.681289 ,  64.5269  ,                            0.079141 ,           0.000878 ,             0.000778 , 0.59988  ,                 0.000612
         0 ,    2.23731  ,       0 ,2.23731  ,  98.0833  ,                            0.10852  ,           0.001197 ,             0.000712 , 2.12589  ,                 0.000987
         0 ,    0.289139 ,       0 ,0.289139 ,  56.1127  ,                            0.065795 ,           0.001019 ,             0.002816 , 0.219265 ,                 0.000244
         0 ,    0.106309 ,       0 ,0.106309 ,  38.1421  ,                            0.045232 ,           0.000389 ,             0.000259 , 0.060154 ,                 0.000275
         0 ,    0.170005 ,       0 ,0.170005 ,  51.1127  ,                            0.070247 ,           0.000611 ,             0.000362 , 0.098547 ,                 0.000238
         0 ,    2.07842  ,       0 ,2.07842  ,  98.2548  ,                            0.136831 ,           0.000935 ,             0.001079 , 1.93778  ,                 0.001795
         0 ,    0.10314  ,       0 ,0.10314  ,  22.3137  ,                            0.04996  ,           0.000365 ,             0.000667 , 0.051822 ,                 0.000326
         0 ,    0.744469 ,       0 ,0.744469 ,  59.6985  ,                            0.070379 ,           0.000672 ,             0.00062  , 0.672165 ,                 0.000633
         0 ,    0.368057 ,       0 ,0.368057 ,  85.9828  ,                            0.06707  ,           0.000695 ,             0.000559 , 0.299309 ,                 0.000424
         0 ,    0.098678 ,       0 ,0.098678 ,  42.7279  ,                            0.055098 ,           0.000282 ,             0.000372 , 0.042725 ,                 0.000201
         0 ,    0.136356 ,       0 ,0.136356 ,  69.9706  ,                            0.066437 ,           0.000459 ,             0.000275 , 0.068966 ,                 0.000219
         0 ,    0.305442 ,       0 ,0.305442 ,  73.0416  ,                            0.070436 ,           0.000488 ,             0.000287 , 0.233724 ,                 0.000507
         0 ,    0.13192  ,       0 ,0.13192  ,  49.6274  ,                            0.056553 ,           0.000401 ,             0.000276 , 0.0745   ,                 0.00019
         0 ,    0.117406 ,       0 ,0.117406 ,  35.3848  ,                            0.042968 ,           0.000375 ,             0.00028  , 0.073493 ,                 0.00029
         0 ,    0.120473 ,       0 ,0.120473 ,  37.799   ,                            0.046442 ,           0.00059  ,             0.000506 , 0.072692 ,                 0.000243
         0 ,    0.390436 ,       0 ,0.390436 ,  88.3553  ,                            0.079501 ,           0.000653 ,             0.000618 , 0.30917  ,                 0.000494
         0 ,    0.467575 ,       0 ,0.467575 ,  47.2132  ,                            0.044033 ,           0.00053  ,             0.000493 , 0.421971 ,                 0.000548
         0 ,    0.392805 ,       0 ,0.392805 ,  65.3553  ,                            0.0634   ,           0.000606 ,             0.000454 , 0.327864 ,                 0.000481
         0 ,    0.315366 ,       0 ,0.315366 ,  65.1127  ,                            0.066962 ,           0.000534 ,             0.000462 , 0.247107 ,                 0.000301
         0 ,    0.146474 ,       0 ,0.146474 ,  53.5563  ,                            0.067246 ,           0.000516 ,             0.000344 , 0.078171 ,                 0.000197
         0 ,    0.132902 ,       0 ,0.132902 ,  42.5563  ,                            0.058843 ,           0.000419 ,             0.000398 , 0.073003 ,                 0.000239
         0 ,    0.542362 ,       0 ,0.542362 ,  59.0122  ,                            0.062773 ,           0.000631 ,             0.000505 , 0.477892 ,                 0.000561
         0 ,    0.265932 ,       0 ,0.265932 ,  65.2843  ,                            0.067266 ,           0.000549 ,             0.000313 , 0.197253 ,                 0.000551
         0 ,    0.354615 ,       0 ,0.354615 ,  61.9411  ,                            0.068003 ,           0.000508 ,             0.000534 , 0.28522  ,                 0.00035
         0 ,    0.155353 ,       0 ,0.155353 ,  69.799   ,                            0.068003 ,           0.000506 ,             0.000288 , 0.086344 ,                 0.000212
         0 ,    1.06237  ,       0 ,1.06237  ,  84.4975  ,                            0.084901 ,           0.00079  ,             0.000629 , 0.975393 ,                 0.000661
         0 ,    1.40523  ,       0 ,1.40523  ,  88.9117  ,                            0.076536 ,           0.000757 ,             0.000533 , 1.32649  ,                 0.000914
         0 ,    0.278468 ,       0 ,0.278468 ,  41.3848  ,                            0.043366 ,           0.000495 ,             0.000329 , 0.23398  ,                 0.000298
         0 ,    0.863155 ,       0 ,0.863155 ,  79.7401  ,                            0.069005 ,           0.000674 ,             0.000502 , 0.792355 ,                 0.000619
         0 ,    0.213006 ,       0 ,0.213006 ,  53.3848  ,                            0.057839 ,           0.000446 ,             0.000357 , 0.153962 ,                 0.000402
         0 ,    0.247169 ,       0 ,0.247169 ,  54.1127  ,                            0.087584 ,           0.000635 ,             0.000678 , 0.157804 ,                 0.000468
         0 ,    0.322555 ,       0 ,0.322555 ,  72.2132  ,                            0.07362  ,           0.000526 ,             0.000347 , 0.247639 ,                 0.000423
         0 ,    0.381306 ,       0 ,0.381306 ,  77.4975  ,                            0.073976 ,           0.000534 ,             0.000331 , 0.306057 ,                 0.000408
         0 ,    0.12184  ,       0 ,0.12184  ,  37.3848  ,                            0.049344 ,           0.000384 ,             0.000292 , 0.071583 ,                 0.000237
         0 ,    0.093848 ,       0 ,0.093848 ,  32.799   ,                            0.044522 ,           0.000337 ,             0.000244 , 0.048491 ,                 0.000254
         0 ,    0.253594 ,       0 ,0.253594 ,  48.6985  ,                            0.054841 ,           0.00053  ,             0.000265 , 0.197641 ,                 0.000317
         0 ,    0.247795 ,       0 ,0.247795 ,  78.3553  ,                            0.059371 ,           0.000638 ,             0.000461 , 0.187099 ,                 0.000226
         0 ,    0.127739 ,       0 ,0.127739 ,  52.3848  ,                            0.063007 ,           0.000314 ,             0.000235 , 0.063792 ,                 0.000391
         0 ,    0.135392 ,       0 ,0.135392 ,  48.5563  ,                            0.056324 ,           0.00039  ,             0.000275 , 0.078183 ,                 0.00022
         0 ,    0.727234 ,       0 ,0.727234 ,  78.598   ,                            0.071931 ,           0.000688 ,             0.000404 , 0.653748 ,                 0.000463
         0 ,    0.133399 ,       0 ,0.133399 ,  50.9706  ,                            0.062815 ,           0.000481 ,             0.00035  , 0.069542 ,                 0.000211
         0 ,    0.102023 ,       0 ,0.102023 ,  35.5563  ,                            0.047946 ,           0.000345 ,             0.000287 , 0.053245 ,                 0.0002
         0 ,    2.30036  ,       0 ,2.30036  , 119.054   ,                            0.10444  ,           0.000813 ,             0.000479 , 2.19336  ,                 0.001263
         0 ,    0.204788 ,       0 ,0.204788 ,  38.1421  ,                            0.06331  ,           0.000519 ,             0.000512 , 0.140093 ,                 0.000354
         0 ,    0.244398 ,       0 ,0.244398 ,  77.598   ,                            0.070106 ,           0.00057  ,             0.000512 , 0.172983 ,                 0.000227
         0 ,    0.70056  ,       0 ,0.70056  ,  63.6985  ,                            0.056096 ,           0.000594 ,             0.00052  , 0.642825 ,                 0.000525
         0 ,    0.255391 ,       0 ,0.255391 ,  78.1838  ,                            0.084953 ,           0.000788 ,             0.000598 , 0.168845 ,                 0.000207
         0 ,    0.107506 ,       0 ,0.107506 ,  48.1421  ,                            0.057019 ,           0.000357 ,             0.000356 , 0.049519 ,                 0.000255
         0 ,    0.314191 ,       0 ,0.314191 ,  62.6274  ,                            0.06671  ,           0.000507 ,             0.000395 , 0.246057 ,                 0.000522
         0 ,    0.693145 ,       0 ,0.693145 ,  89.3259  ,                            0.081761 ,           0.000721 ,             0.000566 , 0.609571 ,                 0.000526
         0 ,    0.137312 ,       0 ,0.137312 ,  42.6274  ,                            0.053308 ,           0.000446 ,             0.000284 , 0.083074 ,                 0.0002
         0 ,    0.535766 ,       0 ,0.535766 ,  62.3848  ,                            0.098486 ,           0.000872 ,             0.000492 , 0.435464 ,                 0.000452
         0 ,    1.05353  ,       0 ,1.05353  ,  80.3553  ,                            0.090593 ,           0.000829 ,             0.000513 , 0.960852 ,                 0.000742
         0 ,    0.316745 ,       0 ,0.316745 ,  43.8701  ,                            0.052925 ,           0.000475 ,             0.000277 , 0.262565 ,                 0.000503
         0 ,    0.10794  ,       0 ,0.10794  ,  39.8995  ,                            0.064997 ,           0.000283 ,             0.000291 , 0.042144 ,                 0.000225
         0 ,    0.074092 ,       0 ,0.074092 ,  34.5563  ,                            0.036373 ,           0.000282 ,             0.00025  , 0.036969 ,                 0.000218
         0 ,    0.247284 ,       0 ,0.247284 ,  58.8701  ,                            0.067138 ,           0.000757 ,             0.000664 , 0.178365 ,                 0.00036
         0 ,    0.157953 ,       0 ,0.157953 ,  48.4558  ,                            0.05578  ,           0.000532 ,             0.00058  , 0.100736 ,                 0.000325
         0 ,    1.2152   ,       0 ,1.2152   ,  85.2548  ,                            0.074994 ,           0.000636 ,             0.000572 , 1.13831  ,                 0.000681
         0 ,    0.399344 ,       0 ,0.399344 ,  64.1838  ,                            0.066183 ,           0.000565 ,             0.000432 , 0.331738 ,                 0.000426
         0 ,    0.174571 ,       0 ,0.174571 ,  51.1127  ,                            0.067741 ,           0.000615 ,             0.000361 , 0.10557  ,                 0.000284
         0 ,    0.34245  ,       0 ,0.34245  ,  68.3848  ,                            0.072573 ,           0.000605 ,             0.000336 , 0.268288 ,                 0.000648
         0 ,    0.150399 ,       0 ,0.150399 ,  41.9706  ,                            0.04721  ,           0.000482 ,             0.00044  , 0.101965 ,                 0.000302
         0 ,    0.67381  ,       0 ,0.67381  ,  73.598   ,                            0.064584 ,           0.000781 ,             0.000773 , 0.607088 ,                 0.000584
         0 ,    0.26653  ,       0 ,0.26653  ,  71.4558  ,                            0.068042 ,           0.000592 ,             0.00055  , 0.196829 ,                 0.000517
         0 ,    0.246562 ,       0 ,0.246562 ,  84.7696  ,                            0.074284 ,           0.00066  ,             0.000552 , 0.170846 ,                 0.00022
         0 ,    0.392353 ,       0 ,0.392353 ,  75.6985  ,                            0.067545 ,           0.000527 ,             0.000434 , 0.323416 ,                 0.000431
         0 ,    4.94206  ,       0 ,4.94206  , 127.196   ,                            0.107582 ,           0.001111 ,             0.000644 , 4.83168  ,                 0.001045
         0 ,    0.477019 ,       0 ,0.477019 ,  67.4558  ,                            0.08741  ,           0.000644 ,             0.000502 , 0.388045 ,                 0.000418
         0 ,    0.228792 ,       0 ,0.228792 ,  42.4558  ,                            0.053736 ,           0.000451 ,             0.00033  , 0.17386  ,                 0.000415
         0 ,    1.14937  ,       0 ,1.14937  ,  87.2548  ,                            0.080777 ,           0.000776 ,             0.000552 , 1.06642  ,                 0.000843
         0 ,    0.307853 ,       0 ,0.307853 ,  69.3553  ,                            0.067385 ,           0.000522 ,             0.000366 , 0.239056 ,                 0.000524
         0 ,    0.135738 ,       0 ,0.135738 ,  52.1421  ,                            0.066603 ,           0.000341 ,             0.000309 , 0.068258 ,                 0.000227
         0 ,    0.165605 ,       0 ,0.165605 ,  43.6274  ,                            0.04642  ,           0.000464 ,             0.00056  , 0.11785  ,                 0.000311
         0 ,    1.02093  ,       0 ,1.02093  ,  98.2548  ,                            0.096611 ,           0.000679 ,             0.000487 , 0.922665 ,                 0.00049
         0 ,    0.150437 ,       0 ,0.150437 ,  57.1127  ,                            0.05994  ,           0.0005   ,             0.000288 , 0.08947  ,                 0.000239
         0 ,    0.150137 ,       0 ,0.150137 ,  40.9706  ,                            0.059215 ,           0.000492 ,             0.000272 , 0.089932 ,                 0.000226
         0 ,    0.396826 ,       0 ,0.396826 ,  80.2843  ,                            0.072942 ,           0.000577 ,             0.000433 , 0.322462 ,                 0.000412
         0 ,    0.191162 ,       0 ,0.191162 ,  50.2843  ,                            0.053707 ,           0.000617 ,             0.000421 , 0.136082 ,                 0.000335
         0 ,    0.119519 ,       0 ,0.119519 ,  52.5563  ,                            0.059092 ,           0.000366 ,             0.00034  , 0.059483 ,                 0.000238
         0 ,    1.08575  ,       0 ,1.08575  ,  77.5269  ,                            0.078295 ,           0.000676 ,             0.000594 , 1.00565  ,                 0.000533
         0 ,    0.10326  ,       0 ,0.10326  ,  38.7279  ,                            0.042242 ,           0.000367 ,             0.000396 , 0.060016 ,                 0.000239
         0 ,    0.17214  ,       0 ,0.17214  ,  60.8701  ,                            0.05676  ,           0.00059  ,             0.000472 , 0.114028 ,                 0.00029
         0 ,    0.136572 ,       0 ,0.136572 ,  42.1127  ,                            0.055536 ,           0.00051  ,             0.00036  , 0.079835 ,                 0.000331
         0 ,    0.092949 ,       0 ,0.092949 ,  16.2426  ,                            0.032106 ,           0.000132 ,             0.000267 , 0.060142 ,                 0.000302
         0 ,    0.554221 ,       0 ,0.554221 ,  78.4264  ,                            0.077917 ,           0.000651 ,             0.000406 , 0.474625 ,                 0.000622
         0 ,    0.617689 ,       0 ,0.617689 , 106.184   ,                            0.096056 ,           0.000667 ,             0.000448 , 0.520154 ,                 0.000364
         0 ,    0.096913 ,       0 ,0.096913 ,  31.799   ,                            0.036899 ,           0.000433 ,             0.00032  , 0.059048 ,                 0.000213
         0 ,    0.233432 ,       0 ,0.233432 ,  70.6985  ,                            0.060104 ,           0.000573 ,             0.000476 , 0.172057 ,                 0.000222
         0 ,    0.709053 ,       0 ,0.709053 ,  81.1127  ,                            0.091756 ,           0.000702 ,             0.000661 , 0.615499 ,                 0.000435
         0 ,    0.131322 ,       0 ,0.131322 ,  51.2132  ,                            0.057037 ,           0.000657 ,             0.000364 , 0.072918 ,                 0.000346
         0 ,    0.311269 ,       0 ,0.311269 ,  63.1127  ,                            0.062252 ,           0.000506 ,             0.000511 , 0.247635 ,                 0.000365
         0 ,    0.386668 ,       0 ,0.386668 ,  54.2843  ,                            0.056944 ,           0.000549 ,             0.000293 , 0.328462 ,                 0.00042
         0 ,    0.132948 ,       0 ,0.132948 ,  38.799   ,                            0.060846 ,           0.000427 ,             0.000345 , 0.071102 ,                 0.000228
         0 ,    0.180424 ,       0 ,0.180424 ,  61.5563  ,                            0.063738 ,           0.000436 ,             0.000301 , 0.11561  ,                 0.000339
         0 ,    0.094451 ,       0 ,0.094451 ,  35.8995  ,                            0.041819 ,           0.000331 ,             0.000257 , 0.051802 ,                 0.000242
         0 ,    0.199041 ,       0 ,0.199041 ,  39.1421  ,                            0.065572 ,           0.000423 ,             0.000343 , 0.132341 ,                 0.000362
         0 ,    0.259514 ,       0 ,0.259514 ,  77.1838  ,                            0.070874 ,           0.000558 ,             0.00053  , 0.1873   ,                 0.000252
         0 ,    0.156961 ,       0 ,0.156961 ,  40.799   ,                            0.061433 ,           0.000601 ,             0.000561 , 0.094004 ,                 0.000362
         0 ,    0.19597  ,       0 ,0.19597  ,  66.2132  ,                            0.060751 ,           0.000474 ,             0.000317 , 0.134043 ,                 0.000385
         0 ,    0.091568 ,       0 ,0.091568 ,  32.0711  ,                            0.048593 ,           0.000284 ,             0.000233 , 0.042225 ,                 0.000233
         0 ,    0.17937  ,       0 ,0.17937  ,  62.799   ,                            0.067693 ,           0.000476 ,             0.000318 , 0.110683 ,                 0.0002
         0 ,    3.47152  ,       0 ,3.47152  ,  91.8406  ,                            0.082737 ,           0.000796 ,             0.000516 , 3.38695  ,                 0.000522
         0 ,    0.257216 ,       0 ,0.257216 ,  56.6985  ,                            0.070999 ,           0.000564 ,             0.00035  , 0.184888 ,                 0.000415
         0 ,    0.308985 ,       0 ,0.308985 ,  63.3553  ,                            0.072376 ,           0.000528 ,             0.000461 , 0.235112 ,                 0.000508
         0 ,    0.133251 ,       0 ,0.133251 ,  44.7279  ,                            0.055957 ,           0.000455 ,             0.000303 , 0.076306 ,                 0.00023
         0 ,    0.236801 ,       0 ,0.236801 ,  44.0416  ,                            0.044767 ,           0.000543 ,             0.000372 , 0.190723 ,                 0.000396
         0 ,    0.112268 ,       0 ,0.112268 ,  41.5563  ,                            0.053115 ,           0.000365 ,             0.000284 , 0.05826  ,                 0.000244
         0 ,    0.38173  ,       0 ,0.38173  ,  70.3553  ,                            0.08911  ,           0.001015 ,             0.000833 , 0.290306 ,                 0.000466
         0 ,    1.79778  ,       0 ,1.79778  , 120.953   ,                            0.094943 ,           0.000716 ,             0.000486 , 1.7007   ,                 0.000939
         0 ,    0.976879 ,       0 ,0.976879 ,  75.9411  ,                            0.07134  ,           0.000644 ,             0.000515 , 0.904049 ,                 0.000331
         0 ,    0.152649 ,       0 ,0.152649 ,  37.3848  ,                            0.04899  ,           0.000417 ,             0.000442 , 0.10248  ,                 0.00032
         0 ,    0.146995 ,       0 ,0.146995 ,  57.9411  ,                            0.057392 ,           0.000484 ,             0.000276 , 0.088647 ,                 0.000196
         0 ,    0.154059 ,       0 ,0.154059 ,  51.4558  ,                            0.048909 ,           0.000462 ,             0.000297 , 0.104166 ,                 0.000225
         0 ,    0.216301 ,       0 ,0.216301 ,  70.6985  ,                            0.073134 ,           0.000556 ,             0.000545 , 0.141569 ,                 0.000497
         0 ,    0.289843 ,       0 ,0.289843 ,  74.7696  ,                            0.071949 ,           0.000649 ,             0.000305 , 0.216388 ,                 0.000552
         0 ,    0.271123 ,       0 ,0.271123 ,  67.6985  ,                            0.060428 ,           0.000429 ,             0.000401 , 0.209391 ,                 0.000474
         0 ,    0.079322 ,       0 ,0.079322 ,   4.24264 ,                            0.02523  ,           0.000178 ,             0.000261 , 0.053316 ,                 0.000337
         0 ,    0.098883 ,       0 ,0.098883 ,  25.1421  ,                            0.042166 ,           0.000278 ,             0.000277 , 0.055918 ,                 0.000244
         0 ,    0.722516 ,       0 ,0.722516 ,  73.0122  ,                            0.087204 ,           0.000716 ,             0.000765 , 0.633211 ,                 0.00062
         0 ,    0.161661 ,       0 ,0.161661 ,  62.9411  ,                            0.071172 ,           0.000439 ,             0.000343 , 0.089512 ,                 0.000195
         0 ,    0.910779 ,       0 ,0.910779 , 104.569   ,                            0.089687 ,           0.000705 ,             0.000539 , 0.819303 ,                 0.000545
         0 ,    0.140677 ,       0 ,0.140677 ,  60.2843  ,                            0.054649 ,           0.00054  ,             0.000317 , 0.0849   ,                 0.000271
         0 ,    0.100141 ,       0 ,0.100141 ,  29.1421  ,                            0.043762 ,           0.000297 ,             0.000321 , 0.055493 ,                 0.000268
         0 ,    0.284037 ,       0 ,0.284037 ,  60.6274  ,                            0.054333 ,           0.000593 ,             0.00029  , 0.228439 ,                 0.000382
         0 ,    0.136728 ,       0 ,0.136728 ,  48.799   ,                            0.056076 ,           0.000412 ,             0.000362 , 0.079624 ,                 0.000254
         0 ,    0.131415 ,       0 ,0.131415 ,  56.5269  ,                            0.044423 ,           0.000442 ,             0.000509 , 0.085724 ,                 0.000317
         0 ,    0.095542 ,       0 ,0.095542 ,  34.1421  ,                            0.041092 ,           0.00025  ,             0.000296 , 0.053705 ,                 0.000199
         0 ,    0.294272 ,       0 ,0.294272 ,  77.6985  ,                            0.070128 ,           0.000452 ,             0.000349 , 0.222927 ,                 0.000416
         0 ,    0.181432 ,       0 ,0.181432 ,  56.2843  ,                            0.064725 ,           0.000527 ,             0.000337 , 0.1156   ,                 0.000243
         0 ,    0.108088 ,       0 ,0.108088 ,  33.5563  ,                            0.046561 ,           0.000348 ,             0.000273 , 0.060678 ,                 0.000228
         0 ,    0.466624 ,       0 ,0.466624 ,  79.2548  ,                            0.076208 ,           0.000526 ,             0.00029  , 0.389131 ,                 0.000469
         0 ,    0.293266 ,       0 ,0.293266 ,  73.2132  ,                            0.074358 ,           0.000591 ,             0.000402 , 0.217437 ,                 0.000478
         0 ,    0.245903 ,       0 ,0.245903 ,  79.7401  ,                            0.069432 ,           0.00048  ,             0.000329 , 0.175103 ,                 0.000559
         0 ,    0.31323  ,       0 ,0.31323  ,  57.3848  ,                            0.046772 ,           0.000447 ,             0.000319 , 0.265194 ,                 0.000498
         0 ,    0.124514 ,       0 ,0.124514 ,  38.5563  ,                            0.052959 ,           0.000348 ,             0.00034  , 0.070469 ,                 0.000398
         0 ,    0.219293 ,       0 ,0.219293 ,  75.5685  ,                            0.06237  ,           0.000454 ,             0.000387 , 0.155617 ,                 0.000465
         0 ,    0.36301  ,       0 ,0.36301  ,  75.5269  ,                            0.074165 ,           0.0006   ,             0.000449 , 0.287418 ,                 0.000378
         0 ,    0.179605 ,       0 ,0.179605 ,  62.0416  ,                            0.052844 ,           0.000568 ,             0.000571 , 0.125355 ,                 0.000267
         0 ,    0.058839 ,       0 ,0.058839 ,  21.0711  ,                            0.027772 ,           0.000149 ,             0.000324 , 0.03035  ,                 0.000244
         0 ,    0.101188 ,       0 ,0.101188 ,  53.9411  ,                            0.053086 ,           0.00024  ,             0.000278 , 0.047342 ,                 0.000242
         0 ,    0.841229 ,       0 ,0.841229 ,  91.3553  ,                            0.070436 ,           0.000702 ,             0.000407 , 0.76924  ,                 0.000444
         0 ,    0.151492 ,       0 ,0.151492 ,  40.6274  ,                            0.036673 ,           0.000455 ,             0.00051  , 0.113518 ,                 0.000336
         0 ,    2.71299  ,       0 ,2.71299  ,  98.8112  ,                            0.083358 ,           0.000808 ,             0.000536 , 2.62773  ,                 0.00056
         0 ,    0.225094 ,       0 ,0.225094 ,  63.6274  ,                            0.072999 ,           0.000594 ,             0.000511 , 0.150761 ,                 0.000229
         0 ,    1.02238  ,       0 ,1.02238  ,  75.598   ,                            0.077019 ,           0.000807 ,             0.000539 , 0.943118 ,                 0.000895
         0 ,    0.561533 ,       0 ,0.561533 ,  71.5269  ,                            0.067474 ,           0.000624 ,             0.000825 , 0.491968 ,                 0.000642
         0 ,    0.27953  ,       0 ,0.27953  ,  48.5269  ,                            0.048244 ,           0.000539 ,             0.000313 , 0.230108 ,                 0.000326
         0 ,    3.38234  ,       0 ,3.38234  , 126.74    ,                            0.105784 ,           0.000856 ,             0.000601 , 3.27459  ,                 0.00051
         0 ,    0.135546 ,       0 ,0.135546 ,  43.4558  ,                            0.046856 ,           0.000609 ,             0.000606 , 0.087268 ,                 0.000207
         0 ,    0.167135 ,       0 ,0.167135 ,  64.2132  ,                            0.056738 ,           0.000542 ,             0.000333 , 0.109263 ,                 0.000259
         0 ,    0.291906 ,       0 ,0.291906 ,  57.8701  ,                            0.056753 ,           0.000459 ,             0.000354 , 0.233927 ,                 0.000413
         0 ,    1.21202  ,       0 ,1.21202  ,  84.669   ,                            0.079028 ,           0.000828 ,             0.00051  , 1.13118  ,                 0.000476
         0 ,    0.127772 ,       0 ,0.127772 ,  49.3137  ,                            0.05642  ,           0.000391 ,             0.000256 , 0.070482 ,                 0.000223
         0 ,    0.325204 ,       0 ,0.325204 , 111.213   ,                            0.121771 ,           0.000493 ,             0.000354 , 0.20213  ,                 0.000456
         0 ,    0.167532 ,       0 ,0.167532 ,  39.9706  ,                            0.057735 ,           0.000496 ,             0.000331 , 0.1087   ,                 0.00027
         0 ,    0.171648 ,       0 ,0.171648 ,  68.0833  ,                            0.07548  ,           0.000562 ,             0.000353 , 0.094841 ,                 0.000412
         0 ,    0.128576 ,       0 ,0.128576 ,  42.9706  ,                            0.05567  ,           0.000432 ,             0.00032  , 0.071903 ,                 0.000251
         0 ,    0.651195 ,       0 ,0.651195 ,  81.4264  ,                            0.084164 ,           0.000791 ,             0.000621 , 0.565161 ,                 0.000458
         0 ,    0.431099 ,       0 ,0.431099 ,  71.1838  ,                            0.063488 ,           0.000497 ,             0.000495 , 0.36628  ,                 0.000339
         0 ,    0.106319 ,       0 ,0.106319 ,  34.3848  ,                            0.048785 ,           0.000381 ,             0.000252 , 0.056682 ,                 0.000219
         0 ,    0.467363 ,       0 ,0.467363 ,  64.3553  ,                            0.066481 ,           0.000541 ,             0.000318 , 0.39941  ,                 0.000613
         0 ,    0.124493 ,       0 ,0.124493 ,  43.3848  ,                            0.059133 ,           0.000441 ,             0.000425 , 0.06394  ,                 0.000554
         0 ,    0.131775 ,       0 ,0.131775 ,  50.8701  ,                            0.062181 ,           0.000446 ,             0.000278 , 0.068629 ,                 0.000241
         0 ,    0.218879 ,       0 ,0.218879 ,  72.1127  ,                            0.071981 ,           0.000666 ,             0.000429 , 0.145575 ,                 0.000228
         0 ,    0.174572 ,       0 ,0.174572 ,  40.2132  ,                            0.047517 ,           0.00052  ,             0.000261 , 0.125933 ,                 0.000341
         0 ,    0.197996 ,       0 ,0.197996 ,  57.1127  ,                            0.057617 ,           0.000474 ,             0.000281 , 0.139212 ,                 0.000412
         0 ,    0.172555 ,       0 ,0.172555 ,  57.3848  ,                            0.061348 ,           0.000587 ,             0.000344 , 0.110025 ,                 0.000251
         0 ,    0.191206 ,       0 ,0.191206 ,  85.5563  ,                            0.067708 ,           0.000461 ,             0.000288 , 0.122442 ,                 0.000307
         0 ,    0.276169 ,       0 ,0.276169 ,  64.0416  ,                            0.049271 ,           0.000586 ,             0.000474 , 0.225506 ,                 0.000332
         0 ,    0.47477  ,       0 ,0.47477  ,  74.7696  ,                            0.074418 ,           0.000853 ,             0.000703 , 0.398232 ,                 0.000564
         0 ,    0.101    ,       0 ,0.101    ,  36.5563  ,                            0.046975 ,           0.00026  ,             0.000302 , 0.05322  ,                 0.000243
         0 ,    0.308671 ,       0 ,0.308671 ,  51.6274  ,                            0.059156 ,           0.000539 ,             0.000326 , 0.248158 ,                 0.000492
         0 ,    0.213027 ,       0 ,0.213027 ,  38.2132  ,                            0.052776 ,           0.000441 ,             0.000379 , 0.15904  ,                 0.000391
         0 ,    0.722985 ,       0 ,0.722985 ,  84.5269  ,                            0.080623 ,           0.00062  ,             0.000479 , 0.640888 ,                 0.000375
         0 ,    0.755702 ,       0 ,0.755702 ,  89.4975  ,                            0.081679 ,           0.000703 ,             0.000491 , 0.672377 ,                 0.000452
         0 ,    0.153885 ,       0 ,0.153885 ,  35.799   ,                            0.054688 ,           0.000553 ,             0.000427 , 0.097398 ,                 0.000819
         0 ,    0.339752 ,       0 ,0.339752 ,  75.2843  ,                            0.086077 ,           0.000626 ,             0.000345 , 0.252261 ,                 0.000443
         0 ,    0.17671  ,       0 ,0.17671  ,  67.3137  ,                            0.062163 ,           0.000461 ,             0.000295 , 0.113393 ,                 0.000398
         0 ,    0.759946 ,       0 ,0.759946 ,  73.1127  ,                            0.069839 ,           0.00062  ,             0.000434 , 0.688538 ,                 0.000515
         0 ,    0.759973 ,       0 ,0.759973 ,  64.5269  ,                            0.072761 ,           0.00079  ,             0.000519 , 0.68464  ,                 0.001263
         0 ,    0.125126 ,       0 ,0.125126 ,  33.5563  ,                            0.046371 ,           0.000481 ,             0.000792 , 0.077201 ,                 0.000281
         0 ,    0.137701 ,       0 ,0.137701 ,  42.0416  ,                            0.045389 ,           0.000531 ,             0.000374 , 0.091143 ,                 0.000264
         0 ,    0.230626 ,       0 ,0.230626 ,  64.0122  ,                            0.072816 ,           0.000528 ,             0.000332 , 0.156579 ,                 0.000371
         0 ,    0.150439 ,       0 ,0.150439 ,  46.9706  ,                            0.056969 ,           0.000526 ,             0.000332 , 0.092307 ,                 0.000305
         0 ,    0.207623 ,       0 ,0.207623 ,  44.3848  ,                            0.061312 ,           0.000528 ,             0.000351 , 0.1451   ,                 0.000332
         0 ,    0.694219 ,       0 ,0.694219 ,  89.397   ,                            0.081455 ,           0.000792 ,             0.000489 , 0.611045 ,                 0.000438
         0 ,    0.12809  ,       0 ,0.12809  ,  38.3848  ,                            0.05887  ,           0.000376 ,             0.00032  , 0.068282 ,                 0.000242
         0 ,    0.292069 ,       0 ,0.292069 ,  69.1127  ,                            0.078457 ,           0.000569 ,             0.000707 , 0.211922 ,                 0.000414
         0 ,    1.96353  ,       0 ,1.96353  ,  90.5685  ,                            0.078776 ,           0.000878 ,             0.000536 , 1.88268  ,                 0.000657
         0 ,    0.093055 ,       0 ,0.093055 ,  36.8995  ,                            0.038564 ,           0.000325 ,             0.000265 , 0.053663 ,                 0.000238
         0 ,    0.104266 ,       0 ,0.104266 ,  59.3137  ,                            0.050093 ,           0.000339 ,             0.000316 , 0.053187 ,                 0.000331
         0 ,    0.49682  ,       0 ,0.49682  ,  56.8701  ,                            0.043359 ,           0.000621 ,             0.000471 , 0.451956 ,                 0.000413
         0 ,    0.165459 ,       0 ,0.165459 ,  47.0416  ,                            0.069887 ,           0.000539 ,             0.000325 , 0.094274 ,                 0.000434
         0 ,    0.407806 ,       0 ,0.407806 ,  62.7696  ,                            0.072444 ,           0.000575 ,             0.000387 , 0.333855 ,                 0.000545
         0 ,    1.26701  ,       0 ,1.26701  ,  75.3553  ,                            0.088424 ,           0.00081  ,             0.000638 , 1.17649  ,                 0.000646
         0 ,    0.114469 ,       0 ,0.114469 ,  40.3848  ,                            0.049067 ,           0.000328 ,             0.000275 , 0.064596 ,                 0.000203
         0 ,    0.141012 ,       0 ,0.141012 ,  65.4264  ,                            0.060857 ,           0.000444 ,             0.000318 , 0.079136 ,                 0.000257
         0 ,    0.146269 ,       0 ,0.146269 ,  37.799   ,                            0.062767 ,           0.000438 ,             0.000324 , 0.082433 ,                 0.000307
         0 ,    0.952812 ,       0 ,0.952812 ,  83.9828  ,                            0.055065 ,           0.000735 ,             0.000644 , 0.895866 ,                 0.000502
         0 ,    0.122672 ,       0 ,0.122672 ,  43.3848  ,                            0.051902 ,           0.000421 ,             0.000315 , 0.069792 ,                 0.000242
         0 ,    0.124519 ,       0 ,0.124519 ,  38.1421  ,                            0.063032 ,           0.000397 ,             0.000354 , 0.060441 ,                 0.000295
         0 ,    0.129244 ,       0 ,0.129244 ,  40.3848  ,                            0.045798 ,           0.000409 ,             0.000291 , 0.08252  ,                 0.000226
         0 ,    0.579936 ,       0 ,0.579936 ,  83.6985  ,                            0.087523 ,           0.000642 ,             0.000577 , 0.490452 ,                 0.000742
         0 ,    0.231354 ,       0 ,0.231354 ,  48.799   ,                            0.044802 ,           0.000486 ,             0.000312 , 0.185308 ,                 0.000446
         0 ,    0.230574 ,       0 ,0.230574 ,  47.799   ,                            0.064599 ,           0.000663 ,             0.000335 , 0.164472 ,                 0.000505
         0 ,    0.085942 ,       0 ,0.085942 ,  33.5563  ,                            0.044271 ,           0.000254 ,             0.00024  , 0.040972 ,                 0.000205
         0 ,    0.270933 ,       0 ,0.270933 ,  55.2132  ,                            0.044396 ,           0.000532 ,             0.000278 , 0.225278 ,                 0.000449
         0 ,    0.120972 ,       0 ,0.120972 ,  47.2132  ,                            0.050446 ,           0.000394 ,             0.000255 , 0.069637 ,                 0.00024
         0 ,    0.732454 ,       0 ,0.732454 ,  70.1127  ,                            0.068468 ,           0.000601 ,             0.000477 , 0.662538 ,                 0.00037
         0 ,    0.128124 ,       0 ,0.128124 ,  50.2843  ,                            0.054082 ,           0.00054  ,             0.000273 , 0.072859 ,                 0.00037
         0 ,    0.159308 ,       0 ,0.159308 ,  54.1838  ,                            0.066042 ,           0.000458 ,             0.000499 , 0.092077 ,                 0.000232
         0 ,    0.115586 ,       0 ,0.115586 ,  41.2132  ,                            0.043864 ,           0.000501 ,             0.000282 , 0.070703 ,                 0.000236
         0 ,    0.121048 ,       0 ,0.121048 ,  45.6274  ,                            0.053372 ,           0.000454 ,             0.000282 , 0.066752 ,                 0.000188
         0 ,    0.12823  ,       0 ,0.12823  ,  38.3848  ,                            0.048512 ,           0.000433 ,             0.000273 , 0.078779 ,                 0.000233
         0 ,    0.586427 ,       0 ,0.586427 ,  91.468   ,                            0.071339 ,           0.000622 ,             0.000481 , 0.51362  ,                 0.000365
         0 ,    0.2689   ,       0 ,0.2689   ,  85.7401  ,                            0.074299 ,           0.00069  ,             0.000666 , 0.192963 ,                 0.000282
         0 ,    0.576862 ,       0 ,0.576862 , 101.711   ,                            0.100928 ,           0.001062 ,             0.00054  , 0.473668 ,                 0.000664
         0 ,    0.251697 ,       0 ,0.251697 ,  79.4975  ,                            0.052827 ,           0.000654 ,             0.000393 , 0.197476 ,                 0.000347
         0 ,    0.149789 ,       0 ,0.149789 ,  47.799   ,                            0.062693 ,           0.000488 ,             0.000262 , 0.086152 ,                 0.000194
         0 ,    0.895121 ,       0 ,0.895121 ,  82.1543  ,                            0.069239 ,           0.000582 ,             0.000471 , 0.824296 ,                 0.000533
         0 ,    0.447099 ,       0 ,0.447099 ,  69.3553  ,                            0.081629 ,           0.000678 ,             0.000352 , 0.36399  ,                 0.00045
         0 ,    0.92535  ,       0 ,0.92535  ,  71.8406  ,                            0.063567 ,           0.000689 ,             0.000501 , 0.860122 ,                 0.000471
         0 ,    0.341353 ,       0 ,0.341353 ,  44.0416  ,                            0.06406  ,           0.000667 ,             0.000473 , 0.275649 ,                 0.000504
         0 ,    0.205976 ,       0 ,0.205976 ,  67.1838  ,                            0.058148 ,           0.000707 ,             0.000543 , 0.146375 ,                 0.000203
         0 ,    0.159006 ,       0 ,0.159006 ,  42.799   ,                            0.063969 ,           0.000545 ,             0.000423 , 0.093625 ,                 0.000444
         0 ,    0.296219 ,       0 ,0.296219 ,  69.669   ,                            0.074696 ,           0.000591 ,             0.00033  , 0.220025 ,                 0.000577
         0 ,    0.467903 ,       0 ,0.467903 ,  77.1838  ,                            0.094693 ,           0.000659 ,             0.000515 , 0.371741 ,                 0.000295
         0 ,    0.426298 ,       0 ,0.426298 ,  77.2843  ,                            0.071846 ,           0.00058  ,             0.000514 , 0.353077 ,                 0.000281
         0 ,    0.267863 ,       0 ,0.267863 ,  71.6985  ,                            0.070605 ,           0.000678 ,             0.000524 , 0.195805 ,                 0.000251
         0 ,    0.237299 ,       0 ,0.237299 ,  47.799   ,                            0.059805 ,           0.000693 ,             0.000336 , 0.176017 ,                 0.000448
         0 ,    0.150845 ,       0 ,0.150845 ,  52.3848  ,                            0.062522 ,           0.000409 ,             0.000363 , 0.087346 ,                 0.000205
         0 ,    0.091105 ,       0 ,0.091105 ,  29.7279  ,                            0.044225 ,           0.000357 ,             0.00027  , 0.046011 ,                 0.000242
         0 ,    0.196304 ,       0 ,0.196304 ,  66.2548  ,                            0.058855 ,           0.000588 ,             0.000436 , 0.136207 ,                 0.000218
         0 ,    0.195571 ,       0 ,0.195571 ,  50.0416  ,                            0.048869 ,           0.00045  ,             0.000274 , 0.14563  ,                 0.000348
         0 ,    0.721573 ,       0 ,0.721573 ,  65.1127  ,                            0.055596 ,           0.000675 ,             0.000484 , 0.664186 ,                 0.000632
         0 ,    0.223    ,       0 ,0.223    ,  61.7696  ,                            0.058169 ,           0.000514 ,             0.000283 , 0.16372  ,                 0.000314
         0 ,    0.204106 ,       0 ,0.204106 ,  52.9706  ,                            0.067141 ,           0.000584 ,             0.000361 , 0.135674 ,                 0.000346
         0 ,    0.135959 ,       0 ,0.135959 ,  35.5563  ,                            0.056937 ,           0.000502 ,             0.000547 , 0.077706 ,                 0.000267
         0 ,    0.682192 ,       0 ,0.682192 , 117.941   ,                            0.118471 ,           0.000746 ,             0.00082  , 0.561611 ,                 0.000544
         0 ,    0.172589 ,       0 ,0.172589 ,  72.6985  ,                            0.073376 ,           0.00052  ,             0.000282 , 0.098188 ,                 0.000223
         0 ,    0.245052 ,       0 ,0.245052 ,  66.4264  ,                            0.049255 ,           0.000474 ,             0.000307 , 0.194683 ,                 0.000333
         0 ,    0.173891 ,       0 ,0.173891 ,  53.8701  ,                            0.074706 ,           0.000606 ,             0.00036  , 0.09796  ,                 0.000259
         0 ,    0.136994 ,       0 ,0.136994 ,  68.0416  ,                            0.052086 ,           0.000475 ,             0.000328 , 0.083886 ,                 0.000219
         0 ,    0.094058 ,       0 ,0.094058 ,  30.1421  ,                            0.040912 ,           0.000348 ,             0.000359 , 0.052251 ,                 0.000188
         0 ,    0.224195 ,       0 ,0.224195 ,  73.1127  ,                            0.068461 ,           0.000624 ,             0.000517 , 0.154325 ,                 0.000268
         0 ,    0.585795 ,       0 ,0.585795 ,  60.0416  ,                            0.084147 ,           0.000901 ,             0.001001 , 0.499149 ,                 0.000597
         0 ,    0.266634 ,       0 ,0.266634 ,  67.4558  ,                            0.071351 ,           0.000729 ,             0.000387 , 0.193819 ,                 0.000348
         0 ,    0.552839 ,       0 ,0.552839 ,  81.3553  ,                            0.077176 ,           0.00059  ,             0.000378 , 0.474233 ,                 0.000462
         0 ,    0.883129 ,       0 ,0.883129 ,  86.0833  ,                            0.078142 ,           0.000722 ,             0.000507 , 0.803318 ,                 0.00044
         0 ,    1.65062  ,       0 ,1.65062  ,  95.7401  ,                            0.072828 ,           0.000811 ,             0.000532 , 1.5758   ,                 0.000648
         0 ,    0.108358 ,       0 ,0.108358 ,  45.7279  ,                            0.0541   ,           0.000439 ,             0.000278 , 0.053319 ,                 0.000222
         0 ,    0.357135 ,       0 ,0.357135 ,  94.9411  ,                            0.082917 ,           0.000532 ,             0.00039  , 0.272821 ,                 0.000475
         0 ,    0.150628 ,       0 ,0.150628 ,  48.0416  ,                            0.051431 ,           0.000525 ,             0.000317 , 0.098114 ,                 0.000241
         0 ,    0.246223 ,       0 ,0.246223 ,  66.1838  ,                            0.068717 ,           0.000636 ,             0.000395 , 0.176144 ,                 0.000331
         0 ,    0.340931 ,       0 ,0.340931 ,  68.2843  ,                            0.071554 ,           0.000531 ,             0.000491 , 0.26802  ,                 0.000335
         0 ,    0.793388 ,       0 ,0.793388 ,  80.5269  ,                            0.070261 ,           0.000672 ,             0.000421 , 0.721481 ,                 0.000553
         0 ,    0.080335 ,       0 ,0.080335 ,   4.24264 ,                            0.032187 ,           0.000517 ,             0.000271 , 0.047102 ,                 0.000258
         0 ,    0.108515 ,       0 ,0.108515 ,  33.4853  ,                            0.052456 ,           0.000415 ,             0.000315 , 0.054969 ,                 0.00036
         0 ,    0.368931 ,       0 ,0.368931 ,  61.3553  ,                            0.067756 ,           0.000563 ,             0.000409 , 0.299878 ,                 0.000325
         0 ,    0.097923 ,       0 ,0.097923 ,  36.3137  ,                            0.036817 ,           0.000335 ,             0.000236 , 0.060159 ,                 0.000376
         0 ,    0.092249 ,       0 ,0.092249 ,  40.3848  ,                            0.042865 ,           0.000354 ,             0.000319 , 0.048473 ,                 0.000238
         0 ,    0.19008  ,       0 ,0.19008  ,  46.4558  ,                            0.036885 ,           0.000463 ,             0.000336 , 0.152087 ,                 0.000309
         0 ,    0.582873 ,       0 ,0.582873 ,  71.0122  ,                            0.068303 ,           0.000624 ,             0.0005   , 0.513069 ,                 0.000377
         0 ,    0.101549 ,       0 ,0.101549 ,  38.3137  ,                            0.046072 ,           0.000396 ,             0.000328 , 0.054497 ,                 0.000256
         0 ,    2.44652  ,       0 ,2.44652  ,  86.0833  ,                            0.079312 ,           0.000751 ,             0.000604 , 2.36506  ,                 0.000787
         0 ,    0.151818 ,       0 ,0.151818 ,  44.3848  ,                            0.050723 ,           0.00038  ,             0.000363 , 0.100028 ,                 0.000324
         0 ,    1.56706  ,       0 ,1.56706  ,  97.4264  ,                            0.062736 ,           0.000703 ,             0.000547 , 1.50254  ,                 0.00053
         0 ,    0.495937 ,       0 ,0.495937 ,  67.3553  ,                            0.068466 ,           0.000609 ,             0.000523 , 0.425877 ,                 0.000462
         0 ,    0.167799 ,       0 ,0.167799 ,  49.5563  ,                            0.060343 ,           0.000454 ,             0.000305 , 0.106391 ,                 0.000306
         0 ,    0.10222  ,       0 ,0.10222  ,  39.799   ,                            0.04289  ,           0.000377 ,             0.000284 , 0.058453 ,                 0.000216
         0 ,    0.128064 ,       0 ,0.128064 ,  30.1421  ,                            0.040558 ,           0.000319 ,             0.000268 , 0.086504 ,                 0.000415
         0 ,    0.121078 ,       0 ,0.121078 ,  42.2843  ,                            0.049935 ,           0.000382 ,             0.000256 , 0.070267 ,                 0.000238
         0 ,    0.117866 ,       0 ,0.117866 ,  39.5563  ,                            0.056189 ,           0.0003   ,             0.000305 , 0.060823 ,                 0.000249
         0 ,    0.129985 ,       0 ,0.129985 ,  44.2843  ,                            0.041796 ,           0.000265 ,             0.000241 , 0.087391 ,                 0.000292
         0 ,    0.257744 ,       0 ,0.257744 ,  55.0416  ,                            0.062502 ,           0.000348 ,             0.00026  , 0.194193 ,                 0.000441
         0 ,    0.211021 ,       0 ,0.211021 ,  47.799   ,                            0.050514 ,           0.000447 ,             0.000302 , 0.159359 ,                 0.000399
         0 ,    0.229354 ,       0 ,0.229354 ,  51.8701  ,                            0.05729  ,           0.000455 ,             0.000264 , 0.171032 ,                 0.000313
         0 ,    0.287297 ,       0 ,0.287297 ,  52.8701  ,                            0.059486 ,           0.000507 ,             0.000285 , 0.226683 ,                 0.000336
         0 ,    1.28845  ,       0 ,1.28845  ,  84.0833  ,                            0.075168 ,           0.00067  ,             0.000746 , 1.21138  ,                 0.000481
         0 ,    0.17748  ,       0 ,0.17748  ,  44.3137  ,                            0.048416 ,           0.000418 ,             0.000289 , 0.127712 ,                 0.000645
         0 ,    0.127666 ,       0 ,0.127666 ,  36.1421  ,                            0.058879 ,           0.000453 ,             0.000322 , 0.06773  ,                 0.000282
         0 ,    0.100409 ,       0 ,0.100409 ,  44.5563  ,                            0.042444 ,           0.000376 ,             0.000229 , 0.057116 ,                 0.000244
         0 ,    0.150686 ,       0 ,0.150686 ,  57.9706  ,                            0.073359 ,           0.000486 ,             0.000404 , 0.076221 ,                 0.000216
         0 ,    0.385256 ,       0 ,0.385256 ,  86.7401  ,                            0.057218 ,           0.000695 ,             0.000601 , 0.326372 ,                 0.00037
         0 ,    0.351196 ,       0 ,0.351196 ,  51.4558  ,                            0.056558 ,           0.000542 ,             0.000466 , 0.293135 ,                 0.000495
         0 ,    0.124795 ,       0 ,0.124795 ,  48.9706  ,                            0.056776 ,           0.000374 ,             0.000296 , 0.067128 ,                 0.000221
         0 ,    2.04357  ,       0 ,2.04357  ,  91.8406  ,                            0.066223 ,           0.00082  ,             0.000479 , 1.97529  ,                 0.000757
         0 ,    0.594154 ,       0 ,0.594154 ,  88.4558  ,                            0.105023 ,           0.000599 ,             0.000582 , 0.48757  ,                 0.00038
         0 ,    0.371656 ,       0 ,0.371656 ,  79.6985  ,                            0.072421 ,           0.000541 ,             0.000263 , 0.298016 ,                 0.000415
         0 ,    0.202183 ,       0 ,0.202183 ,  72.6274  ,                            0.076398 ,           0.000571 ,             0.000409 , 0.124561 ,                 0.000244
         0 ,    0.874492 ,       0 ,0.874492 ,  80.0122  ,                            0.070585 ,           0.000656 ,             0.00047  , 0.80233  ,                 0.000451
         0 ,    0.311149 ,       0 ,0.311149 ,  55.0416  ,                            0.072188 ,           0.000648 ,             0.000522 , 0.237423 ,                 0.000368
         0 ,    0.385268 ,       0 ,0.385268 ,  50.799   ,                            0.069965 ,           0.000603 ,             0.000349 , 0.313696 ,                 0.000655
         0 ,    0.254699 ,       0 ,0.254699 ,  54.8701  ,                            0.070674 ,           0.000945 ,             0.000555 , 0.182258 ,                 0.000267
         0 ,    0.754385 ,       0 ,0.754385 ,  77.7696  ,                            0.084129 ,           0.000712 ,             0.000574 , 0.668291 ,                 0.000679
         0 ,    0.190014 ,       0 ,0.190014 ,  57.799   ,                            0.069202 ,           0.000733 ,             0.000486 , 0.119329 ,                 0.000264
         0 ,    0.659318 ,       0 ,0.659318 ,  71.1838  ,                            0.077803 ,           0.000744 ,             0.000556 , 0.579683 ,                 0.000532
         0 ,    0.860715 ,       0 ,0.860715 ,  82.5269  ,                            0.07604  ,           0.000628 ,             0.000459 , 0.78305  ,                 0.000538
         0 ,    0.547834 ,       0 ,0.547834 ,  78.6274  ,                            0.078364 ,           0.000536 ,             0.0003   , 0.468242 ,                 0.000392
         0 ,    0.638412 ,       0 ,0.638412 ,  83.669   ,                            0.078733 ,           0.00073  ,             0.000634 , 0.557833 ,                 0.000482
         0 ,    0.128191 ,       0 ,0.128191 ,  34.1421  ,                            0.055934 ,           0.000429 ,             0.000302 , 0.071045 ,                 0.000481
         0 ,    0.180021 ,       0 ,0.180021 ,  31.799   ,                            0.050189 ,           0.000328 ,             0.000267 , 0.128882 ,                 0.000355
         0 ,    0.915187 ,       0 ,0.915187 ,  78.2548  ,                            0.070031 ,           0.000616 ,             0.000545 , 0.843459 ,                 0.000536
         0 ,    0.193848 ,       0 ,0.193848 ,  56.0416  ,                            0.062228 ,           0.000467 ,             0.000276 , 0.130483 ,                 0.000394
         0 ,    0.164964 ,       0 ,0.164964 ,  46.2132  ,                            0.066872 ,           0.000601 ,             0.000498 , 0.09673  ,                 0.000263
         0 ,    0.239652 ,       0 ,0.239652 ,  51.1127  ,                            0.057575 ,           0.000411 ,             0.000289 , 0.180804 ,                 0.000573
         0 ,    0.385321 ,       0 ,0.385321 ,  63.3553  ,                            0.074974 ,           0.000546 ,             0.000352 , 0.308713 ,                 0.000736
         0 ,    0.602554 ,       0 ,0.602554 ,  89.7696  ,                            0.083371 ,           0.000648 ,             0.00051  , 0.517515 ,                 0.00051
         0 ,    0.152091 ,       0 ,0.152091 ,  50.9706  ,                            0.064219 ,           0.000526 ,             0.000313 , 0.086727 ,                 0.000306
         0 ,    0.174745 ,       0 ,0.174745 ,  48.3848  ,                            0.070795 ,           0.000503 ,             0.000313 , 0.102841 ,                 0.000293
         0 ,    0.067696 ,       0 ,0.067696 ,   9.65685 ,                            0.02708  ,           0.000262 ,             0.000364 , 0.039753 ,                 0.000237
         0 ,    0.162867 ,       0 ,0.162867 ,  57.9411  ,                            0.04392  ,           0.000544 ,             0.000555 , 0.117645 ,                 0.000203
         0 ,    0.275426 ,       0 ,0.275426 ,  51.9411  ,                            0.046287 ,           0.000457 ,             0.000355 , 0.227781 ,                 0.000546
         0 ,    0.15374  ,       0 ,0.15374  ,  49.9411  ,                            0.044929 ,           0.000416 ,             0.000303 , 0.107735 ,                 0.000357
         0 ,    0.049323 ,       0 ,0.049323 ,   3.41421 ,                            0.02093  ,           0.000118 ,             0.000251 , 0.027791 ,                 0.000233
         0 ,    0.342271 ,       0 ,0.342271 ,  96.7107  ,                            0.080741 ,           0.000587 ,             0.000419 , 0.260125 ,                 0.000399
         0 ,    2.64777  ,       0 ,2.64777  , 106.054   ,                            0.095025 ,           0.000819 ,             0.000776 , 2.54959  ,                 0.001563
         0 ,    0.161549 ,       0 ,0.161549 ,  48.9706  ,                            0.059524 ,           0.000719 ,             0.000546 , 0.100347 ,                 0.000413
         0 ,    2.15237  ,       0 ,2.15237  ,  89.4975  ,                            0.06084  ,           0.000785 ,             0.000698 , 2.08932  ,                 0.000722
         0 ,    0.765973 ,       0 ,0.765973 ,  80.9117  ,                            0.068917 ,           0.000709 ,             0.000477 , 0.695346 ,                 0.000524
         0 ,    0.180584 ,       0 ,0.180584 ,  62.2843  ,                            0.056289 ,           0.000492 ,             0.000417 , 0.123159 ,                 0.000227
         0 ,    0.147494 ,       0 ,0.147494 ,  56.4558  ,                            0.049202 ,           0.000504 ,             0.000318 , 0.097231 ,                 0.000239
         0 ,    0.249627 ,       0 ,0.249627 ,  75.3553  ,                            0.068868 ,           0.000721 ,             0.000542 , 0.17926  ,                 0.000236
         0 ,    0.093209 ,       0 ,0.093209 ,  25.8995  ,                            0.039116 ,           0.000419 ,             0.00031  , 0.053091 ,                 0.000273
         0 ,    0.66888  ,       0 ,0.66888  ,  92.4975  ,                            0.090967 ,           0.00069  ,             0.000796 , 0.575777 ,                 0.00065
         0 ,    0.201649 ,       0 ,0.201649 ,  75.9411  ,                            0.071112 ,           0.000612 ,             0.000501 , 0.129166 ,                 0.000258
         0 ,    0.226494 ,       0 ,0.226494 ,  57.0416  ,                            0.071996 ,           0.000681 ,             0.001738 , 0.151524 ,                 0.000555
         0 ,    0.32227  ,       0 ,0.32227  ,  83.2548  ,                            0.077779 ,           0.000876 ,             0.000887 , 0.242397 ,                 0.000331
         0 ,    0.410019 ,       0 ,0.410019 ,  69.6985  ,                            0.061029 ,           0.000567 ,             0.000473 , 0.347373 ,                 0.000577
         0 ,    0.139617 ,       0 ,0.139617 ,  52.5269  ,                            0.05324  ,           0.000438 ,             0.00031  , 0.085429 ,                 0.0002
         0 ,    0.230857 ,       0 ,0.230857 ,  60.4558  ,                            0.075667 ,           0.000614 ,             0.000502 , 0.153732 ,                 0.000342
         0 ,    0.154662 ,       0 ,0.154662 ,  49.4558  ,                            0.062839 ,           0.00057  ,             0.000336 , 0.090579 ,                 0.000338
         0 ,    1.16551  ,       0 ,1.16551  ,  89.2548  ,                            0.068239 ,           0.000717 ,             0.000547 , 1.09512  ,                 0.000879
         0 ,    0.463855 ,       0 ,0.463855 ,  84.8112  ,                            0.07365  ,           0.000543 ,             0.000408 , 0.38893  ,                 0.000324
         0 ,    0.426154 ,       0 ,0.426154 ,  91.669   ,                            0.075631 ,           0.000617 ,             0.000527 , 0.349087 ,                 0.000292
         0 ,    0.219551 ,       0 ,0.219551 ,  54.2132  ,                            0.058829 ,           0.000456 ,             0.000328 , 0.159625 ,                 0.000313
         0 ,    0.210254 ,       0 ,0.210254 ,  63.8406  ,                            0.059318 ,           0.000584 ,             0.000334 , 0.149497 ,                 0.000521
         0 ,    0.57897  ,       0 ,0.57897  ,  53.6985  ,                            0.098441 ,           0.000892 ,             0.000769 , 0.477959 ,                 0.000909
         0 ,    0.63591  ,       0 ,0.63591  ,  69.1838  ,                            0.063419 ,           0.000643 ,             0.000435 , 0.570581 ,                 0.000832
         0 ,    0.118899 ,       0 ,0.118899 ,  42.799   ,                            0.04872  ,           0.000392 ,             0.000234 , 0.069321 ,                 0.000232
         0 ,    0.149251 ,       0 ,0.149251 ,  45.0416  ,                            0.058337 ,           0.000481 ,             0.000254 , 0.089929 ,                 0.00025
         0 ,    0.244127 ,       0 ,0.244127 ,  79.2548  ,                            0.076671 ,           0.000598 ,             0.000447 , 0.166204 ,                 0.000207
         0 ,    0.723542 ,       0 ,0.723542 ,  79.0833  ,                            0.089593 ,           0.000739 ,             0.000549 , 0.632219 ,                 0.000442
         0 ,    0.150988 ,       0 ,0.150988 ,  43.2132  ,                            0.051559 ,           0.000646 ,             0.000358 , 0.098151 ,                 0.000274
         0 ,    0.217193 ,       0 ,0.217193 ,  63.2132  ,                            0.057176 ,           0.000508 ,             0.000307 , 0.158799 ,                 0.000403
         0 ,    0.358784 ,       0 ,0.358784 ,  64.8701  ,                            0.057317 ,           0.000574 ,             0.000534 , 0.299693 ,                 0.000666
         0 ,    1.00706  ,       0 ,1.00706  ,  94.2254  ,                            0.068516 ,           0.00077  ,             0.000491 , 0.936759 ,                 0.00052
         0 ,    0.81819  ,       0 ,0.81819  ,  92.7696  ,                            0.098627 ,           0.001209 ,             0.000868 , 0.716796 ,                 0.00069
         0 ,    0.152983 ,       0 ,0.152983 ,  52.3848  ,                            0.066128 ,           0.000943 ,             0.000365 , 0.085257 ,                 0.00029
         0 ,    1.02887  ,       0 ,1.02887  ,  78.5269  ,                            0.093127 ,           0.000717 ,             0.000614 , 0.933751 ,                 0.000666
         0 ,    0.227151 ,       0 ,0.227151 ,  62.5269  ,                            0.063322 ,           0.00069  ,             0.000554 , 0.162278 ,                 0.000307
         0 ,    0.407255 ,       0 ,0.407255 ,  75.1838  ,                            0.062274 ,           0.000528 ,             0.000734 , 0.343119 ,                 0.0006
         0 ,    0.366625 ,       0 ,0.366625 ,  52.2843  ,                            0.057104 ,           0.000589 ,             0.000308 , 0.308113 ,                 0.000511
         0 ,    0.916872 ,       0 ,0.916872 ,  75.598   ,                            0.089505 ,           0.000797 ,             0.000502 , 0.825622 ,                 0.000446
         0 ,    0.608954 ,       0 ,0.608954 ,  79.2548  ,                            0.071065 ,           0.000625 ,             0.000424 , 0.53646  ,                 0.00038
         0 ,    0.14081  ,       0 ,0.14081  ,  39.799   ,                            0.06047  ,           0.000397 ,             0.000289 , 0.079364 ,                 0.00029
         0 ,    0.286233 ,       0 ,0.286233 ,  75.0122  ,                            0.069932 ,           0.00071  ,             0.000452 , 0.214913 ,                 0.000226
         0 ,    0.157257 ,       0 ,0.157257 ,  43.0416  ,                            0.060402 ,           0.000654 ,             0.00051  , 0.095398 ,                 0.000293
         0 ,    0.113718 ,       0 ,0.113718 ,  30.3137  ,                            0.048269 ,           0.000425 ,             0.000325 , 0.064361 ,                 0.000338
         0 ,    0.695903 ,       0 ,0.695903 ,  76.7696  ,                            0.06871  ,           0.000711 ,             0.000475 , 0.62552  ,                 0.000487
         0 ,    1.40577  ,       0 ,1.40577  ,  95.9117  ,                            0.097033 ,           0.000883 ,             0.000599 , 1.30638  ,                 0.000875
         0 ,    0.142466 ,       0 ,0.142466 ,  41.5563  ,                            0.062787 ,           0.000458 ,             0.000415 , 0.078438 ,                 0.000368
         0 ,    0.112249 ,       0 ,0.112249 ,  66.8995  ,                            0.056111 ,           0.000551 ,             0.000475 , 0.054847 ,                 0.000265
         0 ,    0.132994 ,       0 ,0.132994 ,  42.2843  ,                            0.053235 ,           0.000499 ,             0.000336 , 0.078679 ,                 0.000245
         0 ,    0.265427 ,       0 ,0.265427 ,  77.1838  ,                            0.073472 ,           0.000672 ,             0.000575 , 0.190433 ,                 0.000275
         0 ,    0.339184 ,       0 ,0.339184 ,  63.0122  ,                            0.074046 ,           0.000538 ,             0.000416 , 0.263342 ,                 0.000842
         0 ,    0.698669 ,       0 ,0.698669 ,  79.9411  ,                            0.076085 ,           0.000726 ,             0.000615 , 0.620602 ,                 0.000641
         0 ,    0.142279 ,       0 ,0.142279 ,  41.3848  ,                            0.056784 ,           0.00043  ,             0.000283 , 0.084493 ,                 0.000289
         0 ,    0.187631 ,       0 ,0.187631 ,  76.4558  ,                            0.084452 ,           0.000532 ,             0.000328 , 0.102065 ,                 0.000254
         0 ,    0.909182 ,       0 ,0.909182 ,  84.2843  ,                            0.091612 ,           0.000689 ,             0.000514 , 0.81581  ,                 0.000557
         0 ,    1.95569  ,       0 ,1.95569  , 118.811   ,                            0.115587 ,           0.000932 ,             0.000885 , 1.83771  ,                 0.000575
         0 ,    0.538689 ,       0 ,0.538689 ,  83.669   ,                            0.082843 ,           0.000813 ,             0.000527 , 0.454012 ,                 0.000494
         0 ,    0.378017 ,       0 ,0.378017 ,  64.3553  ,                            0.063505 ,           0.000706 ,             0.00038  , 0.313091 ,                 0.000335
         0 ,    0.471736 ,       0 ,0.471736 ,  72.1127  ,                            0.072376 ,           0.000599 ,             0.000453 , 0.398024 ,                 0.000284
         0 ,    0.087369 ,       0 ,0.087369 ,  20.4853  ,                            0.036729 ,           0.000294 ,             0.0003   , 0.049771 ,                 0.000275
         0 ,    0.7314   ,       0 ,0.7314   ,  81.9117  ,                            0.071553 ,           0.000606 ,             0.000452 , 0.658403 ,                 0.000386
         0 ,    0.141889 ,       0 ,0.141889 ,  41.5563  ,                            0.06075  ,           0.000592 ,             0.000802 , 0.079453 ,                 0.000292
         0 ,    0.147006 ,       0 ,0.147006 ,  43.4558  ,                            0.055006 ,           0.000724 ,             0.000781 , 0.090233 ,                 0.000262
         0 ,    0.248583 ,       0 ,0.248583 ,  54.799   ,                            0.061935 ,           0.000586 ,             0.000384 , 0.185307 ,                 0.000371
         0 ,    0.096553 ,       0 ,0.096553 ,  39.3848  ,                            0.049078 ,           0.000288 ,             0.000262 , 0.046709 ,                 0.000216
         0 ,    0.138168 ,       0 ,0.138168 ,  69.3848  ,                            0.071198 ,           0.000457 ,             0.000294 , 0.06598  ,                 0.000239
         0 ,    0.396994 ,       0 ,0.396994 ,  53.6274  ,                            0.062933 ,           0.000463 ,             0.000303 , 0.332838 ,                 0.000457
         0 ,    0.265762 ,       0 ,0.265762 ,  80.6985  ,                            0.097695 ,           0.000722 ,             0.0005   , 0.166633 ,                 0.000212
         0 ,    0.732148 ,       0 ,0.732148 ,  74.9411  ,                            0.078605 ,           0.000695 ,             0.000529 , 0.651681 ,                 0.000638
         0 ,    0.086556 ,       0 ,0.086556 ,  33.9706  ,                            0.036457 ,           0.000363 ,             0.00026  , 0.049252 ,                 0.000224
         0 ,    0.976509 ,       0 ,0.976509 ,  83.7696  ,                            0.076409 ,           0.000736 ,             0.000482 , 0.898377 ,                 0.000505
         0 ,    0.234792 ,       0 ,0.234792 ,  72.0416  ,                            0.070968 ,           0.000453 ,             0.00032  , 0.162742 ,                 0.000309
         0 ,    0.332165 ,       0 ,0.332165 ,  63.4558  ,                            0.079618 ,           0.000593 ,             0.000387 , 0.251128 ,                 0.000439
         0 ,    0.231603 ,       0 ,0.231603 ,  44.3848  ,                            0.056966 ,           0.000531 ,             0.000391 , 0.173207 ,                 0.000508
         0 ,    0.648718 ,       0 ,0.648718 ,  74.9411  ,                            0.072454 ,           0.000638 ,             0.000467 , 0.574637 ,                 0.000522
         0 ,    0.217624 ,       0 ,0.217624 ,  67.2548  ,                            0.076816 ,           0.000607 ,             0.000334 , 0.139322 ,                 0.000545
         0 ,    0.114131 ,       0 ,0.114131 ,  44.7279  ,                            0.056126 ,           0.000347 ,             0.000256 , 0.057175 ,                 0.000227
         0 ,    0.109353 ,       0 ,0.109353 ,  38.3137  ,                            0.051633 ,           0.000322 ,             0.000261 , 0.056868 ,                 0.000269
         0 ,    0.760384 ,       0 ,0.760384 ,  85.9117  ,                            0.081211 ,           0.000732 ,             0.000506 , 0.677479 ,                 0.000456
         0 ,    0.283728 ,       0 ,0.283728 ,  52.3848  ,                            0.060948 ,           0.000498 ,             0.000327 , 0.221562 ,                 0.000393
         0 ,    0.151599 ,       0 ,0.151599 ,  33.8995  ,                            0.060262 ,           0.000417 ,             0.00035  , 0.09026  ,                 0.00031
         0 ,    0.794233 ,       0 ,0.794233 ,  88.8112  ,                            0.078675 ,           0.00068  ,             0.000542 , 0.713798 ,                 0.000538
         0 ,    0.182777 ,       0 ,0.182777 ,  43.799   ,                            0.040359 ,           0.000411 ,             0.000279 , 0.141397 ,                 0.000331
         0 ,    0.130228 ,       0 ,0.130228 ,  27.8995  ,                            0.052877 ,           0.00038  ,             0.000327 , 0.076259 ,                 0.000385
         0 ,    0.137967 ,       0 ,0.137967 ,  60.2843  ,                            0.062609 ,           0.000447 ,             0.000311 , 0.074301 ,                 0.000299
         0 ,    0.175328 ,       0 ,0.175328 ,  38.3848  ,                            0.061816 ,           0.000414 ,             0.000438 , 0.112175 ,                 0.000485
         0 ,    0.353302 ,       0 ,0.353302 ,  64.598   ,                            0.07778  ,           0.000651 ,             0.000716 , 0.27374  ,                 0.000415
         0 ,    0.195362 ,       0 ,0.195362 ,  42.6274  ,                            0.053976 ,           0.000496 ,             0.000364 , 0.140188 ,                 0.000338
         0 ,    0.113251 ,       0 ,0.113251 ,  35.9706  ,                            0.04836  ,           0.000341 ,             0.000293 , 0.064009 ,                 0.000248
         0 ,    1.33782  ,       0 ,1.33782  ,  98.9117  ,                            0.108511 ,           0.001007 ,             0.000598 , 1.22712  ,                 0.000592
         0 ,    1.74053  ,       0 ,1.74053  ,  87.0833  ,                            0.087136 ,           0.000868 ,             0.00055  , 1.65144  ,                 0.000531
         0 ,    0.126742 ,       0 ,0.126742 ,  38.1421  ,                            0.051511 ,           0.000516 ,             0.000619 , 0.073866 ,                 0.00023
         0 ,    0.169576 ,       0 ,0.169576 ,  47.2132  ,                            0.066842 ,           0.000537 ,             0.000407 , 0.101552 ,                 0.000238
         0 ,    0.187124 ,       0 ,0.187124 ,  42.7279  ,                            0.056083 ,           0.000441 ,             0.000347 , 0.129711 ,                 0.000542
         0 ,    0.548758 ,       0 ,0.548758 ,  65.6985  ,                            0.060778 ,           0.000576 ,             0.000449 , 0.486583 ,                 0.000372
         0 ,    0.095892 ,       0 ,0.095892 ,  41.5563  ,                            0.050131 ,           0.000273 ,             0.000234 , 0.045001 ,                 0.000253
         0 ,    0.263625 ,       0 ,0.263625 ,  65.0122  ,                            0.06211  ,           0.000457 ,             0.00029  , 0.200366 ,                 0.000402
         0 ,    1.35864  ,       0 ,1.35864  ,  97.669   ,                            0.072053 ,           0.000851 ,             0.000488 , 1.28455  ,                 0.000704
         0 ,    1.38542  ,       0 ,1.38542  ,  95.8112  ,                            0.08054  ,           0.000781 ,             0.00047  , 1.30298  ,                 0.000651
         0 ,    0.137369 ,       0 ,0.137369 ,  31.3137  ,                            0.052064 ,           0.000449 ,             0.00031  , 0.084294 ,                 0.000252
         0 ,    1.84636  ,       0 ,1.84636  ,  99.3553  ,                            0.077095 ,           0.000835 ,             0.000587 , 1.76726  ,                 0.00059
         0 ,    2.24236  ,       0 ,2.24236  , 108.882   ,                            0.128125 ,           0.001278 ,             0.00089  , 2.10949  ,                 0.002579
         0 ,    0.147185 ,       0 ,0.147185 ,  32.7279  ,                            0.055885 ,           0.000814 ,             0.001    , 0.089206 ,                 0.00028
         0 ,    0.106919 ,       0 ,0.106919 ,  46.9706  ,                            0.050205 ,           0.000369 ,             0.000308 , 0.055785 ,                 0.000252
         0 ,    0.544258 ,       0 ,0.544258 ,  81.0122  ,                            0.069168 ,           0.000477 ,             0.000436 , 0.473723 ,                 0.000454
         0 ,    0.252999 ,       0 ,0.252999 ,  37.799   ,                            0.041442 ,           0.000484 ,             0.000367 , 0.210372 ,                 0.000334
         0 ,    0.111315 ,       0 ,0.111315 ,  40.6274  ,                            0.035081 ,           0.000474 ,             0.000346 , 0.075183 ,                 0.000231
         0 ,    4.64895  ,       0 ,4.64895  , 136.953   ,                            0.094345 ,           0.000894 ,             0.000667 , 4.55184  ,                 0.001203
         0 ,    0.234137 ,       0 ,0.234137 ,  57.1127  ,                            0.077785 ,           0.000643 ,             0.00039  , 0.155051 ,                 0.000268
         0 ,    0.958099 ,       0 ,0.958099 ,  81.0833  ,                            0.069621 ,           0.000714 ,             0.000551 , 0.886469 ,                 0.000744
         0 ,    1.83259  ,       0 ,1.83259  , 104.912   ,                            0.08968  ,           0.000893 ,             0.000688 , 1.74064  ,                 0.000695
         0 ,    0.252806 ,       0 ,0.252806 ,  55.6985  ,                            0.074638 ,           0.000746 ,             0.00066  , 0.176487 ,                 0.000275
         0 ,    0.268316 ,       0 ,0.268316 ,  49.0416  ,                            0.066209 ,           0.000512 ,             0.000355 , 0.200876 ,                 0.000364
         0 ,    0.442559 ,       0 ,0.442559 ,  75.799   ,                            0.075488 ,           0.000669 ,             0.0006   , 0.365291 ,                 0.000511
         0 ,    0.193552 ,       0 ,0.193552 ,  48.6274  ,                            0.059464 ,           0.000504 ,             0.00043  , 0.132936 ,                 0.000218
         0 ,    0.285427 ,       0 ,0.285427 ,  52.4558  ,                            0.058643 ,           0.000649 ,             0.000312 , 0.225331 ,                 0.000492
         0 ,    0.138182 ,       0 ,0.138182 ,  48.5563  ,                            0.060636 ,           0.000371 ,             0.000474 , 0.076478 ,                 0.000223
         0 ,    0.099462 ,       0 ,0.099462 ,  30.7279  ,                            0.03971  ,           0.00041  ,             0.000358 , 0.058747 ,                 0.000237
