time,t,pose_x,pose_y,pose_z,pose_roll,pose_pitch,pose_yaw,foot0_x,foot0_y,foot0_z,foot1_x,foot1_y,foot1_z,foot2_x,foot2_y,foot2_z,foot3_x,foot3_y,foot3_z,foot4_x,foot4_y,foot4_z,foot5_x,foot5_y,foot5_z,cfg0_x,cfg0_y,cfg0_z,cfg1_x,cfg1_y,cfg1_z,cfg2_x,cfg2_y,cfg2_z,cfg3_x,cfg3_y,cfg3_z,cfg4_x,cfg4_y,cfg4_z,cfg5_x,cfg5_y,cfg5_z,cfg0_dx,cfg0_dy,cfg0_dz,cfg1_dx,cfg1_dy,cfg1_dz,cfg2_dx,cfg2_dy,cfg2_dz,cfg3_dx,cfg3_dy,cfg3_dz,cfg4_dx,cfg4_dy,cfg4_dz,cfg5_dx,cfg5_dy,cfg5_dz,foot0_sdf,foot1_sdf,foot2_sdf,foot3_sdf,foot4_sdf,foot5_sdf,support0,support1,support2,support3,support4,support5
0.324648,0,1,0,0.24,-0,0,-0,1.35,-0.279998,1.62381e-06,1.05,-0.34,0,0.649998,-0.279998,1.62381e-06,1.35,0.28,0,1.05,0.339998,1.62381e-06,0.65,0.28,0,-0.0175394,1.48075,1.12698,-0.0175394,1.48075,1.12698,0.0175394,1.48075,1.12698,-0.0175394,1.48075,1.12698,-0.0175394,1.48075,1.12698,0.0175394,1.48075,1.12698,-7.20104e-07,-0.14382,-0.136095,nan,nan,nan,7.20104e-07,-0.14382,-0.136095,nan,nan,nan,-7.20104e-07,-0.14382,-0.136095,nan,nan,nan,1.62381e-06,0,1.62381e-06,0,1.62381e-06,0,1,1,1,1,1,1
0.324706,0.05,1.005,0,0.24,-0,0,-0,1.35581,-0.278516,0.0203193,1.05,-0.34,0,0.655843,-0.278476,0.0206625,1.35,0.28,0,1.05584,0.338459,0.020413,0.65,0.28,0,-0.013586,1.31504,0.972373,-0.0427183,1.4843,1.12485,0.0219541,1.31347,0.968938,-0.0427183,1.4843,1.12485,-0.0134492,1.31438,0.971579,-0.00749235,1.4769,1.12938,0.00643045,-0.130409,-0.119844,nan,nan,nan,0.00709319,-0.129678,-0.122325,nan,nan,nan,0.00663143,-0.130603,-0.120307,nan,nan,nan,0.0203193,0,0.0206625,0,0.020413,0,0,1,0,1,0,1
0.364958,0.1,1.01,0,0.24,-0,0,-0,1.36306,-0.274759,0.0375883,1.05,-0.34,0,0.663201,-0.27464,0.0383964,1.35,0.28,0,1.06316,0.334531,0.0378078,0.65,0.28,0,-0.00227168,1.16559,0.837205,-0.0680149,1.48756,1.12298,0.0345874,1.16352,0.827721,-0.0680149,1.48756,1.12298,-0.00174211,1.16411,0.835157,-0.0323487,1.4728,1.13206,0.0121818,-0.116925,-0.103917,nan,nan,nan,0.0134388,-0.115495,-0.108581,nan,nan,nan,0.0125644,-0.117264,-0.104783,nan,nan,nan,0.0375883,0,0.0383964,0,0.0378078,0,0,1,0,1,0,1
0.404963,0.15,1.015,0,0.24,-0,0,-0,1.37146,-0.269666,0.0517513,1.05,-0.34,0,0.67176,-0.269478,0.0531073,1.35,0.28,0,1.07168,0.329154,0.052111,0.65,0.28,0,0.015582,1.03248,0.72109,-0.0933985,1.49048,1.12135,0.0545257,1.03095,0.703298,-0.0933985,1.49048,1.12135,0.0167343,1.03009,0.717395,-0.057003,1.46847,1.13503,0.0172534,-0.103367,-0.088313,nan,nan,nan,0.0190375,-0.101272,-0.0948639,nan,nan,nan,0.0177983,-0.103804,-0.089524,nan,nan,nan,0.0517513,0,0.0531073,0,0.052111,0,0,1,0,1,0,1
0.445331,0.2,1.02,0,0.24,-0,0,-0,1.38075,-0.264027,0.0629664,1.05,-0.34,0,0.681217,-0.263805,0.0649242,1.35,0.28,0,1.08108,0.323126,0.0634659,0.65,0.28,0,0.0391536,0.915798,0.623635,-0.118837,1.49306,1.11995,0.0808555,0.915791,0.595638,-0.118837,1.49306,1.11995,0.0411324,0.912459,0.617974,-0.0814302,1.46394,1.13831,0.0216452,-0.0897377,-0.0730331,nan,nan,nan,0.0238893,-0.0870093,-0.0811734,nan,nan,nan,0.022333,-0.0902218,-0.0745289,nan,nan,nan,0.0629664,0,0.0649242,0,0.0634659,0,0,1,0,1,0,1
0.485006,0.25,1.025,0,0.24,-0,0,-0,1.39071,-0.258472,0.0715261,1.05,-0.34,0,0.691325,-0.258262,0.0741134,1.35,0.28,0,1.09116,0.317089,0.0721548,0.65,0.28,0,0.0676215,0.815628,0.544448,-0.144299,1.49527,1.11879,0.112663,0.818106,0.504708,-0.144299,1.49527,1.11879,0.0706044,0.811369,0.536572,-0.105607,1.45923,1.1419,0.0253571,-0.0760352,-0.0580768,nan,nan,nan,0.0279943,-0.0727068,-0.0675096,nan,nan,nan,0.0261686,-0.0765187,-0.0597979,nan,nan,nan,0.0715261,0,0.0741134,0,0.0721548,0,0,1,0,1,0,1
0.525157,0.3,1.03,0,0.24,-0,0,-0,1.40121,-0.253476,0.0777886,1.05,-0.34,0,0.701923,-0.253326,0.0810056,1.35,0.28,0,1.10175,0.311532,0.0785289,0.65,0.28,0,0.100164,0.732061,0.483141,-0.169751,1.4971,1.11785,0.149035,0.73794,0.430474,-0.169751,1.4971,1.11785,0.104303,0.726966,0.47287,-0.129512,1.45437,1.14582,0.0283893,-0.0622599,-0.0434441,nan,nan,nan,0.0313524,-0.0583643,-0.0538723,nan,nan,nan,0.029305,-0.0626942,-0.0453311,nan,nan,nan,0.0777887,0,0.0810057,0,0.0785289,0,0,1,0,1,0,1
0.565145,0.35,1.035,0,0.24,-0,0,-0,1.41217,-0.249373,0.0821214,1.05,-0.34,0,0.712927,-0.249325,0.0859382,1.35,0.28,0,1.11278,0.306802,0.0829524,0.65,0.28,0,0.135961,0.665184,0.43932,-0.19516,1.49853,1.11712,0.189058,0.675342,0.372906,-0.19516,1.49853,1.11712,0.14138,0.659398,0.426547,-0.153125,1.44941,1.15009,0.0307417,-0.048412,-0.0291351,nan,nan,nan,0.0339636,-0.0439819,-0.0402616,nan,nan,nan,0.0317423,-0.0487483,-0.0311285,nan,nan,nan,0.0821214,0,0.0859382,0,0.0829524,0,0,1,0,1,0,1
0.605424,0.4,1.04,0,0.24,-0,0,-0,1.4236,-0.246374,0.0848585,1.05,-0.34,0,0.724324,-0.246466,0.0892123,1.35,0.28,0,1.12424,0.303127,0.085758,0.65,0.28,0,0.174189,0.615085,0.412595,-0.220493,1.49957,1.11661,0.231818,0.630361,0.331969,-0.220493,1.49957,1.11661,0.180988,0.608812,0.397283,-0.176428,1.44436,1.15471,0.0324143,-0.0344913,-0.0151498,nan,nan,nan,0.035828,-0.0295596,-0.0266775,nan,nan,nan,0.0334804,-0.034681,-0.0171902,nan,nan,nan,0.0848586,0,0.0892123,0,0.085758,0,0,1,0,1,0,1
0.645502,0.45,1.045,0,0.24,-0,0,-0,1.43553,-0.244591,0.0862706,1.05,-0.34,0,0.736148,-0.244848,0.0910638,1.35,0.28,0,1.13616,0.300631,0.0872155,0.65,0.28,0,0.214028,0.581853,0.402574,-0.245716,1.50019,1.1163,0.276402,0.603045,0.307632,-0.245716,1.50019,1.1163,0.22228,0.575353,0.384758,-0.199406,1.43925,1.15971,0.033407,-0.0204978,-0.00148814,nan,nan,nan,0.0369454,-0.0150974,-0.01312,nan,nan,nan,0.0345193,-0.0204923,-0.00351605,nan,nan,nan,0.0862707,0,0.0910638,0,0.0872155,0,0,1,0,1,0,1
0.685272,0.5,1.05,0,0.24,-0,0,-0,1.44799,-0.244055,0.0865436,1.05,-0.34,0,0.748457,-0.244488,0.0916434,1.35,0.28,0,1.14857,0.29936,0.0875095,0.65,0.28,0,0.254655,0.565574,0.408868,-0.270798,1.5004,1.1162,0.321896,0.593443,0.299862,-0.270798,1.5004,1.1162,0.264408,0.559171,0.388651,-0.222045,1.43413,1.16509,0.03372,-0.00643166,0.0118499,nan,nan,nan,0.037316,-0.000595227,0.000410949,nan,nan,nan,0.0348592,-0.00618224,0.00989388,nan,nan,nan,0.0865436,0,0.0916435,0,0.0875095,0,0,1,0,1,0,1
0.725228,0.55,1.055,0,0.24,-0,0,-0,1.46102,-0.244732,0.0857656,1.05,-0.34,0,0.761303,-0.245334,0.0910057,1.35,0.28,0,1.16153,0.299291,0.0867258,0.65,0.28,0,0.295252,0.566357,0.431086,-0.295706,1.50019,1.1163,0.367386,0.601595,0.308633,-0.295706,1.50019,1.1163,0.306524,0.560415,0.408641,-0.244331,1.42901,1.17087,0.0333581,0.00775737,0.0248702,nan,nan,nan,0.0369403,0.0139222,0.0139303,nan,nan,nan,0.0345017,0.00825649,0.0230366,nan,nan,nan,0.0857656,0,0.0910058,0,0.0867258,0,0,1,0,1,0,1
0.765188,0.6,1.06,0,0.24,-0,0,-0,1.47463,-0.246534,0.0839171,1.05,-0.34,0,0.774712,-0.247289,0.089104,1.35,0.28,0,1.17504,0.300353,0.0848442,0.65,0.28,0,0.335008,0.584396,0.46885,-0.32041,1.49957,1.11661,0.411961,0.627498,0.333942,-0.32041,1.49957,1.11661,0.347786,0.579247,0.4444,-0.266254,1.42394,1.17706,0.0323274,0.0221293,0.0375801,nan,nan,nan,0.0358188,0.0284304,0.027453,nan,nan,nan,0.033449,0.0228321,0.0359087,nan,nan,nan,0.0839171,0,0.089104,0,0.0848442,0,0,1,0,1,0,1
0.805007,0.65,1.065,0,0.24,-0,0,-0,1.48874,-0.249331,0.080871,1.05,-0.34,0,0.788658,-0.250209,0.0857943,1.35,0.28,0,1.18905,0.302432,0.0817371,0.65,0.28,0,0.373114,0.619914,0.521787,-0.34488,1.49853,1.11712,0.454708,0.671142,0.375794,-0.34488,1.49853,1.11712,0.38735,0.615833,0.495602,-0.287806,1.41893,1.18367,0.0306277,0.0366842,0.0499795,nan,nan,nan,0.0339516,0.0429296,0.040979,nan,nan,nan,0.0317012,0.0375445,0.0485102,nan,nan,nan,0.080871,0,0.0857944,0,0.0817371,0,0,1,0,1,0,1
0.84522,0.7,1.07,0,0.24,-0,0,-0,1.50322,-0.252957,0.0763983,1.05,-0.34,0,0.803025,-0.253908,0.0808459,1.35,0.28,0,1.20343,0.305376,0.077176,0.65,0.28,0,0.408762,0.673131,0.589519,-0.369089,1.4971,1.11785,0.494715,0.732516,0.434193,-0.369089,1.4971,1.11785,0.424373,0.670339,0.561918,-0.30898,1.41403,1.19072,0.0282591,0.0514222,0.0620685,nan,nan,nan,0.0313385,0.0574196,0.0545083,nan,nan,nan,0.0292581,0.0523938,0.0608411,nan,nan,nan,0.0844632,0,0.0808459,0,0.077176,0,0,1,0,1,0,1
0.885306,0.75,1.075,0,0.24,-0,0,-0,1.51784,-0.257205,0.0701812,1.05,-0.34,0,0.81759,-0.258151,0.0739593,1.35,0.28,0,1.21796,0.308992,0.0708448,0.65,0.28,0,0.441143,0.744268,0.671673,-0.393009,1.49527,1.11879,0.531069,0.811608,0.509143,-0.393009,1.49527,1.11879,0.458014,0.742932,0.643019,-0.329768,1.40925,1.19821,0.0252216,0.0663432,0.0738471,nan,nan,nan,0.0279797,0.0719004,0.0680409,nan,nan,nan,0.0261198,0.06738,0.0729014,nan,nan,nan,0.0701812,0,0.0739593,0,0.0708448,0,0,1,0,1,0,1
0.925002,0.8,1.08,0,0.24,-0,0,-0,1.53222,-0.26181,0.0618374,1.05,-0.34,0,0.831985,-0.262658,0.0647954,1.35,0.28,0,1.23228,0.31303,0.0623657,0.65,0.28,0,0.469449,0.833547,0.767872,-0.416617,1.49306,1.11995,0.562859,0.908407,0.600647,-0.416617,1.49306,1.11995,0.487428,0.833776,0.738578,-0.350167,1.40462,1.20617,0.0215152,0.0814472,0.0853152,nan,nan,nan,0.0238752,0.0863722,0.0815769,nan,nan,nan,0.0222864,0.082503,0.0846911,nan,nan,nan,0.0618374,0,0.0647954,0,0.0623657,0,0,1,0,1,0,1
0.9651,0.85,1.085,0,0.24,-0,0,-0,1.54586,-0.266431,0.0509586,1.05,-0.34,0,0.845686,-0.267082,0.0530174,1.35,0.28,0,1.24588,0.317164,0.0513384,0.65,0.28,0,0.492873,0.941188,0.877743,-0.43989,1.49048,1.12135,0.589173,1.0229,0.708711,-0.43989,1.49048,1.12135,0.511772,0.943039,0.848267,-0.370175,1.40018,1.21459,0.0171399,0.0967342,0.0964728,nan,nan,nan,0.0190249,0.100835,0.0951162,nan,nan,nan,0.0177577,0.0977629,0.0962101,nan,nan,nan,0.0509586,0,0.0530174,0,0.0513384,0,0,1,0,1,0,1
1.0054,0.9,1.09,0,0.24,-0,0,-0,1.55809,-0.270609,0.0371679,1.05,-0.34,0,0.858001,-0.270996,0.0383491,1.35,0.28,0,1.25809,0.320959,0.0373983,0.65,0.28,0,0.510605,1.06741,1.00091,-0.462806,1.48756,1.12298,0.609097,1.15508,0.833337,-0.462806,1.48756,1.12298,0.530205,1.07089,0.971758,-0.389788,1.39594,1.22348,0.0120957,0.112204,0.10732,nan,nan,nan,0.0134288,0.115288,0.108659,nan,nan,nan,0.0125339,0.11316,0.107459,nan,nan,nan,0.0417801,0,0.0383491,0,0.0373983,0,1,1,1,1,1,1
1.04488,0.95,1.095,0,0.24,-0,0,-0,1.56811,-0.273736,0.0201993,1.05,-0.34,0,0.868087,-0.273863,0.0206492,1.35,0.28,0,1.26811,0.323829,0.0202962,0.65,0.28,0,0.521837,1.21244,1.137,-0.485347,1.4843,1.12485,0.62172,1.30493,0.974531,-0.485347,1.4843,1.12485,0.541883,1.21748,1.10872,-0.409008,1.39193,1.23287,0.00638257,0.127857,0.117857,nan,nan,nan,0.00708691,0.129733,0.122205,nan,nan,nan,0.00661483,0.128693,0.118437,nan,nan,nan,0.0201993,0,0.0206492,0,0.0202962,0,1,1,1,1,1,1
1.0925,0,1.1,0,0.24,-0,0,-0,1.575,-0.275,0,1.05,-0.339999,1.62381e-06,0.875,-0.275,0,1.35,0.279999,1.62381e-06,1.275,0.325,0,0.649999,0.279997,1.28085e-06,0.525761,1.3765,1.28563,-0.507497,1.48075,1.12698,0.62613,1.47245,1.1323,-0.507497,1.48075,1.12698,0.545964,1.38299,1.25883,-0.427833,1.38818,1.24275,nan,nan,nan,-7.20104e-07,-0.14382,-0.136095,nan,nan,nan,-7.20104e-07,-0.14382,-0.136095,nan,nan,nan,5.8707e-07,-0.144717,-0.129834,0,1.62381e-06,0,1.62381e-06,0,1.28085e-06,1,1,1,1,1,1
1.12492,0.05,1.105,0,0.24,-0,0,-0,1.575,-0.275,0,1.05748,-0.338602,0.0224522,0.875,-0.275,0,1.35619,0.280718,0.025587,1.275,0.325,0,0.657706,0.278324,0.0226923,0.508704,1.37917,1.27335,-0.49994,1.29854,0.955075,0.605832,1.47763,1.12892,-0.500533,1.26284,0.936586,0.528589,1.38671,1.24699,-0.420506,1.20264,1.07252,nan,nan,nan,0.0111225,-0.128926,-0.121207,nan,nan,nan,0.00910535,-0.144383,-0.116225,nan,nan,nan,0.0105866,-0.12778,-0.12001,0,0.0224522,0,0.025587,0,0.0226923,1,0,1,0,1,0
1.16498,0.1,1.11,0,0.24,-0,0,-0,1.575,-0.275,0,1.06911,-0.335126,0.0414463,0.875,-0.275,0,1.3648,0.282537,0.0475747,1.275,0.325,0,0.669919,0.274258,0.0415465,0.491253,1.3822,1.26161,-0.478273,1.13604,0.803006,0.585063,1.48261,1.12586,-0.480333,1.04536,0.775061,0.510785,1.39081,1.2357,-0.399455,1.03984,0.916046,nan,nan,nan,0.0211183,-0.114342,-0.106404,nan,nan,nan,0.0175233,-0.143254,-0.0978722,nan,nan,nan,0.0201501,-0.111322,-0.109627,0,0.0414463,0,0.0475747,0,0.0415465,1,0,1,0,1,0
1.20547,0.15,1.115,0,0.24,-0,0,-0,1.575,-0.275,0,1.08367,-0.330423,0.056903,0.875,-0.275,0,1.37573,0.285252,0.0658029,1.275,0.325,0,0.685284,0.268905,0.0566531,0.473401,1.38558,1.2504,-0.444002,0.992816,0.670661,0.563828,1.48736,1.12308,-0.447935,0.830869,0.640115,0.492546,1.39528,1.22495,-0.366073,0.89913,0.7741,nan,nan,nan,0.0299867,-0.100068,-0.0916871,nan,nan,nan,0.025253,-0.140434,-0.081037,nan,nan,nan,0.0286912,-0.0953426,-0.098684,0,0.056903,0,0.0658029,0,0.0566531,1,0,1,0,1,0
1.24505,0.2,1.12,0,0.24,-0,0,-0,1.575,-0.275,0,1.10009,-0.325116,0.0690214,0.875,-0.275,0,1.3888,0.288878,0.0805946,1.275,0.325,0,0.702592,0.263035,0.0684066,0.455145,1.38929,1.23972,-0.398633,0.868458,0.557925,0.542136,1.49186,1.12059,-0.404381,0.621914,0.529455,0.473865,1.4001,1.21475,-0.321752,0.779864,0.647441,nan,nan,nan,0.0377277,-0.0861051,-0.0770555,nan,nan,nan,0.0322946,-0.135921,-0.0657192,nan,nan,nan,0.0362099,-0.0798427,-0.0871815,0,0.0690214,0,0.0805214,0,0.0684066,1,0,1,0,1,0
1.28495,0.25,1.125,0,0.24,-0,0,-0,1.575,-0.275,0,1.11752,-0.319688,0.0781605,0.875,-0.275,0,1.40389,0.29344,0.0926349,1.275,0.325,0,0.720877,0.257213,0.077335,0.436481,1.3933,1.22956,-0.343672,0.762552,0.464684,0.519997,1.49608,1.11837,-0.350708,0.421055,0.440789,0.454736,1.40524,1.20507,-0.267885,0.681386,0.536833,nan,nan,nan,0.0443414,-0.0724527,-0.0625093,nan,nan,nan,0.0386483,-0.129708,-0.0519162,nan,nan,nan,0.0427061,-0.0648219,-0.0751193,0,0.0781605,0,0.0861849,0,0.0773351,1,0,1,0,1,0
1.32516,0.3,1.13,0,0.24,-0,0,-0,1.575,-0.275,0,1.13537,-0.314531,0.0847453,0.875,-0.275,0,1.421,0.298776,0.102782,1.275,0.325,0,0.739449,0.251866,0.0839773,0.417405,1.39759,1.21991,-0.280638,0.674723,0.390828,0.497423,1.49998,1.1164,-0.287948,0.231133,0.371917,0.435154,1.41067,1.1959,-0.20589,0.603069,0.443019,nan,nan,nan,0.0498025,-0.0590091,-0.0480372,nan,nan,nan,0.0443301,-0.121324,-0.0394775,nan,nan,nan,0.0481221,-0.050219,-0.0625399,0,0.0847453,0,0.0763304,0,0.0839773,1,0,1,0,1,0
1.36538,0.35,1.135,0,0.24,-0,0,-0,1.575,-0.275,0,1.1533,-0.309959,0.0891984,0.875,-0.275,0,1.44028,0.304432,0.11185,1.275,0.325,0,0.757871,0.247313,0.0888061,0.397915,1.40214,1.21075,-0.2111,0.604819,0.336274,0.47443,1.50355,1.11468,-0.217104,0.0557223,0.320871,0.415116,1.41639,1.18725,-0.137305,0.544414,0.366655,nan,nan,nan,0.0540738,-0.0456236,-0.0336225,nan,nan,nan,0.0493495,-0.110495,-0.028315,nan,nan,nan,0.0523812,-0.0359526,-0.0494999,0,0.0891984,0,0.0683932,0,0.0888061,1,0,1,0,1,0
1.40535,0.4,1.14,0,0.24,-0,0,-0,1.575,-0.275,0,1.17115,-0.30623,0.0919015,0.875,-0.275,0,1.46185,0.309675,0.12045,1.275,0.325,0,0.775939,0.243817,0.0921882,0.378011,1.40694,1.20209,-0.13665,0.552764,0.300943,0.451035,1.50675,1.11318,-0.139179,-0.10148,0.285724,0.394618,1.42235,1.1791,-0.0637057,0.504965,0.308369,nan,nan,nan,0.0571549,-0.0322949,-0.0192651,nan,nan,nan,0.0537063,-0.0972192,-0.0184288,nan,nan,nan,0.0554832,-0.0220225,-0.0359993,0,0.0919016,0,0.0394727,0,0.0921882,1,0,1,0,1,0
1.44529,0.45,1.145,0,0.24,-0,0,-0,1.575,-0.275,0,1.18895,-0.303551,0.0931666,0.875,-0.275,0,1.48568,0.31359,0.128865,1.275,0.325,0,0.793648,0.241606,0.0943618,0.357691,1.41194,1.19391,-0.0588778,0.518482,0.28476,0.427256,1.50957,1.11191,-0.0551719,-0.23678,0.264548,0.37366,1.42853,1.17144,0.0133308,0.484263,0.268786,nan,nan,nan,0.0590459,-0.019023,-0.00496486,nan,nan,nan,0.0574005,-0.0814978,-0.00981881,nan,nan,nan,0.0574281,-0.00842868,-0.0220383,0,0.0931666,0,0.0226574,0,0.0943618,1,0,1,0,1,0
1.48552,0.5,1.15,0,0.24,-0,0,-0,1.575,-0.275,0,1.20686,-0.302066,0.093216,0.875,-0.275,0,1.51147,0.315301,0.13703,1.275,0.325,0,0.811147,0.240857,0.0954284,0.336959,1.41712,1.18621,0.0206261,0.501898,0.287649,0.403117,1.51199,1.11085,0.0337351,-0.346846,0.255483,0.35224,1.4349,1.16426,0.0922284,0.481849,0.248536,nan,nan,nan,0.0597467,-0.00580774,0.00927814,nan,nan,nan,0.0600108,-0.0641779,-0.00232598,nan,nan,nan,0.0582157,0.00482891,-0.00761672,0,0.093216,0,0.0201223,0,0.0954284,1,0,1,0,1,0
1.52556,0.55,1.155,0,0.24,-0,0,-0,1.575,-0.275,0,1.22505,-0.30183,0.0921747,0.875,-0.275,0,1.53843,0.314407,0.144811,1.275,0.325,0,0.828684,0.241649,0.0953615,0.315815,1.42246,1.17896,0.100247,0.50302,0.30944,0.378641,1.514,1.10999,0.125222,-0.430634,0.257099,0.330361,1.44143,1.15754,0.171402,0.497358,0.248146,nan,nan,nan,0.0592026,0.00754242,0.0232568,nan,nan,nan,0.060804,-0.0467338,0.00432652,nan,nan,nan,0.0578255,0.0179637,0.00703845,0,0.0921747,0,0.0251717,0,0.0953616,1,0,1,0,1,0
1.56518,0.6,1.16,0,0.24,-0,0,-0,1.575,-0.275,0,1.24368,-0.302724,0.0900658,0.875,-0.275,0,1.56558,0.310926,0.15199,1.275,0.325,0,0.846494,0.243847,0.0940402,0.294263,1.42793,1.17216,0.178272,0.522203,0.349592,0.353855,1.51557,1.10933,0.216524,-0.487996,0.268135,0.308023,1.44809,1.15127,0.249224,0.53085,0.267695,nan,nan,nan,0.0573575,0.021224,0.0367586,nan,nan,nan,0.0597669,-0.029192,0.0101437,nan,nan,nan,0.0562325,0.0312303,0.0216564,0,0.0900658,0,0.0313535,0,0.0940403,1,0,1,0,1,0
1.60516,0.65,1.165,0,0.24,-0,0,-0,1.575,-0.275,0,1.2628,-0.304566,0.0867847,0.875,-0.275,0,1.59196,0.305218,0.158223,1.275,0.325,0,0.864727,0.247212,0.0912467,0.272311,1.43349,1.16579,0.252962,0.559891,0.407469,0.328786,1.5167,1.10886,0.304878,-0.518784,0.287327,0.285233,1.45484,1.14544,0.324058,0.582504,0.307131,nan,nan,nan,0.0542114,0.035237,0.0497838,nan,nan,nan,0.0568995,-0.0115527,0.0151255,nan,nan,nan,0.0534367,0.0446295,0.0362367,0,0.0867848,0,0.0371722,0,0.0912467,1,0,1,0,1,0
1.64528,0.7,1.17,0,0.24,-0,0,-0,1.575,-0.275,0,1.28229,-0.307165,0.0820929,0.875,-0.275,0,1.61673,0.297963,0.163067,1.275,0.325,0,0.883388,0.251461,0.0866685,0.249963,1.43912,1.15985,0.322578,0.616526,0.482432,0.303465,1.51738,1.10859,0.387442,-0.522753,0.313398,0.261997,1.46164,1.14003,0.394264,0.652501,0.366402,nan,nan,nan,0.0497644,0.0495815,0.0623323,nan,nan,nan,0.0519709,0.00648849,0.019225,nan,nan,nan,0.0494382,0.058161,0.0507793,0,0.082093,0,0.0422824,0,0.0866685,1,0,1,0,1,0
1.68543,0.75,1.175,0,0.24,-0,0,-0,1.575,-0.275,0,1.30184,-0.310333,0.0756275,0.875,-0.275,0,1.63895,0.290147,0.165845,1.275,0.325,0,0.902288,0.256281,0.0799157,0.227229,1.44478,1.15431,0.385383,0.692551,0.573846,0.277923,1.51761,1.10849,0.460427,-0.498404,0.344879,0.238323,1.46847,1.13503,0.458203,0.74102,0.445459,nan,nan,nan,0.0440172,0.0642578,0.0744043,nan,nan,nan,0.0441622,0.0260103,0.0222752,nan,nan,nan,0.0442369,0.0718252,0.065284,0,0.0756275,0,0.0450609,0,0.0799157,1,0,1,0,1,0
1.72525,0.8,1.18,0,0.24,-0,0,-0,1.575,-0.275,0,1.32093,-0.313886,0.0669228,0.875,-0.275,0,1.65768,0.282981,0.1657,1.275,0.325,0,0.920993,0.261336,0.0705522,0.204121,1.45044,1.14918,0.439728,0.788446,0.681106,0.252194,1.51738,1.10859,0.519386,-0.443373,0.380164,0.214221,1.47528,1.13042,0.514235,0.848286,0.544217,nan,nan,nan,0.0371577,0.0793436,0.0860678,nan,nan,nan,0.0334014,0.0471078,0.0242615,nan,nan,nan,0.0378247,0.0857095,0.0796869,0,0.0669228,0,0.0433158,0,0.0705522,1,0,1,0,1,0
1.76509,0.85,1.185,0,0.24,-0,0,-0,1.575,-0.275,0,1.33887,-0.317579,0.0554471,0.875,-0.275,0,1.672,0.277619,0.161743,1.275,0.325,0,0.938767,0.266236,0.0581453,0.18065,1.45607,1.14442,0.484257,0.904813,0.803712,0.226311,1.5167,1.10886,0.559858,-0.355281,0.417646,0.189705,1.48205,1.12619,0.560702,0.974664,0.662491,nan,nan,nan,0.0293262,0.0948971,0.0973735,nan,nan,nan,0.0196884,0.069781,0.0251838,nan,nan,nan,0.0301948,0.0998859,0.0939353,0,0.0554471,0,0.0406817,0,0.0581453,1,0,1,0,1,0
1.80531,0.9,1.19,0,0.24,-0,0,-0,1.575,-0.275,0,1.35468,-0.321068,0.0406818,0.875,-0.275,0,1.68076,0.27481,0.153165,1.275,0.325,0,0.954582,0.270545,0.0423312,0.156831,1.46164,1.14003,0.517672,1.04228,0.941187,0.200311,1.51557,1.10933,0.577385,-0.231746,0.455718,0.164791,1.48872,1.12232,0.595946,1.12055,0.800069,nan,nan,nan,0.0205229,0.110918,0.108321,nan,nan,nan,0.00302317,0.0940299,0.0250423,nan,nan,nan,0.0213472,0.114354,0.108029,0,0.0406818,0,0.032913,0,0.0423312,1,1,1,1,1,1
1.84534,0.95,1.195,0,0.24,-0,0,-0,1.575,-0.275,0,1.36719,-0.323821,0.0222355,0.875,-0.275,0,1.6824,0.274449,0.139449,1.275,0.325,0,0.967145,0.273719,0.0229147,0.132681,1.46711,1.13599,0.538674,1.20146,1.09305,0.174228,1.514,1.10999,0.567505,-0.0703889,0.492772,0.139495,1.49527,1.11879,0.618308,1.28635,0.95674,nan,nan,nan,0.0107477,0.127407,0.118911,nan,nan,nan,-0.0165942,0.119854,0.0238367,nan,nan,nan,0.0112821,0.129115,0.121969,0,0.0222355,0,0.0193484,0,0.0229147,1,1,1,1,1,1
1.90214,0,1.2,0,0.24,-0,0,-0,1.575,-0.274998,1.60237e-06,1.375,-0.325,0,0.874998,-0.274999,1.69689e-06,1.675,0.275,0.120784,1.275,0.324998,1.67391e-06,0.975,0.275,0,0.108218,1.47245,1.1323,0.545964,1.38299,1.25883,0.148098,1.51199,1.11085,0.525761,0.131171,0.527202,0.113838,1.50165,1.11559,0.62613,1.47245,1.1323,-7.0988e-07,-0.144168,-0.135754,nan,nan,nan,7.57848e-07,-0.142253,-0.137165,nan,nan,nan,-7.45454e-07,-0.142813,-0.136845,nan,nan,nan,1.60237e-06,0,1.69689e-06,-0.00951595,1.67391e-06,0,1,1,1,1,1,1
1.92502,0.05,1.205,0,0.241007,-0,0,-0,1.58056,-0.274948,0.00928351,1.375,-0.325,0,0.880417,-0.273426,0.0211416,1.675,0.275,0.120784,1.28029,0.323268,0.0204445,0.975,0.275,0,0.110983,1.40463,1.07051,0.528589,1.39479,1.25425,0.151546,1.35148,0.956003,0.508704,0.125653,0.509225,0.116362,1.34593,0.96643,0.605832,1.48566,1.13653,0.0108831,-0.127184,-0.111608,nan,nan,nan,0.00566324,-0.126072,-0.12167,nan,nan,nan,0.00430402,-0.126612,-0.121203,nan,nan,nan,0.00928351,0,0.0211416,-0.00951595,0.0204445,0,0,1,0,1,0,1
1.96523,0.1,1.21,0,0.242013,-0,0,-0,1.58717,-0.274896,0.0171601,1.375,-0.325,0,0.886652,-0.269515,0.0393007,1.675,0.275,0.120784,1.28615,0.318888,0.0379965,0.975,0.275,0,0.118919,1.34521,1.02048,0.510785,1.40697,1.25029,0.161415,1.21018,0.819597,0.491253,0.120986,0.491906,0.123644,1.20874,0.835259,0.585062,1.49862,1.1411,0.020679,-0.110516,-0.0886885,nan,nan,nan,0.0107331,-0.110129,-0.106344,nan,nan,nan,0.00822998,-0.110762,-0.10573,nan,nan,nan,0.0171601,0,0.0393007,-0.00951595,0.0379965,0,0,1,0,1,0,1
2.00532,0.15,1.215,0,0.24302,-0,0,-0,1.59475,-0.274957,0.0237148,1.375,-0.325,0,0.89362,-0.264335,0.0544425,1.675,0.275,0.120784,1.29253,0.312939,0.0526403,0.975,0.275,0,0.131481,1.29406,0.981613,0.492546,1.41952,1.24695,0.176996,1.08782,0.701429,0.473401,0.117234,0.475282,0.135247,1.08968,0.721878,0.563828,1.51131,1.146,0.0293871,-0.0941639,-0.0669949,nan,nan,nan,0.0152104,-0.0944216,-0.091188,nan,nan,nan,0.0117771,-0.0952647,-0.0904288,nan,nan,nan,0.0237148,0,0.0544425,-0.00951595,0.0526403,0,0,1,0,1,0,1
2.04532,0.2,1.22,0,0.244026,-0,0,-0,1.60322,-0.2752,0.0290451,1.375,-0.325,0,0.901222,-0.258755,0.066732,1.675,0.275,0.120784,1.29937,0.306307,0.0645374,0.975,0.275,0,0.148125,1.251,0.953284,0.473865,1.43239,1.24421,0.197581,0.984111,0.601295,0.455145,0.114465,0.459392,0.150731,0.988323,0.62609,0.542136,1.52368,1.15121,0.0370074,-0.0781279,-0.0465275,nan,nan,nan,0.019095,-0.0789514,-0.076201,nan,nan,nan,0.0149455,-0.0801196,-0.0752976,nan,nan,nan,0.0334411,0,0.066732,-0.00951595,0.0645374,0,0,1,0,1,0,1
2.08533,0.25,1.225,0,0.245033,-0,0,-0,1.61251,-0.275655,0.033253,1.375,-0.325,0,0.909378,-0.253437,0.0764421,1.675,0.275,0.120784,1.30664,0.299691,0.0739438,0.975,0.275,0,0.168307,1.21588,0.934881,0.454736,1.44557,1.24206,0.222459,0.898774,0.518994,0.436481,0.112752,0.444275,0.16966,0.904276,0.547697,0.519997,1.53572,1.1567,0.0435399,-0.0624079,-0.0272863,nan,nan,nan,0.022387,-0.063718,-0.0613834,nan,nan,nan,0.017735,-0.0653265,-0.0603369,nan,nan,nan,0.0327198,0,0.0764421,-0.00951595,0.0739438,0,0,1,0,1,0,1
2.12522,0.3,1.23,0,0.246039,-0,0,-0,1.62256,-0.276322,0.0364378,1.375,-0.325,0,0.918051,-0.248859,0.083881,1.675,0.275,0.120784,1.3143,0.293613,0.0811467,0.975,0.275,0,0.191484,1.18854,0.925793,0.435154,1.45902,1.24049,0.250922,0.831524,0.454323,0.417405,0.112168,0.429976,0.191595,0.837129,0.486504,0.497423,1.5474,1.16247,0.0489845,-0.0470039,-0.00927115,nan,nan,nan,0.0250864,-0.0487214,-0.0467352,nan,nan,nan,0.0201458,-0.0508856,-0.0455466,nan,nan,nan,0.0315016,0,0.0838811,-0.00951595,0.0811467,0,0,1,0,1,0,1
2.16527,0.35,1.235,0,0.247046,-0,0,-0,1.63328,-0.277169,0.0386901,1.375,-0.325,0,0.927241,-0.245336,0.089341,1.675,0.275,0.120784,1.32237,0.288453,0.08642,0.975,0.275,0,0.217111,1.16882,0.925406,0.415116,1.47271,1.23949,0.28226,0.782078,0.407078,0.397915,0.112791,0.416539,0.216098,0.786474,0.442312,0.47443,1.55869,1.1685,0.0533414,-0.0319158,0.00751785,nan,nan,nan,0.0271932,-0.0339616,-0.0322562,nan,nan,nan,0.0221777,-0.0367969,-0.0309268,nan,nan,nan,0.0298286,0,0.089341,-0.00951595,0.08642,0,0,1,0,1,0,1
2.20519,0.4,1.24,0,0.248052,-0,0,-0,1.64461,-0.278144,0.0400878,1.375,-0.325,0,0.936983,-0.243051,0.0930635,1.675,0.275,0.120784,1.33089,0.284464,0.0899956,0.975,0.275,0,0.244644,1.15657,0.933107,0.394618,1.4866,1.23905,0.315765,0.750151,0.377058,0.378011,0.114694,0.404009,0.242732,0.751906,0.414924,0.451035,1.56959,1.17478,0.0566103,-0.0171437,0.0230807,nan,nan,nan,0.0287074,-0.0194387,-0.0179466,nan,nan,nan,0.0238309,-0.0230603,-0.0164775,nan,nan,nan,0.0277345,0,0.0930635,-0.00951595,0.0899956,0,0,1,0,1,0,1
2.24496,0.45,1.245,0,0.249059,-0,0,-0,1.65645,-0.279181,0.0406935,1.375,-0.325,0,0.947327,-0.242079,0.0952189,1.675,0.275,0.120784,1.33994,0.281802,0.0920475,0.975,0.275,0,0.27354,1.15162,0.948282,0.37366,1.50066,1.23914,0.350728,0.735462,0.36406,0.357691,0.11795,0.392431,0.271058,0.733015,0.404144,0.427256,1.58006,1.18129,0.0587915,-0.00268766,0.0374175,nan,nan,nan,0.029629,-0.00515246,-0.00380636,nan,nan,nan,0.0251052,-0.00967584,-0.00219867,nan,nan,nan,0.0277298,0,0.0952189,-0.00951595,0.0920475,0,0,1,0,1,0,1
2.28493,0.5,1.25,0,0.250065,-0,0,-0,1.6687,-0.280202,0.0405537,1.375,-0.325,0,0.958321,-0.242407,0.0958969,1.675,0.275,0.120784,1.34959,0.28054,0.0926846,0.975,0.275,0,0.303254,1.15383,0.97032,0.35224,1.51486,1.23976,0.386438,0.737726,0.367881,0.336959,0.122628,0.381848,0.300638,0.729396,0.409775,0.403117,1.59011,1.18803,0.0598848,0.0114525,0.0505281,nan,nan,nan,0.0299579,0.00889694,0.0101646,nan,nan,nan,0.0260007,0.00335648,0.0119097,nan,nan,nan,0.0271921,0,0.0958969,-0.00951595,0.0926846,0,0,1,0,1,0,1
2.32492,0.55,1.255,0,0.251072,-0,0,-0,1.68124,-0.281128,0.0396984,1.375,-0.325,0,0.969994,-0.24395,0.0951048,1.675,0.275,0.120784,1.35992,0.280687,0.0919498,0.975,0.275,0,0.333243,1.16302,0.998606,0.330361,1.52915,1.24088,0.422186,0.756659,0.388319,0.315815,0.128786,0.372303,0.331021,0.740655,0.431625,0.378641,1.59971,1.19498,0.0598903,0.0252766,0.0624125,nan,nan,nan,0.0296901,0.0227065,0.0239662,nan,nan,nan,0.0264741,0.0160825,0.0258693,nan,nan,nan,0.0263746,0,0.0951049,-0.00951595,0.0970961,0,0,1,0,1,0,1
2.36503,0.6,1.26,0,0.252078,-0,0,-0,1.6939,-0.28188,0.0381428,1.375,-0.325,0,0.982328,-0.246567,0.0927734,1.675,0.275,0.120784,1.371,0.282201,0.0898211,0.975,0.275,0,0.362963,1.17905,1.03253,0.308023,1.5435,1.24249,0.457252,0.79197,0.42517,0.294263,0.136471,0.363831,0.361661,0.7665,0.469552,0.353855,1.60886,1.20214,0.058808,0.0387847,0.0730709,nan,nan,nan,0.0288162,0.0362696,0.0375985,nan,nan,nan,0.0264441,0.0285877,0.0397207,nan,nan,nan,0.0252382,0,0.0927734,-0.00951595,0.0925813,0,0,1,0,1,0,1
2.4055,0.65,1.265,0,0.253085,-0,0,-0,1.70653,-0.282387,0.035889,1.375,-0.325,0,0.995245,-0.25007,0.0887676,1.675,0.275,0.120784,1.38283,0.284995,0.0862209,0.975,0.275,0,0.39187,1.20176,1.07147,0.285233,1.55788,1.24458,0.490908,0.843362,0.478233,0.272311,0.145715,0.356462,0.391974,0.806676,0.523432,0.328786,1.61756,1.2095,0.0566378,0.0519769,0.0825031,nan,nan,nan,0.0273361,0.0495859,0.0510616,nan,nan,nan,0.025909,0.0408741,0.0534647,nan,nan,nan,0.025246,0,0.0887676,-0.00951595,0.0866565,0,0,1,0,1,0,1
2.44524,0.7,1.27,0,0.254091,-0,0,-0,1.71891,-0.282588,0.0329301,1.375,-0.325,0,1.00858,-0.254227,0.0829048,1.675,0.275,0.120784,1.39539,0.288942,0.08103,0.975,0.275,0,0.41942,1.23098,1.11483,0.261997,1.57225,1.24712,0.522431,0.910542,0.547305,0.249963,0.156532,0.350221,0.421377,0.860931,0.59314,0.303465,1.6258,1.21705,0.0533798,0.0648531,0.0907092,nan,nan,nan,0.0252497,0.0626556,0.0643554,nan,nan,nan,0.0248687,0.0529417,0.0671013,nan,nan,nan,0.0244895,0,0.0829049,-0.00951595,0.0792347,0,0,1,0,1,0,1
2.48526,0.75,1.275,0,0.255098,-0,0,-0,1.73083,-0.282432,0.0292536,1.375,-0.325,0,1.02207,-0.258768,0.0749788,1.675,0.275,0.120784,1.40859,0.293872,0.0741024,0.975,0.275,0,0.445068,1.26656,1.16198,0.238323,1.58657,1.2501,0.551095,0.993213,0.632184,0.227229,0.168912,0.345121,0.449285,0.929012,0.678553,0.277923,1.63357,1.2248,0.049034,0.0774133,0.0976892,nan,nan,nan,0.022557,0.0754785,0.0774799,nan,nan,nan,0.0233234,0.0647904,0.0806306,nan,nan,nan,0.0232109,0,0.0749788,-0.00951595,0.0695999,0,0,1,0,1,0,1
2.52515,0.8,1.28,0,0.256105,-0,0,-0,1.74207,-0.281878,0.0248469,1.375,-0.325,0,1.03535,-0.263386,0.0647901,1.675,0.275,0.120784,1.42226,0.299581,0.0652863,0.975,0.275,0,0.468272,1.30834,1.21231,0.214221,1.6008,1.25349,0.576174,1.09108,0.732666,0.204121,0.182823,0.341166,0.475114,1.01067,0.779545,0.252194,1.6409,1.23273,0.0436003,0.0896575,0.103443,nan,nan,nan,0.019258,0.0880547,0.0904352,nan,nan,nan,0.0212729,0.0764204,0.0940526,nan,nan,nan,0.0203548,0,0.0647901,-0.00951595,0.0587706,0,0,1,0,1,0,1
2.56523,0.85,1.285,0,0.257111,-0,0,-0,1.75235,-0.280895,0.0197029,1.375,-0.325,0,1.04791,-0.267735,0.0521855,1.675,0.275,0.120784,1.43613,0.30583,0.0544484,0.975,0.275,0,0.488487,1.35616,1.26522,0.189705,1.61491,1.25728,0.596942,1.20385,0.848549,0.18065,0.198206,0.338349,0.498281,1.10564,0.895994,0.226311,1.64778,1.24086,0.0370789,0.101586,0.107971,nan,nan,nan,0.0153527,0.100384,0.103221,nan,nan,nan,0.0187173,0.0878315,0.107367,nan,nan,nan,0.0164761,0,0.0521854,-0.00951595,0.0409713,0,0,1,0,1,0,1
2.60517,0.9,1.29,0,0.258118,-0,0,-0,1.76144,-0.279449,0.0138266,1.375,-0.325,0,1.05916,-0.271425,0.0371018,1.675,0.275,0.120784,1.44986,0.312353,0.0415042,0.975,0.275,0,0.50517,1.40987,1.32008,0.164791,1.62886,1.26145,0.612675,1.33123,0.979631,0.156831,0.214977,0.336651,0.5182,1.21368,1.02777,0.200311,1.65422,1.24918,0.0294696,0.113198,0.111272,nan,nan,nan,0.0108412,0.112467,0.115838,nan,nan,nan,0.0156566,0.0990237,0.120574,nan,nan,nan,0.0116402,0,0.0371018,-0.00951595,0.0272301,0,1,1,1,1,1,1
2.64521,0.95,1.295,0,0.259124,-0,0,-0,1.76907,-0.277501,0.0072424,1.375,-0.325,0,1.06842,-0.274014,0.019617,1.675,0.275,0.120784,1.46299,0.318849,0.0264525,0.975,0.275,0,0.517776,1.46931,1.37628,0.139495,1.64262,1.26598,0.622646,1.47291,1.12571,0.132681,0.233027,0.336044,0.534289,1.33453,1.17476,0.174228,1.66024,1.25769,0.0207724,0.124494,0.113348,nan,nan,nan,0.00572331,0.124303,0.128285,nan,nan,nan,0.0120907,0.109997,0.133674,nan,nan,nan,0.00613997,0,0.019617,-0.00951595,0.025311,0,1,1,1,1,1,1
2.69355,0,1.3,0,0.260131,-0,0,-0,1.775,-0.275,0,1.375,-0.324998,1.65111e-06,1.075,-0.275,0,1.675,0.274997,0.120785,1.475,0.325,0.00941177,0.974998,0.274999,1.67124e-06,0.525761,1.53431,1.43322,0.113838,1.65615,1.27085,0.62613,1.62861,1.28658,0.108218,0.252226,0.336486,0.545964,1.46795,1.33684,0.148098,1.66584,1.26639,nan,nan,nan,-8.51925e-07,-0.134306,-0.14123,nan,nan,nan,0.0571685,-0.310808,-0.122902,nan,nan,nan,8.6609e-07,-0.133708,-0.141426,0,1.65111e-06,0,-0.00951485,-0.00179749,1.67124e-06,1,1,1,1,1,1
2.72517,0.05,1.305,0,0.260209,-0,0,-0,1.775,-0.275,0,1.38046,-0.323775,0.0202746,1.075,-0.275,0,1.70543,0.262661,0.135977,1.475,0.325,0.00941177,0.980474,0.27379,0.0202873,0.508704,1.53777,1.42193,0.116968,1.50437,1.11357,0.605832,1.63411,1.28401,0.243127,-0.266458,0.111938,0.528589,1.47238,1.32584,0.151552,1.51581,1.1084,nan,nan,nan,0.00520696,-0.122523,-0.124982,nan,nan,nan,0.0625123,-0.159592,-0.0795274,nan,nan,nan,0.00576002,-0.120869,-0.126691,0,0.0202746,0,0.0206795,-0.00179749,0.0202873,1,0,1,0,1,0
2.76503,0.1,1.31,0,0.260288,-0,0,-0,1.775,-0.275,0,1.38679,-0.320594,0.0381241,1.075,-0.275,0,1.73176,0.238557,0.133448,1.475,0.325,0.00941177,0.986848,0.270689,0.0382914,0.491253,1.54156,1.41119,0.125929,1.36663,0.975345,0.585062,1.63941,1.28174,0.383933,-0.492382,-0.0271332,0.510785,1.47719,1.31539,0.161438,1.38096,0.967722,nan,nan,nan,0.00986692,-0.110544,-0.108975,nan,nan,nan,0.0624394,-0.0491345,-0.0465006,nan,nan,nan,0.0109153,-0.107958,-0.11204,0,0.0381241,0,0.0295773,-0.00179749,0.0382914,1,0,1,0,1,0
2.80515,0.15,1.315,0,0.260366,-0,0,-0,1.775,-0.275,0,1.39387,-0.31617,0.0533255,1.075,-0.275,0,1.75011,0.208825,0.12683,1.475,0.325,0.00941177,0.994006,0.266442,0.0537878,0.473401,1.54566,1.40098,0.140074,1.24317,0.855897,0.563828,1.64448,1.27974,0.518516,-0.516746,-0.10388,0.492546,1.48234,1.3055,0.177045,1.26136,0.844264,nan,nan,nan,0.013979,-0.0983692,-0.0932106,nan,nan,nan,0.0569498,0.0205647,-0.0238216,nan,nan,nan,0.0154668,-0.0949737,-0.0974722,0,0.0533255,0,0.0200759,-0.00179749,0.0537878,1,0,1,0,1,0
2.84532,0.2,1.32,0,0.260444,-0,0,-0,1.775,-0.275,0,1.40159,-0.311154,0.0658467,1.075,-0.275,0,1.75908,0.178632,0.122154,1.475,0.325,0.00941177,1.00183,0.261702,0.0667335,0.455145,1.55006,1.3913,0.158754,1.1342,0.754936,0.542136,1.6493,1.27802,0.634754,-0.430751,-0.141458,0.473865,1.48781,1.29613,0.19766,1.15711,0.737926,nan,nan,nan,0.0175433,-0.0859981,-0.077688,nan,nan,nan,0.0460434,0.0495053,-0.0114903,nan,nan,nan,0.0194144,-0.0819169,-0.082988,0,0.0658467,0,0.0161256,-0.00179749,0.0667335,1,0,1,0,1,0
2.88499,0.25,1.325,0,0.260523,-0,0,-0,1.775,-0.275,0,1.40985,-0.306104,0.0757944,1.075,-0.275,0,1.7615,0.15437,0.120699,1.475,0.325,0.00941177,1.01021,0.257017,0.0772114,0.436481,1.55474,1.38215,0.181323,1.03998,0.672178,0.519997,1.65385,1.27654,0.720562,-0.325415,-0.162972,0.454736,1.49359,1.2873,0.222572,1.06829,0.64861,nan,nan,nan,0.0205597,-0.073431,-0.0624073,nan,nan,nan,0.0299217,0.0388274,-0.00920856,nan,nan,nan,0.0227581,-0.0687874,-0.0685874,0,0.0757944,0,0.0162124,-0.00179749,0.0772115,1,0,1,0,1,0
2.92526,0.3,1.33,0,0.260601,-0,0,-0,1.775,-0.275,0,1.4186,-0.301478,0.0833627,1.075,-0.275,0,1.76191,0.139288,0.12086,1.475,0.325,0.00941177,1.01909,0.252815,0.0853796,0.417405,1.55967,1.37349,0.207133,0.96072,0.607335,0.497423,1.6581,1.27531,0.76946,-0.259989,-0.183218,0.435154,1.49964,1.27898,0.251068,0.994993,0.576217,nan,nan,nan,0.0230282,-0.0606678,-0.0473685,nan,nan,nan,0.0143039,0.0209132,-0.00850563,nan,nan,nan,0.025498,-0.0555853,-0.0542705,0,0.0833627,0,0.0179254,-0.00179749,0.0853796,1,0,1,0,1,0
2.96526,0.35,1.335,0,0.26068,-0,0,-0,1.775,-0.275,0,1.42785,-0.297624,0.0887875,1.075,-0.275,0,1.42785,-0.297624,0.0887875,1.475,0.325,0.00941177,1.02845,0.249412,0.0914276,0.397915,1.56482,1.36534,0.235537,0.896661,0.560122,0.47443,1.66202,1.2743,0.786901,-0.226178,-0.199325,0.415116,1.50594,1.27117,0.282439,0.937295,0.52065,nan,nan,nan,0.0249489,-0.0477086,-0.0325717,nan,nan,nan,0.00180526,0.0105698,-0.00550821,nan,nan,nan,0.0276341,-0.0423104,-0.0400371,0,0.0887875,0,0.0887875,-0.00179749,0.0914276,1,0,1,0,1,0
3.00526,0.4,1.34,0,0.260758,-0,0,-0,1.775,-0.275,0,1.4376,-0.294788,0.0923082,1.075,-0.275,0,1.76486,0.130167,0.121926,1.475,0.325,0.00941177,1.03831,0.247015,0.095542,0.378011,1.57018,1.35767,0.265887,0.848033,0.530253,0.451034,1.6656,1.27352,0.779865,-0.20704,-0.206157,0.394618,1.51247,1.26386,0.315971,0.895287,0.481808,nan,nan,nan,0.0263217,-0.0345533,-0.0180168,nan,nan,nan,-0.00757428,0.00779724,-0.000216302,nan,nan,nan,0.0291663,-0.0289628,-0.0258874,0,0.0923082,0,0.0203017,-0.00179749,0.095542,1,0,1,0,1,0
3.04539,0.45,1.345,0,0.260837,-0,0,-0,1.775,-0.275,0,1.44791,-0.293122,0.0941372,1.075,-0.275,0,1.76827,0.132866,0.122567,1.475,0.325,0.00941177,1.0487,0.24574,0.0978805,0.357691,1.57572,1.35047,0.297535,0.815068,0.517442,0.427256,1.66882,1.27294,0.755331,-0.185637,-0.198581,0.37366,1.5192,1.25703,0.350953,0.869052,0.459594,nan,nan,nan,0.0271466,-0.0212021,-0.00370378,nan,nan,nan,-0.0138347,0.0125955,0.00737009,nan,nan,nan,0.0300946,-0.0155426,-0.0118212,0,0.0941372,0,0.0229633,-0.00179749,0.0978805,1,0,1,0,1,0
3.0853,0.5,1.35,0,0.260915,-0,0,-0,1.775,-0.275,0,1.45882,-0.292694,0.0944359,1.075,-0.275,0,1.77271,0.138715,0.123576,1.475,0.325,0.00941177,1.05967,0.245616,0.0985536,0.336959,1.58141,1.34374,0.329835,0.797997,0.521404,0.403117,1.67166,1.27256,0.720278,-0.145026,-0.171463,0.35224,1.52609,1.25066,0.386673,0.858678,0.45391,nan,nan,nan,0.0274238,-0.00765471,0.0103673,nan,nan,nan,-0.016976,0.0249647,0.017251,nan,nan,nan,0.0304192,-0.00204962,0.00216135,0,0.0944359,0,0.0264605,-0.00179749,0.0985536,1,0,1,0,1,0
3.1253,0.55,1.355,0,0.260993,-0,0,-0,1.775,-0.275,0,1.47036,-0.293496,0.0932981,1.075,-0.275,0,1.778,0.146766,0.124894,1.475,0.325,0.00941177,1.07123,0.246606,0.0976113,0.315815,1.58722,1.33745,0.362138,0.797053,0.54185,0.378641,1.67411,1.27238,0.681214,-0.0709132,-0.120314,0.330361,1.53312,1.24476,0.422419,0.864244,0.464671,nan,nan,nan,0.0271524,0.00609063,0.0241933,nan,nan,nan,-0.0177267,0.0408243,0.0284297,nan,nan,nan,0.0301353,0.0115017,0.0160966,0,0.0932981,0,0.0306423,-0.00179749,0.0976113,1,0,1,0,1,0
3.16515,0.6,1.36,0,0.261072,-0,0,-0,1.775,-0.275,0,1.48253,-0.295462,0.0907399,1.075,-0.275,0,1.78433,0.156977,0.125673,1.475,0.325,0.00941177,1.08338,0.248625,0.0950347,0.294263,1.59314,1.3316,0.393796,0.812472,0.578489,0.353855,1.67616,1.27237,0.641838,0.0352712,-0.0444885,0.308023,1.54026,1.2393,0.457468,0.885807,0.491849,nan,nan,nan,0.026332,0.0200362,0.0377705,nan,nan,nan,-0.0172701,0.0535465,0.0392873,nan,nan,nan,0.0292386,0.025097,0.0300214,0,0.0907399,0,0.0326102,-0.00179749,0.0950347,1,0,1,0,1,0
3.20505,0.65,1.365,0,0.26115,-0,0,-0,1.775,-0.275,0,1.49526,-0.298465,0.086695,1.075,-0.275,0,1.79191,0.169511,0.12473,1.475,0.325,0.00941177,1.09607,0.251537,0.0907412,0.272311,1.59912,1.32618,0.42416,0.84449,0.631027,0.328786,1.67779,1.27255,0.604815,0.166309,0.0552481,0.285233,1.54746,1.23427,0.4911,0.92342,0.535433,nan,nan,nan,0.0249625,0.0341821,0.0510991,nan,nan,nan,-0.0156228,0.063039,0.0498014,nan,nan,nan,0.0277289,0.0387361,0.0439357,0,0.086695,0,0.0443826,-0.00179749,0.0907412,1,0,1,0,1,0
3.24498,0.7,1.37,0,0.261229,-0,0,-0,1.775,-0.275,0,1.50842,-0.302328,0.0810183,1.075,-0.275,0,1.80093,0.184297,0.120947,1.475,0.325,0.00941177,1.10915,0.255159,0.0845936,0.249963,1.60514,1.32116,0.452581,0.893344,0.699169,0.303465,1.67901,1.27291,0.572811,0.314975,0.178127,0.261997,1.55471,1.22966,0.52259,0.977134,0.595411,nan,nan,nan,0.0230438,0.0485282,0.064179,nan,nan,nan,-0.0127847,0.0693018,0.0599718,nan,nan,nan,0.0256063,0.0524192,0.0578396,0,0.0810183,0,0.0676582,-0.00179749,0.0845937,1,0,1,0,1,0
3.28493,0.75,1.375,0,0.261307,-0,0,-0,1.775,-0.275,0,1.52178,-0.306817,0.0734971,1.075,-0.275,0,1.81164,0.201016,0.113545,1.475,0.325,0.00941177,1.1224,0.25926,0.0764156,0.227229,1.61117,1.31654,0.47841,0.95927,0.782622,0.277923,1.6798,1.27344,0.548489,0.47404,0.323378,0.238323,1.56196,1.22544,0.551218,1.047,0.67177,nan,nan,nan,0.020576,0.0630746,0.0770102,nan,nan,nan,-0.00875658,0.0723373,0.0697992,nan,nan,nan,0.0228707,0.0661461,0.0717331,0,0.0734971,0,0.0721158,-0.00179749,0.0764156,1,0,1,0,1,0
3.32495,0.8,1.38,0,0.261386,-0,0,-0,1.775,-0.275,0,1.53499,-0.311634,0.0638731,1.075,-0.275,0,1.82435,0.21917,0.102198,1.475,0.325,0.00941177,1.13548,0.263561,0.066015,0.204121,1.61718,1.3123,0.500998,1.04251,0.881092,0.252194,1.68017,1.27415,0.533585,0.63945,0.490969,0.214221,1.56918,1.2216,0.576261,1.13307,0.764498,nan,nan,nan,0.0175592,0.0778213,0.0895927,nan,nan,nan,-0.0047525,0.0762878,0.080245,nan,nan,nan,0.0195223,0.0799169,0.0856161,0,0.0638731,0,0.0776351,-0.00179749,0.066015,1,0,1,0,1,0
3.36505,0.85,1.385,0,0.261464,-0,0,-0,1.775,-0.275,0,1.54757,-0.316403,0.0518776,1.075,-0.275,0,1.8386,0.237842,0.0863198,1.475,0.325,0.00941177,1.14791,0.267728,0.053218,0.18065,1.62314,1.30842,0.519697,1.14329,0.994286,0.226311,1.68011,1.27503,0.526381,0.818931,0.683603,0.189705,1.57634,1.21814,0.596996,1.2354,0.873582,nan,nan,nan,0.0139932,0.0927682,0.101926,nan,nan,nan,-0.00187474,0.084914,0.092182,nan,nan,nan,0.0155609,0.0937316,0.0994887,0,0.0518776,0,0.0825075,-0.00179749,0.053218,1,0,1,0,1,0
3.40535,0.9,1.39,0,0.261542,-0,0,-0,1.775,-0.275,0,1.55893,-0.320648,0.0372817,1.075,-0.275,0,1.85325,0.255407,0.0648201,1.475,0.325,0.00941177,1.15912,0.271361,0.0379137,0.156831,1.62903,1.3049,0.533856,1.26185,1.12191,0.200311,1.67964,1.27608,0.524355,1.02295,0.904615,0.164791,1.58339,1.21502,0.612701,1.35404,0.999011,nan,nan,nan,0.00987814,0.107915,0.114012,nan,nan,nan,-0.000123295,0.0982158,0.10561,nan,nan,nan,0.0109866,0.10759,0.113351,0,0.0372817,0,0.0648201,-0.00179749,0.0379137,1,1,1,1,1,1
3.44524,0.95,1.395,0,0.261621,-0,0,-0,1.775,-0.275,0,1.56835,-0.323764,0.0199649,1.075,-0.275,0,1.8664,0.269182,0.0363476,1.475,0.325,0.00941177,1.1684,0.273979,0.0201104,0.132681,1.6348,1.30171,0.542828,1.39844,1.26367,0.174228,1.67876,1.27732,0.524989,1.26195,1.15734,0.139495,1.59031,1.21223,0.622653,1.48903,1.14077,nan,nan,nan,0.00521395,0.123263,0.125848,nan,nan,nan,0.000501833,0.116193,0.12053,nan,nan,nan,0.00579934,0.121493,0.127203,0,0.0199649,0,0.0363476,-0.00179749,0.0201104,1,1,1,1,1,1
3.50023,0,1.4,0,0.261699,-0,0,-0,1.775,-0.274998,1.5848e-06,1.575,-0.325,0,1.075,-0.274999,1.66747e-06,1.875,0.275,0,1.475,0.324998,0.00941343,1.175,0.275,0,0.108218,1.64044,1.29885,0.545964,1.55328,1.41926,0.148098,1.67748,1.27874,0.525761,1.54642,1.44512,0.113838,1.59706,1.20976,0.62613,1.64044,1.29885,-0.00300378,-0.143184,-0.124308,nan,nan,nan,8.74524e-07,-0.133242,-0.141868,nan,nan,nan,-0.024983,-0.103167,-0.137333,nan,nan,nan,7.79377e-07,0,1.66747e-06,0,-0.00179612,0,1,1,1,1,1,1
3.52504,0.05,1.405,0,0.260693,-0,0,-0,1.78051,-0.279668,0.0181561,1.575,-0.325,0,1.08049,-0.273878,0.0197607,1.875,0.275,0,1.47191,0.320418,0.0338411,1.175,0.275,0,0.108219,1.47989,1.16072,0.528589,1.54935,1.40019,0.151575,1.52347,1.11623,0.508704,1.5415,1.4256,0.0733766,1.42065,1.00495,0.605832,1.63775,1.2878,0.00290126,-0.13174,-0.112264,nan,nan,nan,0.00568909,-0.123164,-0.128746,nan,nan,nan,-0.0245306,-0.113396,-0.114996,nan,nan,nan,0.0149916,0,0.0197607,0,0.0221257,0,0,1,0,1,0,1
3.56523,0.1,1.41,0,0.259686,-0,0,-0,1.78704,-0.281114,0.0343728,1.575,-0.325,0,1.0869,-0.270914,0.0374919,1.875,0.275,0,1.46987,0.321217,0.0549662,1.175,0.275,0,0.114747,1.33286,1.03668,0.510785,1.54576,1.38166,0.161522,1.38181,0.969536,0.491253,1.53691,1.40662,0.0349593,1.22996,0.834792,0.585062,1.63488,1.27703,0.00817291,-0.120017,-0.100161,nan,nan,nan,0.0107766,-0.112688,-0.115541,nan,nan,nan,-0.0224683,-0.120744,-0.0947054,nan,nan,nan,0.0231941,0,0.0374919,0,0.030502,0,0,1,0,1,0,1
3.60542,0.15,1.415,0,0.25868,-0,0,-0,1.79451,-0.280152,0.0483524,1.575,-0.325,0,1.09409,-0.266716,0.0528702,1.875,0.275,0,1.46873,0.325358,0.0723868,1.175,0.275,0,0.127061,1.19969,0.926809,0.492546,1.54251,1.36367,0.177219,1.25296,0.838746,0.473401,1.53262,1.38818,0.00120295,1.02967,0.69595,0.563828,1.63181,1.26656,0.0128112,-0.108015,-0.0879997,nan,nan,nan,0.0152634,-0.101813,-0.102254,nan,nan,nan,-0.018796,-0.12521,-0.0764607,nan,nan,nan,0.0297791,0,0.0528702,0,0.0364801,0,0,1,0,1,0,1
3.64527,0.2,1.42,0,0.257673,-0,0,-0,1.80279,-0.277537,0.0599949,1.575,-0.325,0,1.10191,-0.261868,0.0657585,1.875,0.275,0,1.46867,0.331723,0.0864958,1.175,0.275,0,0.144421,1.0807,0.831176,0.473865,1.53956,1.34619,0.197943,1.13742,0.723963,0.455145,1.52863,1.37025,-0.0252755,0.824455,0.585104,0.542136,1.62849,1.25635,0.0168161,-0.0957332,-0.0757792,nan,nan,nan,0.0191495,-0.090541,-0.0888851,nan,nan,nan,-0.0135138,-0.126796,-0.0602617,nan,nan,nan,0.0382684,0,0.0657585,0,0.0284908,0,0,1,0,1,0,1
3.68524,0.25,1.425,0,0.256667,-0,0,-0,1.81176,-0.273935,0.0693509,1.575,-0.325,0,1.11025,-0.2569,0.0761686,1.875,0.275,0,1.47019,0.339693,0.0981607,1.175,0.275,0,0.166089,0.976214,0.749848,0.454736,1.5369,1.32923,0.222974,1.03565,0.625285,0.436481,1.5249,1.35283,-0.0418591,0.619007,0.498926,0.519997,1.62491,1.2464,0.0201876,-0.0831721,-0.0634998,nan,nan,nan,0.0224349,-0.0788704,-0.0754342,nan,nan,nan,-0.00662169,-0.1255,-0.0461087,nan,nan,nan,0.0458337,0,0.0761686,0,0.0288572,0,0,1,0,1,0,1
3.72535,0.3,1.43,0,0.25566,-0,0,-0,1.82128,-0.269909,0.0765702,1.575,-0.325,0,1.11904,-0.252262,0.0842184,1.875,0.275,0,1.4739,0.348777,0.108443,1.175,0.275,0,0.191323,0.886559,0.682893,0.435154,1.5345,1.31277,0.251589,0.948138,0.54281,0.417405,1.52142,1.33591,-0.0462128,0.417981,0.434224,0.497423,1.62103,1.2367,0.0229257,-0.0703317,-0.0511614,nan,nan,nan,0.0251195,-0.0668016,-0.0619012,nan,nan,nan,0.00134069,-0.121373,-0.03375,nan,nan,nan,0.0513431,0,0.0842185,0,0.027101,0,0,1,0,1,0,1
3.76532,0.35,1.435,0,0.254654,-0,0,-0,1.83127,-0.265918,0.0818568,1.575,-0.325,0,1.12824,-0.248314,0.0900905,1.875,0.275,0,1.4804,0.358479,0.11835,1.175,0.275,0,0.219386,0.812061,0.630382,0.415116,1.53235,1.29679,0.283068,0.875359,0.476637,0.397915,1.51817,1.31946,-0.037257,0.225916,0.388387,0.47443,1.61683,1.22723,0.0250304,-0.0572119,-0.0387642,nan,nan,nan,0.0272035,-0.0543345,-0.0482861,nan,nan,nan,0.00975308,-0.114474,-0.0228969,nan,nan,nan,0.0544761,0,0.0900905,0,0.0272523,0,0,1,0,1,0,1
3.80526,0.4,1.44,0,0.253647,-0,0,-0,1.84167,-0.262315,0.0854284,1.575,-0.325,0,1.13788,-0.245322,0.093993,1.875,0.275,0,1.49026,0.368016,0.128621,1.175,0.275,0,0.249536,0.753048,0.592381,0.394618,1.53042,1.28129,0.316689,0.817791,0.426864,0.378011,1.51512,1.30349,-0.0142613,0.0473201,0.358968,0.451034,1.61228,1.21799,0.0265017,-0.0438127,-0.0263081,nan,nan,nan,0.0286867,-0.0414693,-0.0345889,nan,nan,nan,0.0186147,-0.104802,-0.013549,nan,nan,nan,0.0572123,0,0.093993,0,0.0182997,0,0,1,0,1,0,1
3.84531,0.45,1.445,0,0.252641,-0,0,-0,1.85247,-0.259367,0.0874836,1.575,-0.325,0,1.148,-0.243458,0.096127,1.875,0.275,0,1.50407,0.376303,0.13954,1.175,0.275,0,0.281034,0.709844,0.568961,0.37366,1.52868,1.26625,0.351731,0.775913,0.39359,0.357691,1.51225,1.28798,0.0235044,-0.1133,0.343522,0.427256,1.60736,1.20897,0.0273397,-0.0301342,-0.013793,nan,nan,nan,0.0295692,-0.0282058,-0.0208097,nan,nan,nan,0.0279257,-0.092357,-0.00570626,nan,nan,nan,0.0564355,0,0.096127,0,0.0206686,0,0,1,0,1,0,1
3.88546,0.5,1.45,0,0.251634,-0,0,-0,1.86363,-0.257259,0.0881763,1.575,-0.325,0,1.15866,-0.242814,0.0966572,1.875,0.275,0,1.52221,0.382126,0.150861,1.175,0.275,0,0.313142,0.682777,0.56019,0.35224,1.52711,1.25166,0.387471,0.750202,0.376913,0.336959,1.50954,1.27292,0.0764509,-0.251559,0.339624,0.403117,1.60205,1.20015,0.0275458,-0.0161749,-0.0012188,nan,nan,nan,0.0298512,-0.0145445,-0.00694851,nan,nan,nan,0.0368633,-0.0774522,0.000688929,nan,nan,nan,0.0589775,0,0.0966573,0,0.0302225,0,0,1,0,1,0,1
3.92544,0.55,1.455,0,0.250627,-0,0,-0,1.87517,-0.256109,0.0875942,1.575,-0.325,0,1.16992,-0.243404,0.0956906,1.875,0.275,0,1.54399,0.384657,0.161999,1.175,0.275,0,0.345151,0.6722,0.566143,0.33036,1.52568,1.2375,0.423192,0.741134,0.376932,0.315815,1.50696,1.25829,0.14188,-0.364252,0.345066,0.378641,1.59633,1.19154,0.0271858,-0.00187934,0.0114256,nan,nan,nan,0.0295375,-0.000493387,0.00699295,nan,nan,nan,0.04318,-0.0609415,0.00579394,nan,nan,nan,0.0617274,0,0.0956906,0,0.0393088,0,0,1,0,1,0,1
3.9652,0.6,1.46,0,0.249621,-0,0,-0,1.88708,-0.25596,0.0857428,1.575,-0.325,0,1.18181,-0.245179,0.093259,1.875,0.275,0,1.56805,0.383608,0.172155,1.175,0.275,0,0.376428,0.67853,0.586905,0.308023,1.52437,1.22377,0.45818,0.749172,0.393742,0.294263,1.50448,1.24408,0.215343,-0.44884,0.357766,0.353855,1.59018,1.18313,0.0262936,0.0127814,0.0241461,nan,nan,nan,0.0286301,0.013944,0.0210139,nan,nan,nan,0.0467479,-0.0428732,0.00961772,nan,nan,nan,0.0647151,0,0.093259,0,0.0513708,0,0,1,0,1,0,1
4.00508,0.65,1.465,0,0.248614,-0,0,-0,1.89932,-0.256805,0.0825393,1.575,-0.325,0,1.1943,-0.248031,0.0893085,1.875,0.275,0,1.59288,0.379219,0.18037,1.175,0.275,0,0.406353,0.702194,0.622566,0.285233,1.52314,1.21045,0.491722,0.77478,0.427437,0.272311,1.50208,1.23028,0.292372,-0.502792,0.37564,0.328786,1.58359,1.17491,0.0248693,0.0278074,0.0369425,nan,nan,nan,0.027129,0.0287675,0.0351142,nan,nan,nan,0.047567,-0.0232475,0.0121603,nan,nan,nan,0.0678884,0,0.0893085,0,0.0595856,0,0,1,0,1,0,1
4.04544,0.7,1.47,0,0.247608,-0,0,-0,1.91181,-0.258581,0.07781,1.575,-0.325,0,1.20731,-0.251796,0.0836956,1.875,0.275,0,1.20731,-0.251796,0.0836956,1.175,0.275,0,0.434304,0.743617,0.673215,0.261997,1.52195,1.19753,0.523104,0.818423,0.478115,0.249963,1.49973,1.21688,0.368497,-0.523576,0.396606,0.303465,1.57654,1.16688,0.0229129,0.0431986,0.0498149,nan,nan,nan,0.0250343,0.0439773,0.0492941,nan,nan,nan,0.0456373,-0.00206442,0.0134216,nan,nan,nan,0.0791983,0,0.0836956,0,0.0836956,0,0,1,0,1,0,1
4.08535,0.75,1.475,0,0.246601,-0,0,-0,1.92438,-0.261166,0.0712952,1.575,-0.325,0,1.22063,-0.256251,0.0761924,1.875,0.275,0,1.63921,0.363678,0.186893,1.175,0.275,0,0.459659,0.803227,0.73894,0.238323,1.52079,1.18499,0.551614,0.880565,0.545869,0.227229,1.4974,1.20387,0.439239,-0.508769,0.418598,0.277923,1.56903,1.15905,0.0204244,0.058955,0.0627632,nan,nan,nan,0.0223459,0.0595733,0.0635534,nan,nan,nan,0.0409182,0.0203527,0.0134532,nan,nan,nan,0.0712952,0,0.0761924,0,0.0666558,0,0,1,0,1,0,1
4.12521,0.8,1.48,0,0.245595,-0,0,-0,1.93678,-0.264359,0.0626635,1.575,-0.325,0,1.23394,-0.261108,0.0665028,1.875,0.275,0,1.65825,0.354738,0.183457,1.175,0.275,0,0.481798,0.88145,0.819829,0.214221,1.51961,1.17282,0.57654,0.961668,0.630796,0.204121,1.49506,1.19123,0.499926,-0.457447,0.43979,0.252194,1.56104,1.1514,0.0174039,0.0750766,0.0757876,nan,nan,nan,0.0190639,0.0755556,0.0778922,nan,nan,nan,0.0332553,0.0427719,0.0124512,nan,nan,nan,0.0626635,0,0.0665028,0,0.0656139,0,0,1,0,1,0,1
4.16507,0.85,1.485,0,0.244588,-0,0,-0,1.94862,-0.267862,0.0515407,1.575,-0.325,0,1.24677,-0.265987,0.0542952,1.875,0.275,0,1.67292,0.346376,0.174884,1.175,0.275,0,0.500099,0.978713,0.915973,0.189705,1.51839,1.161,0.597167,1.0622,0.732991,0.18065,1.49268,1.17895,0.545751,-0.369778,0.458528,0.226311,1.55258,1.14395,0.0138512,0.0915635,0.0888879,nan,nan,nan,0.0151882,0.091924,0.0923104,nan,nan,nan,0.0226336,0.0650733,0.0104348,nan,nan,nan,0.0515407,0,0.0542952,0,0.055882,0,0,1,0,1,0,1
4.20528,0.9,1.49,0,0.243582,-0,0,-0,1.9594,-0.271241,0.0375568,1.575,-0.325,0,1.25846,-0.270393,0.0392549,1.875,0.275,0,1.68175,0.339053,0.161059,1.175,0.275,0,0.513941,1.09544,1.02746,0.164791,1.51708,1.14952,0.612783,1.18262,0.85255,0.156831,1.49023,1.16702,0.571906,-0.245952,0.473164,0.200311,1.54364,1.1367,0.00976642,0.108416,0.102064,nan,nan,nan,0.0107189,0.108679,0.106808,nan,nan,nan,0.00905302,0.0872568,0.00740377,nan,nan,nan,0.0375568,0,0.0392549,0,0.0421962,0,1,1,1,1,1,1
4.24484,0.95,1.495,0,0.242575,-0,0,-0,1.96846,-0.273892,0.0204172,1.575,-0.325,0,1.26819,-0.273679,0.0211625,1.875,0.275,0,1.68301,0.332421,0.142492,1.175,0.275,0,0.522702,1.23206,1.15438,0.139495,1.51565,1.13837,0.622675,1.32339,0.989567,0.132681,1.48767,1.15542,0.57358,-0.0861629,0.482049,0.174228,1.53423,1.12965,0.00514954,0.125633,0.115317,nan,nan,nan,0.00565592,0.12582,0.121385,nan,nan,nan,-0.00748644,0.109323,0.0033583,nan,nan,nan,0.0204172,0,0.0211625,0,0.0231326,0,1,1,1,1,1,1
4.28673,0,1.5,0,0.241569,-0,0,-0,1.975,-0.275,0,1.575,-0.324998,1.67377e-06,1.275,-0.275,0,1.875,0.274998,1.60293e-06,1.675,0.325,0.120784,1.175,0.274999,1.6965e-06,0.525761,1.389,1.29681,0.113838,1.51406,1.12752,0.62613,1.48498,1.14414,0.108218,1.48498,1.14414,0.545964,0.1094,0.483533,0.148098,1.52435,1.12281,nan,nan,nan,-7.5375e-07,-0.141966,-0.137096,nan,nan,nan,-7.1778e-07,-0.143347,-0.136042,nan,nan,nan,7.66283e-07,-0.141401,-0.137405,0,1.67377e-06,0,1.60293e-06,-0.00951595,1.6965e-06,1,1,1,1,1,1
4.32494,0.05,1.505,0,0.242497,-0,0,-0,1.975,-0.275,0,1.58042,-0.323469,0.0209608,1.275,-0.275,0,1.88043,0.273421,0.0208871,1.675,0.325,0.120784,1.18042,0.273463,0.0210471,0.508704,1.39909,1.29124,0.116933,1.35352,0.974152,0.605832,1.4975,1.14781,0.111201,1.32335,0.992192,0.528589,0.102842,0.464775,0.151529,1.36505,0.968011,nan,nan,nan,0.00510115,-0.127144,-0.120047,nan,nan,nan,0.00492406,-0.127967,-0.119057,nan,nan,nan,0.00564922,-0.125532,-0.121979,0,0.0209608,0,0.0208871,-0.00951595,0.0210471,1,0,1,0,1,0
4.36525,0.1,1.51,0,0.243425,-0,0,-0,1.975,-0.275,0,1.58664,-0.31962,0.0388619,1.275,-0.275,0,1.88669,0.269471,0.0386482,1.675,0.325,0.120784,1.18666,0.269632,0.0391756,0.491253,1.40955,1.28627,0.1258,1.21062,0.840913,0.585062,1.50979,1.15182,0.119749,1.17997,0.860277,0.510785,0.0971346,0.446664,0.161351,1.22457,0.831525,nan,nan,nan,0.00967277,-0.112407,-0.103347,nan,nan,nan,0.0093383,-0.112727,-0.10242,nan,nan,nan,0.0107097,-0.109871,-0.106717,0,0.0388619,0,0.0386482,-0.00951595,0.0391756,1,0,1,0,1,0
4.40546,0.15,1.515,0,0.244353,-0,0,-0,1.975,-0.275,0,1.59358,-0.314454,0.0536647,1.275,-0.275,0,1.89367,0.264195,0.0532805,1.675,0.325,0.120784,1.19363,0.264546,0.0543336,0.473401,1.42036,1.28189,0.139805,1.08525,0.727392,0.563828,1.5218,1.15615,0.133253,1.05466,0.747978,0.492546,0.0923541,0.429242,0.176864,1.10265,0.713162,nan,nan,nan,0.0137141,-0.0977544,-0.0869968,nan,nan,nan,0.013242,-0.097626,-0.0861315,nan,nan,nan,0.0151823,-0.0944182,-0.0916181,0,0.0536647,0,0.0532805,-0.00951595,0.0543336,1,0,1,0,1,0
4.44546,0.2,1.52,0,0.245281,-0,0,-0,1.975,-0.275,0,1.60113,-0.308806,0.0655316,1.275,-0.275,0,1.90129,0.258453,0.0649796,1.675,0.325,0.120784,1.20124,0.259051,0.0666669,0.455145,1.43148,1.2781,0.158316,0.977309,0.633171,0.542136,1.5335,1.16078,0.151103,0.94726,0.65488,0.473865,0.0885859,0.412556,0.197365,0.999062,0.612724,nan,nan,nan,0.0172251,-0.0831871,-0.0709959,nan,nan,nan,0.0166351,-0.0826642,-0.0701907,nan,nan,nan,0.0190669,-0.0791735,-0.0766824,0,0.0599072,0,0.0649796,-0.00951595,0.0666669,1,0,1,0,1,0
4.48502,0.25,1.525,0,0.246209,-0,0,-0,1.975,-0.275,0,1.60923,-0.303331,0.0747431,1.275,-0.275,0,1.90947,0.252909,0.0740521,1.675,0.325,0.120784,1.20941,0.253801,0.0764308,0.436481,1.4429,1.27488,0.180699,0.886701,0.557833,0.519997,1.54488,1.1657,0.172693,0.857607,0.580569,0.454736,0.085922,0.396655,0.222152,0.913545,0.530019,nan,nan,nan,0.0202059,-0.0687049,-0.0553446,nan,nan,nan,0.0195177,-0.0678417,-0.054598,nan,nan,nan,0.0223635,-0.0641368,-0.06191,0,0.0663878,0,0.0740521,-0.00951595,0.0764308,1,0,1,0,1,0
4.52536,0.3,1.53,0,0.247137,-0,0,-0,1.975,-0.275,0,1.61784,-0.298516,0.0816294,1.275,-0.275,0,1.91818,0.24805,0.0808446,1.675,0.325,0.120784,1.21809,0.249266,0.08392,0.417405,1.45459,1.27223,0.206323,0.813323,0.500962,0.497423,1.55591,1.17089,0.197413,0.785532,0.524631,0.435154,0.0844608,0.381594,0.250523,0.845854,0.464851,nan,nan,nan,0.0226564,-0.0543078,-0.0400427,nan,nan,nan,0.0218898,-0.0531584,-0.0393532,nan,nan,nan,0.0250723,-0.0493082,-0.047301,0,0.0479344,0,0.0808446,-0.00951595,0.08392,1,0,1,0,1,0
4.56508,0.35,1.535,0,0.248065,-0,0,-0,1.975,-0.275,0,1.62697,-0.294696,0.0865177,1.275,-0.275,0,1.92741,0.24421,0.0856913,1.675,0.325,0.120784,1.22729,0.245764,0.0894176,0.397915,1.46651,1.27012,0.234554,0.757071,0.462139,0.47443,1.56656,1.17633,0.224655,0.730871,0.486649,0.415116,0.0843058,0.36743,0.281777,0.79574,0.417024,nan,nan,nan,0.0245766,-0.0399956,-0.0250902,nan,nan,nan,0.0237513,-0.0386143,-0.0244566,nan,nan,nan,0.027193,-0.0346878,-0.0328553,0,0.0419974,0,0.0856913,-0.00951595,0.0894176,1,0,1,0,1,0
4.60495,0.4,1.54,0,0.248993,-0,0,-0,1.975,-0.275,0,1.63667,-0.29208,0.0896943,1.275,-0.275,0,1.93719,0.24159,0.0888778,1.675,0.325,0.120784,1.23703,0.243479,0.0931609,0.378011,1.47864,1.26856,0.26476,0.717846,0.440949,0.451034,1.57682,1.18202,0.253811,0.693456,0.46621,0.394618,0.0855638,0.354222,0.315212,0.762955,0.386345,nan,nan,nan,0.0259664,-0.0257686,-0.0104873,nan,nan,nan,0.0251022,-0.0242094,-0.00990789,nan,nan,nan,0.0287258,-0.0202754,-0.0185729,0,0.0360356,0,0.0888778,-0.00951595,0.0931609,1,0,1,0,1,0
4.64486,0.45,1.545,0,0.249922,-0,0,-0,1.975,-0.275,0,1.64697,-0.290768,0.0913801,1.275,-0.275,0,1.94757,0.240287,0.0906178,1.675,0.325,0.120784,1.24738,0.242487,0.09532,0.357691,1.49095,1.26753,0.296307,0.695545,0.436974,0.427256,1.58667,1.18794,0.284273,0.673122,0.4629,0.37366,0.0883419,0.342031,0.350125,0.74725,0.372617,nan,nan,nan,0.0268261,-0.0116265,0.00376618,nan,nan,nan,0.0259427,-0.00994375,0.00429275,nan,nan,nan,0.0296707,-0.00607117,-0.00445383,0,0.0301246,0,0.0906178,-0.00951595,0.09532,1,0,1,0,1,0
4.68502,0.5,1.55,0,0.25085,-0,0,-0,1.975,-0.275,0,1.65793,-0.290776,0.0917149,1.275,-0.275,0,1.95859,0.240318,0.0910401,1.675,0.325,0.120784,1.25837,0.242779,0.0959873,0.336959,1.5034,1.267,0.328564,0.690067,0.449797,0.403117,1.59609,1.19409,0.315432,0.669704,0.476302,0.35224,0.0927442,0.330918,0.385816,0.748378,0.375646,nan,nan,nan,0.0271554,0.00243048,0.0176702,nan,nan,nan,0.0262725,0.00418267,0.0181454,nan,nan,nan,0.0300276,0.00792498,0.00950192,0,0.03545,0,0.0910401,-0.00951595,0.0959874,1,0,1,0,1,0
4.72549,0.55,1.555,0,0.251778,-0,0,-0,1.975,-0.275,0,1.66957,-0.292053,0.090751,1.275,-0.275,0,1.97028,0.241628,0.090184,1.675,0.325,0.120784,1.27004,0.244273,0.0951753,0.315815,1.51596,1.26698,0.360896,0.701313,0.479001,0.378641,1.60507,1.20044,0.346677,0.683037,0.506001,0.33036,0.0988667,0.320941,0.421579,0.766087,0.395239,nan,nan,nan,0.0269463,0.0164072,0.03122,nan,nan,nan,0.026083,0.0181775,0.0316421,nan,nan,nan,0.0297881,0.0217093,0.0232976,0,0.0362178,0,0.090184,-0.00951595,0.0951754,1,0,1,0,1,0
4.76518,0.6,1.56,0,0.252706,-0,0,-0,1.975,-0.275,0,1.68189,-0.294485,0.0884525,1.275,-0.275,0,1.9826,0.244106,0.0880004,1.675,0.325,0.120784,1.28236,0.246834,0.0928199,0.294263,1.5286,1.26744,0.392646,0.729193,0.524154,0.353855,1.61361,1.207,0.377375,0.712978,0.551559,0.308023,0.106792,0.312154,0.45669,0.800121,0.431208,nan,nan,nan,0.0261809,0.0303142,0.0444053,nan,nan,nan,0.0253525,0.0320592,0.0447639,nan,nan,nan,0.0289349,0.0352744,0.0369399,0,0.0375593,0,0.0880004,-0.00951595,0.09282,1,0,1,0,1,0
4.80511,0.65,1.565,0,0.253634,-0,0,-0,1.975,-0.275,0,1.69479,-0.297912,0.0847008,1.275,-0.275,0,1.99548,0.247588,0.0843589,1.675,0.325,0.120784,1.29526,0.250277,0.0887916,0.272311,1.54128,1.26836,0.42315,0.773625,0.584821,0.328786,1.6217,1.21376,0.406879,0.759392,0.612528,0.285233,0.116581,0.304602,0.490416,0.850217,0.483371,nan,nan,nan,0.0248583,0.044152,0.0572256,nan,nan,nan,0.0240801,0.0458285,0.05751,nan,nan,nan,0.0274675,0.04862,0.0504291,0,0.0393139,0,0.0843589,-0.00951595,0.0887916,1,0,1,0,1,0
4.84528,0.7,1.57,0,0.254562,-0,0,-0,1.975,-0.275,0,1.70813,-0.302125,0.0793066,1.275,-0.275,0,2.00875,0.251864,0.079061,1.675,0.325,0.120784,1.30859,0.254376,0.0829121,0.249963,1.55398,1.26974,0.451744,0.834527,0.660568,0.303465,1.62933,1.22071,0.434545,0.822146,0.688461,0.261997,0.128272,0.29832,0.522023,0.916112,0.551545,nan,nan,nan,0.0229786,0.0579205,0.0696809,nan,nan,nan,0.0222658,0.0594855,0.0698803,nan,nan,nan,0.025386,0.061746,0.063765,0,0.0544004,0,0.079061,-0.00951595,0.0829121,1,0,1,0,1,0
4.88535,0.75,1.575,0,0.25549,-0,0,-0,1.975,-0.275,0,1.72165,-0.306868,0.07203,1.275,-0.275,0,2.02217,0.256674,0.071861,1.675,0.325,0.120784,1.32207,0.258864,0.0749779,0.227229,1.56666,1.27155,0.477763,0.911815,0.750958,0.277923,1.63652,1.22785,0.459725,0.901106,0.778909,0.238323,0.141867,0.293332,0.55078,0.997546,0.635547,nan,nan,nan,0.0205417,0.0716198,0.0817712,nan,nan,nan,0.0199096,0.0730302,0.0818749,nan,nan,nan,0.0226903,0.0746525,0.0769477,0,0.0628833,0,0.071861,-0.00951595,0.0749779,1,0,1,0,1,0
4.92547,0.8,1.58,0,0.256418,-0,0,-0,1.975,-0.275,0,1.73498,-0.31183,0.0626093,1.275,-0.275,0,2.03538,0.261701,0.0624958,1.675,0.325,0.120784,1.33533,0.26344,0.06479,0.204121,1.57928,1.27379,0.500542,1.00541,0.855556,0.252194,1.64325,1.23518,0.481776,0.996139,0.883426,0.214221,0.157332,0.289642,0.575952,1.09426,0.735195,nan,nan,nan,0.0175478,0.0852498,0.0934965,nan,nan,nan,0.0170116,0.0864625,0.0934937,nan,nan,nan,0.0193804,0.0873396,0.0899773,0,0.0566759,0,0.0624958,-0.00951595,0.06479,1,0,1,0,1,0
4.96508,0.85,1.585,0,0.257346,-0,0,-0,1.975,-0.275,0,1.74763,-0.316631,0.0507999,1.275,-0.275,0,2.0479,0.26656,0.050724,1.675,0.325,0.120784,1.34789,0.267758,0.0521924,0.18065,1.59182,1.27642,0.519416,1.11522,0.973926,0.226311,1.64954,1.2427,0.50005,1.10711,1.00156,0.189705,0.174594,0.287239,0.596806,1.20598,0.850305,nan,nan,nan,0.0139967,0.0988105,0.104857,nan,nan,nan,0.0135717,0.0997825,0.104737,nan,nan,nan,0.0154564,0.0998071,0.102854,0,0.0485402,0,0.050724,-0.00951595,0.0521924,1,0,1,0,1,0
5.00503,0.9,1.59,0,0.258274,-0,0,-0,1.975,-0.275,0,1.75899,-0.320815,0.0364256,1.275,-0.275,0,2.05914,0.270786,0.0363759,1.675,0.325,0.120784,1.35915,0.271431,0.0371166,0.156831,1.60424,1.27945,0.533721,1.24117,1.10563,0.200311,1.65539,1.2504,0.513903,1.23388,1.13287,0.164791,0.193538,0.286096,0.612609,1.33246,0.980694,nan,nan,nan,0.00988845,0.112302,0.115852,nan,nan,nan,0.00958989,0.11299,0.115604,nan,nan,nan,0.0109181,0.112055,0.115577,0,0.0376929,0,0.0363759,-0.00951595,0.0371166,1,1,1,1,1,1
5.0453,0.95,1.595,0,0.259203,-0,0,-0,1.975,-0.275,0,1.76837,-0.323826,0.0194407,1.275,-0.275,0,2.06841,0.27382,0.019414,1.675,0.325,0.120784,1.36842,0.274014,0.0196326,0.132681,1.61652,1.28284,0.542792,1.38318,1.25024,0.174228,1.66082,1.2583,0.522688,1.37633,1.27691,0.139495,0.214013,0.286165,0.622628,1.47342,1.12618,nan,nan,nan,0.00522312,0.125724,0.126482,nan,nan,nan,0.00506621,0.126086,0.126096,nan,nan,nan,0.00576575,0.124084,0.128147,0,0.0194407,0,0.019414,-0.00951595,0.0196326,1,1,1,1,1,1
5.10219,0,1.6,0,0.260131,-0,0,-0,1.975,-0.274998,1.5878e-06,1.775,-0.325,0,1.275,-0.274999,1.67124e-06,2.075,0.275,0,1.675,0.324997,0.120785,1.375,0.275,0,0.108218,1.62861,1.28658,0.545964,1.54117,1.40732,0.148098,1.66584,1.26639,0.525761,1.53431,1.43322,0.113838,0.235834,0.287388,0.62613,1.62861,1.28658,-8.1127e-07,-0.135893,-0.140564,nan,nan,nan,8.6609e-07,-0.133708,-0.141426,nan,nan,nan,0.0541707,-0.342852,-0.115038,nan,nan,nan,1.5878e-06,0,1.67124e-06,0,-0.00951551,0,1,1,1,1,1,1
5.125,0.05,1.605,0,0.260131,-0,0,-0,1.98022,-0.274084,0.0187764,1.775,-0.325,0,1.28048,-0.2738,0.0202193,2.075,0.275,0,1.69376,0.324135,0.132507,1.375,0.275,0,0.109791,1.48556,1.14103,0.528589,1.54501,1.39591,0.15156,1.51569,1.10833,0.508704,1.53716,1.42134,0.184337,-0.154748,0.139713,0.605832,1.63352,1.2834,0.00282948,-0.123588,-0.123533,nan,nan,nan,0.00577337,-0.121059,-0.126794,nan,nan,nan,0.0458046,-0.214959,-0.0942473,nan,nan,nan,0.0187764,0,0.0202193,0,0.0133751,0,0,1,0,1,0,1
5.1651,0.1,1.61,0,0.260131,-0,0,-0,1.98589,-0.271768,0.0352131,1.775,-0.325,0,1.28686,-0.270721,0.0381728,2.075,0.275,0,1.70841,0.3141,0.133378,1.375,0.275,0,0.114401,1.35612,1.01402,0.510785,1.5492,1.38505,0.161469,1.38051,0.967476,0.491253,1.54034,1.41,0.243656,-0.384845,0.0206335,0.585062,1.63823,1.28051,0.00550714,-0.111191,-0.106918,nan,nan,nan,0.010939,-0.108314,-0.112236,nan,nan,nan,0.0383384,-0.115609,-0.0745482,nan,nan,nan,0.0352131,0,0.0381728,0,0.0194863,0,0,1,0,1,0,1
5.20521,0.15,1.615,0,0.260131,-0,0,-0,1.99201,-0.268656,0.0491689,1.775,-0.325,0,1.29403,-0.266494,0.0536311,2.075,0.275,0,1.71925,0.300293,0.128969,1.375,0.275,0,0.121879,1.2404,0.905104,0.492546,1.55372,1.37473,0.177108,1.26041,0.843731,0.473401,1.54384,1.39919,0.293064,-0.494772,-0.0713931,0.563828,1.64272,1.2779,0.00803217,-0.0987019,-0.0907191,nan,nan,nan,0.0154979,-0.0954735,-0.0977549,nan,nan,nan,0.0317721,-0.0448013,-0.0559408,nan,nan,nan,0.0491689,0,0.0536311,0,0.0214622,0,0,1,0,1,0,1
5.24501,0.2,1.62,0,0.260131,-0,0,-0,1.99858,-0.265286,0.0606609,1.775,-0.325,0,1.30186,-0.261767,0.0665461,2.075,0.275,0,1.30186,-0.261767,0.0665461,1.375,0.275,0,0.132057,1.1385,0.813819,0.473865,1.55855,1.36495,0.197764,1.15549,0.73701,0.455145,1.54764,1.38891,0.333833,-0.524843,-0.137909,0.542136,1.64695,1.27556,0.0104046,-0.0861198,-0.0749357,nan,nan,nan,0.0194499,-0.0825376,-0.083349,nan,nan,nan,0.0261058,-0.00253675,-0.0384251,nan,nan,nan,0.0606609,0,0.0665461,0,0.0665461,0,0,1,0,1,0,1
5.28497,0.25,1.625,0,0.260131,-0,0,-0,2.00562,-0.262109,0.0698166,1.775,-0.325,0,1.31025,-0.257084,0.0769971,2.075,0.275,0,1.73313,0.272066,0.12007,1.375,0.275,0,0.144766,1.05053,0.739707,0.454736,1.56367,1.35569,0.222719,1.06588,0.647224,0.436481,1.55171,1.37915,0.36723,-0.514463,-0.180434,0.519997,1.65092,1.27347,0.0126243,-0.0734451,-0.0595679,nan,nan,nan,0.0227951,-0.069506,-0.0690187,nan,nan,nan,0.0213212,0.0149555,-0.021917,nan,nan,nan,0.0698166,0,0.0769971,0,0.036656,0,0,1,0,1,0,1
5.325,0.3,1.63,0,0.260131,-0,0,-0,2.01313,-0.259474,0.0768296,1.775,-0.325,0,1.31914,-0.252872,0.0851399,2.075,0.275,0,1.73874,0.262008,0.11843,1.375,0.275,0,0.159839,0.976579,0.68231,0.435154,1.56905,1.34694,0.25126,0.991683,0.574284,0.417405,1.55604,1.36989,0.394426,-0.483388,-0.200054,0.497423,1.65459,1.27161,0.0146914,-0.0606777,-0.0446159,nan,nan,nan,0.0255334,-0.0563789,-0.0547639,nan,nan,nan,0.0173159,0.0290361,-0.00594064,nan,nan,nan,0.0776089,0,0.0851399,0,0.0390406,0,0,1,0,1,0,1
5.36523,0.35,1.635,0,0.260131,-0,0,-0,2.02115,-0.257633,0.081921,1.775,-0.325,0,1.3285,-0.249449,0.0911641,2.075,0.275,0,1.74442,0.255103,0.118485,1.375,0.275,0,0.177107,0.916758,0.64117,0.415116,1.57467,1.33869,0.28267,0.933015,0.5181,0.397915,1.56059,1.36113,0.416505,-0.432464,-0.197431,0.47443,1.65793,1.26999,0.0166059,-0.0478177,-0.0300795,nan,nan,nan,0.0276649,-0.0431562,-0.0405848,nan,nan,nan,0.0140738,0.0430625,0.00957878,nan,nan,nan,0.082174,0,0.0911642,0,0.0422063,0,0,1,0,1,0,1
5.40548,0.4,1.64,0,0.260131,-0,0,-0,2.02972,-0.256743,0.0853085,1.775,-0.325,0,1.33836,-0.247024,0.095258,2.075,0.275,0,1.75061,0.251236,0.119772,1.375,0.275,0,0.196401,0.871168,0.615828,0.394618,1.5805,1.33093,0.316235,0.889989,0.478584,0.378011,1.56535,1.35285,0.434543,-0.361766,-0.17321,0.451034,1.66094,1.26859,0.0183677,-0.0348652,-0.0159588,nan,nan,nan,0.0291896,-0.0298379,-0.0264813,nan,nan,nan,0.0115948,0.0570348,0.0246412,nan,nan,nan,0.0849989,0,0.095258,0,0.0294803,0,0,1,0,1,0,1
5.44516,0.45,1.645,0,0.260131,-0,0,-0,2.03889,-0.256875,0.0871813,1.775,-0.325,0,1.34874,-0.245715,0.0975821,2.075,0.275,0,1.75763,0.250291,0.121696,1.375,0.275,0,0.217554,0.83991,0.605826,0.37366,1.58652,1.32364,0.35124,0.862716,0.455646,0.357691,1.57029,1.34504,0.449618,-0.271371,-0.128037,0.427256,1.66358,1.26739,0.019977,-0.02182,-0.00225372,nan,nan,nan,0.0301074,-0.0164241,-0.0124533,nan,nan,nan,0.00987878,0.0709525,0.0392467,nan,nan,nan,0.0862695,0,0.0975821,0,0.0341587,0,0,1,0,1,0,1
5.48536,0.5,1.65,0,0.260131,-0,0,-0,2.04873,-0.258022,0.0876827,1.775,-0.325,0,1.35969,-0.245556,0.0982501,2.075,0.275,0,1.76572,0.252138,0.123516,1.375,0.275,0,0.240397,0.823086,0.610705,0.35224,1.59269,1.31682,0.386969,0.85131,0.449198,0.336959,1.57539,1.33769,0.462698,-0.161761,-0.0626721,0.403117,1.66584,1.26639,0.0214335,-0.00868213,0.0110356,nan,nan,nan,0.0304184,-0.00291465,0.00149903,nan,nan,nan,0.00869429,0.0839745,0.0531554,nan,nan,nan,0.0861255,0,0.0982501,0,0.0403088,0,0,1,0,1,0,1
5.5254,0.55,1.655,0,0.260131,-0,0,-0,2.05927,-0.260104,0.0868976,1.775,-0.325,0,1.37124,-0.246512,0.0973155,2.075,0.275,0,1.77502,0.256635,0.124367,1.375,0.275,0,0.264763,0.8208,0.630006,0.33036,1.59899,1.31045,0.422706,0.855877,0.459165,0.315815,1.58061,1.33079,0.474329,-0.0349357,0.0216907,0.378641,1.66772,1.26559,0.02274,0.00455403,0.0239028,nan,nan,nan,0.030121,0.0106746,0.0154136,nan,nan,nan,0.00782865,0.0953282,0.0661472,nan,nan,nan,0.0868917,0,0.0973155,0,0.047501,0,0,1,0,1,0,1
5.56521,0.6,1.66,0,0.260131,-0,0,-0,2.07054,-0.262973,0.0848454,1.775,-0.325,0,1.38337,-0.248503,0.0947616,2.075,0.275,0,1.78555,0.263497,0.123368,1.375,0.275,0,0.290488,0.833167,0.663256,0.308023,1.60538,1.30451,0.457733,0.876498,0.485532,0.294263,1.58593,1.32432,0.484963,0.106748,0.123756,0.353855,1.66919,1.26497,0.0238994,0.017895,0.0363404,nan,nan,nan,0.0292137,0.0243286,0.0293264,nan,nan,nan,0.00728183,0.105014,0.0782222,nan,nan,nan,0.0815318,0,0.0947616,0,0.055185,0,0,1,0,1,0,1
5.60512,0.65,1.665,0,0.260131,-0,0,-0,2.08256,-0.266414,0.0814784,1.775,-0.325,0,1.39603,-0.251397,0.0905069,2.075,0.275,0,1.79721,0.272258,0.119715,1.375,0.275,0,0.317411,0.8603,0.709984,0.285233,1.61185,1.29899,0.491331,0.913251,0.528295,0.27231,1.59132,1.31827,0.49505,0.260933,0.24223,0.328786,1.67024,1.26453,0.0249116,0.0313409,0.0483484,nan,nan,nan,0.0276965,0.0380474,0.0432373,nan,nan,nan,0.00705385,0.113031,0.0893803,nan,nan,nan,0.0750152,0,0.090507,0,0.0627264,0,0,1,0,1,0,1
5.64519,0.7,1.67,0,0.260131,-0,0,-0,2.09527,-0.270152,0.0766849,1.775,-0.325,0,1.4091,-0.255011,0.0844129,2.075,0.275,0,1.80979,0.282278,0.112779,1.375,0.275,0,0.345368,0.902316,0.769714,0.261997,1.61834,1.29388,0.522782,0.966212,0.587454,0.249963,1.59676,1.31264,0.505038,0.425267,0.375816,0.303465,1.67088,1.26427,0.0257767,0.0448916,0.0599268,nan,nan,nan,0.0255695,0.0518309,0.0571465,nan,nan,nan,0.00712492,0.119403,0.0996146,nan,nan,nan,0.0672192,0,0.0844129,0,0.080963,0,0,1,0,1,0,1
5.68542,0.75,1.675,0,0.260131,-0,0,-0,2.1086,-0.273848,0.0702996,1.775,-0.325,0,1.42235,-0.259118,0.0762988,2.075,0.275,0,1.82296,0.292788,0.102179,1.375,0.275,0,0.374198,0.959331,0.841973,0.238323,1.62484,1.28916,0.551366,1.03546,0.663005,0.227229,1.60221,1.30739,0.515058,0.597762,0.523106,0.277923,1.67109,1.26418,0.0264947,0.0585471,0.0710756,nan,nan,nan,0.0228325,0.0656792,0.0710538,nan,nan,nan,0.00699288,0.12471,0.108748,nan,nan,nan,0.0515648,0,0.0762988,0,0.084821,0,0,1,0,1,0,1
5.72517,0.8,1.68,0,0.260131,-0,0,-0,2.12238,-0.277092,0.0621206,1.775,-0.325,0,1.43542,-0.263439,0.0659653,2.075,0.275,0,1.8361,0.302938,0.087791,1.375,0.275,0,0.403738,1.03146,0.926287,0.214221,1.6313,1.28482,0.576365,1.12106,0.754947,0.204121,1.60764,1.30253,0.524593,0.77718,0.682465,0.252194,1.67088,1.26427,0.0270655,0.0723075,0.0817948,nan,nan,nan,0.0194856,0.0795923,0.0849594,nan,nan,nan,0.0064387,0.129206,0.116704,nan,nan,nan,0.0439365,0,0.0659653,0,0.086435,0,0,1,0,1,0,1
5.76511,0.85,1.685,0,0.260131,-0,0,-0,2.13634,-0.279407,0.0519343,1.775,-0.325,0,1.44787,-0.267638,0.0532276,2.075,0.275,0,1.84855,0.311901,0.0697853,1.375,0.275,0,0.433827,1.11882,1.02218,0.189705,1.6377,1.28083,0.59706,1.2231,0.863278,0.18065,1.61303,1.29803,0.533048,0.962375,0.85223,0.226311,1.67024,1.26453,0.0274892,0.0861728,0.0920844,nan,nan,nan,0.0155288,0.0935702,0.0988631,nan,nan,nan,0.00546239,0.13289,0.123482,nan,nan,nan,0.034803,0,0.0532276,0,0.07238,0,0,1,0,1,0,1
5.80529,0.9,1.69,0,0.260131,-0,0,-0,2.15012,-0.280245,0.0395513,1.775,-0.325,0,1.45909,-0.27131,0.0379614,2.075,0.275,0,1.85959,0.318933,0.0486263,1.375,0.275,0,0.464302,1.22152,1.12919,0.164791,1.64399,1.27718,0.612731,1.34166,0.987995,0.156831,1.61834,1.29388,0.539825,1.1522,1.03074,0.200311,1.66919,1.26497,0.0277658,0.100143,0.101944,nan,nan,nan,0.0109622,0.107613,0.112765,nan,nan,nan,0.00406395,0.135764,0.129082,nan,nan,nan,0.0379043,0,0.0379614,0,0.0486263,0,1,1,1,1,1,1
5.84535,0.95,1.695,0,0.260131,-0,0,-0,2.16322,-0.278995,0.024852,1.775,-0.325,0,1.46839,-0.273963,0.0201598,2.075,0.275,0,1.86858,0.323438,0.025048,1.375,0.275,0,0.495001,1.33969,1.24683,0.139495,1.65016,1.27386,0.622661,1.4768,1.1291,0.132681,1.62355,1.29007,0.544329,1.34551,1.21632,0.174228,1.66772,1.26559,0.0278952,0.114218,0.111375,nan,nan,nan,0.00578564,0.12172,0.126665,nan,nan,nan,0.00224337,0.137826,0.133504,nan,nan,nan,0.016347,0,0.0201598,0,0.025048,0,1,1,1,1,1,1
5.90962,0,1.7,0,0.260131,-0,0,-0,2.175,-0.275,0.00784314,1.775,-0.324998,1.65111e-06,1.475,-0.275,0,2.075,0.274998,1.5878e-06,1.875,0.325,0,1.375,0.274999,1.67124e-06,0.525761,1.47343,1.37463,0.113838,1.65615,1.27085,0.62613,1.62861,1.28658,0.108218,1.62861,1.28658,0.545964,1.54117,1.40732,0.148098,1.66584,1.26639,nan,nan,nan,-8.51925e-07,-0.134306,-0.14123,nan,nan,nan,-8.1127e-07,-0.135893,-0.140564,nan,nan,nan,8.6609e-07,-0.133708,-0.141426,-0.00149791,1.65111e-06,0,1.5878e-06,0,1.67124e-06,1,1,1,1,1,1
5.92505,0.05,1.705,0,0.25919,-0,0,-0,2.175,-0.275,0.00784314,1.7805,-0.323919,0.0195116,1.475,-0.275,0,2.0799,0.275219,0.0276354,1.875,0.325,0,1.38282,0.290002,0.0184665,0.508704,1.46889,1.35567,0.11706,1.50184,1.11185,0.605832,1.62642,1.27605,0.107598,1.40318,1.06928,0.528589,1.53773,1.38875,0.150899,1.47178,1.14227,nan,nan,nan,0.00531894,-0.124904,-0.125968,nan,nan,nan,-0.000706095,-0.139538,-0.125371,nan,nan,nan,0.0110333,-0.629362,-0.34942,-0.00149791,0.0195116,0,0.0276354,0,0.0184665,1,0,1,0,1,0
5.96518,0.1,1.71,0,0.258248,-0,0,-0,2.175,-0.275,0.00784314,1.78691,-0.321043,0.0367748,1.475,-0.275,0,2.08458,0.27513,0.0526545,1.875,0.325,0,1.39411,0.318871,0.0587844,0.491253,1.46467,1.33724,0.126271,1.359,0.970899,0.585062,1.62404,1.26581,0.106077,1.17357,0.876384,0.510785,1.53464,1.37073,0.15896,1.04966,0.922642,nan,nan,nan,0.0100613,-0.115028,-0.110897,nan,nan,nan,-0.00110233,-0.140995,-0.110699,nan,nan,nan,0.0210384,-1.04596,-0.523406,-0.00149791,0.0380384,0,0.0526545,0,0.0559527,1,0,1,0,1,0
6.00532,0.15,1.715,0,0.257307,-0,0,-0,2.175,-0.275,0.00784314,1.79411,-0.316939,0.0515095,1.475,-0.275,0,2.0891,0.274259,0.0740175,1.875,0.325,0,1.40468,0.333535,0.112906,0.473401,1.46076,1.31932,0.140782,1.2282,0.847775,0.563828,1.62145,1.25586,0.104162,0.943378,0.707051,0.492546,1.53188,1.35324,0.171766,0.438994,0.624528,nan,nan,nan,0.0142262,-0.104678,-0.0960196,nan,nan,nan,-0.00118952,-0.140261,-0.0965489,nan,nan,nan,0.030016,-1.38351,-0.663383,-0.00149791,0.0493344,0,0.0740175,0,0.0854908,1,0,1,0,1,0
6.04531,0.2,1.72,0,0.256366,-0,0,-0,2.175,-0.275,0.00784314,1.80196,-0.312167,0.0636288,1.475,-0.275,0,2.09359,0.272837,0.0911806,1.875,0.325,0,1.41197,0.323065,0.152339,0.455145,1.45713,1.30191,0.159908,1.11,0.742244,0.542136,1.61862,1.24617,0.102356,0.716172,0.560425,0.473865,1.52942,1.33627,0.188805,-0.320682,0.264927,nan,nan,nan,0.0178138,-0.0938538,-0.0813342,nan,nan,nan,-0.000967691,-0.137331,-0.0829189,nan,nan,nan,0.0379663,-1.64201,-0.769352,-0.00149791,0.0615604,0,0.0892291,0,0.0937557,1,0,1,0,1,0
6.08519,0.25,1.725,0,0.255425,-0,0,-0,2.175,-0.275,0.00784314,1.81036,-0.307244,0.0732007,1.475,-0.275,0,2.09822,0.271486,0.104138,1.875,0.325,0,2.09822,0.271486,0.104138,0.436481,1.45377,1.28499,0.18296,1.00496,0.654079,0.519997,1.61553,1.23674,0.101166,0.495736,0.435673,0.454736,1.52726,1.31981,0.209562,-1.18985,-0.139156,nan,nan,nan,0.0208239,-0.0825557,-0.0668412,nan,nan,nan,-0.000438087,-0.131906,-0.06978,nan,nan,nan,0.0448892,-1.82146,-0.841313,-0.00149791,0.0702451,0,0.101701,0,0.101701,1,0,1,0,1,0
6.12542,0.3,1.73,0,0.254484,-0,0,-0,2.175,-0.275,0.00784314,1.81923,-0.302616,0.080403,1.475,-0.275,0,2.10314,0.270893,0.113377,1.875,0.325,0,2.10314,0.270893,0.113377,0.417405,1.45066,1.26856,0.209251,0.913659,0.583049,0.497423,1.61213,1.22756,0.101091,0.286339,0.332013,0.435154,1.52536,1.30384,0.233523,-2.12897,-0.570718,nan,nan,nan,0.0232565,-0.0707836,-0.0525405,nan,nan,nan,0.000398614,-0.123826,-0.0571165,nan,nan,nan,0.0507847,-1.92186,-0.879266,-0.00149791,0.0738288,0,0.106848,0,0.106848,1,0,1,0,1,0
6.16538,0.35,1.735,0,0.253542,-0,0,-0,2.175,-0.275,0.00784314,1.82856,-0.298641,0.0854789,1.475,-0.275,0,2.10852,0.271574,0.119763,1.875,0.325,0,2.10852,0.271574,0.119763,0.397915,1.44777,1.2526,0.238094,0.836648,0.528927,0.47443,1.60842,1.21861,0.102636,0.0923241,0.248667,0.415116,1.52371,1.28836,0.260175,-3.09853,-1.01275,nan,nan,nan,0.0251118,-0.0585374,-0.0384323,nan,nan,nan,0.00154241,-0.113088,-0.0449282,nan,nan,nan,0.0556528,-1.94321,-0.883211,-0.00149791,0.0791055,0,0.108546,0,0.108546,1,0,1,0,1,0
6.20543,0.4,1.74,0,0.252601,-0,0,-0,2.175,-0.275,0.00784314,1.83835,-0.295586,0.0886956,1.475,-0.275,0,2.11448,0.273708,0.124318,1.875,0.325,0,2.11448,0.273708,0.124318,0.378011,1.44509,1.2371,0.268801,0.774496,0.491483,0.451034,1.60435,1.20988,0.106302,-0.081965,0.184857,0.394618,1.52227,1.27335,0.289004,-4.059,-1.44826,nan,nan,nan,0.0263896,-0.0458173,-0.0245164,nan,nan,nan,0.0029933,-0.0996934,-0.0332152,nan,nan,nan,0.0594935,-1.8855,-0.853148,-0.00149791,0.0818572,0,0.109145,0,0.109145,1,0,1,0,1,0
6.24497,0.45,1.745,0,0.25166,-0,0,-0,2.175,-0.275,0.00784314,1.84865,-0.293627,0.0903066,1.475,-0.275,0,2.12113,0.277096,0.127983,1.875,0.325,0,2.12113,0.277096,0.127983,0.357691,1.44259,1.22205,0.300686,0.727766,0.470489,0.427256,1.59992,1.20137,0.11259,-0.232185,0.139808,0.37366,1.52104,1.25881,0.319497,-4.97086,-1.86023,nan,nan,nan,0.02709,-0.0326231,-0.0107929,nan,nan,nan,0.00475129,-0.0836422,-0.0219774,nan,nan,nan,0.0623068,-1.74874,-0.789076,-0.00149791,0.0848103,0,0.105429,0,0.105429,1,0,1,0,1,0
6.28499,0.5,1.75,0,0.250719,-0,0,-0,2.175,-0.275,0.00784314,1.85949,-0.292857,0.0905205,1.475,-0.275,0,2.12858,0.281266,0.131428,1.875,0.325,0,2.12858,0.281266,0.131428,0.336959,1.44025,1.20745,0.333061,0.697023,0.465714,0.403117,1.59509,1.19308,0.122019,-0.354193,0.112735,0.35224,1.51997,1.24471,0.35114,-5.79457,-2.23167,nan,nan,nan,0.0272141,-0.018955,0.00273891,nan,nan,nan,0.00684883,-0.0653554,-0.0112282,nan,nan,nan,0.0640927,-1.53294,-0.690996,-0.00149791,0.0816272,0,0.104236,0,0.104236,1,0,1,0,1,0
6.32496,0.55,1.755,0,0.249778,-0,0,-0,2.175,-0.275,0.00784314,1.87091,-0.293301,0.0894745,1.475,-0.275,0,2.13697,0.285692,0.135013,1.875,0.325,0,2.13697,0.285692,0.135013,0.315815,1.43804,1.19328,0.36526,0.682832,0.476944,0.378641,1.58986,1.18498,0.135198,-0.445031,0.102818,0.33036,1.51904,1.23105,0.383419,-6.49062,-2.54556,nan,nan,nan,0.0268037,-0.00481125,0.0161056,nan,nan,nan,0.00933879,-0.0455191,-0.000988948,nan,nan,nan,0.0648512,-1.23808,-0.558908,-0.00149791,0.0851729,0,0.102623,0,0.102623,1,0,1,0,1,0
6.36524,0.6,1.76,0,0.248837,-0,0,-0,2.175,-0.275,0.00784314,1.8829,-0.294923,0.0872149,1.475,-0.275,0,2.14645,0.289877,0.138758,1.875,0.325,0,2.14645,0.289877,0.138758,0.294263,1.43594,1.17952,0.396665,0.685759,0.503994,0.353855,1.58419,1.17708,0.152768,-0.502182,0.109223,0.308023,1.51823,1.21782,0.41582,-7.01947,-2.78491,nan,nan,nan,0.0258797,0.00980874,0.0293206,nan,nan,nan,0.0122219,-0.0241429,0.00873998,nan,nan,nan,0.0645824,-0.864165,-0.392811,-0.00149791,0.0891616,0,0.100255,0,0.100255,1,0,1,0,1,0
6.40515,0.65,1.765,0,0.247895,-0,0,-0,2.175,-0.275,0.00784314,1.89543,-0.297634,0.0836854,1.475,-0.275,0,2.15715,0.293423,0.142359,1.875,0.325,0,2.15715,0.293423,0.142359,0.27231,1.43391,1.16618,0.426664,0.706371,0.546683,0.328786,1.57808,1.16937,0.175373,-0.523129,0.131116,0.285233,1.51751,1.20499,0.44783,-7.3416,-2.93271,nan,nan,nan,0.0244423,0.024905,0.0423838,nan,nan,nan,0.0154982,-0.00122683,0.0179586,nan,nan,nan,0.0632861,-0.411202,-0.192707,-0.00149791,0.0934989,0,0.0995488,0,0.0995488,1,0,1,0,1,0
6.44513,0.7,1.77,0,0.246954,-0,0,-0,2.175,-0.275,0.00784314,1.90839,-0.301292,0.0787222,1.475,-0.275,0,2.16925,0.296062,0.145237,1.875,0.325,0,2.16925,0.296062,0.145237,0.249963,1.43194,1.15323,0.454647,0.745235,0.60483,0.303465,1.57152,1.16185,0.203655,-0.505355,0.167662,0.261997,1.51683,1.19256,0.478935,-7.4175,-2.97195,nan,nan,nan,0.0224912,0.0404775,0.0552952,nan,nan,nan,0.0191677,0.0232291,0.0266669,nan,nan,nan,0.0609624,0.120811,0.0414057,-0.00149791,0.0787222,0,0.0942572,0,0.0942572,1,0,1,0,1,0
6.48542,0.75,1.775,0,0.246013,-0,0,-0,2.175,-0.275,0.00784314,1.92158,-0.305698,0.0720571,1.475,-0.275,0,2.18291,0.297595,0.146566,1.875,0.325,0,2.18291,0.297595,0.146566,0.227229,1.42998,1.14067,0.480002,0.802919,0.678255,0.277923,1.5645,1.15453,0.238257,-0.446345,0.218028,0.238323,1.51618,1.18052,0.508621,-7.20762,-2.88563,nan,nan,nan,0.0200266,0.0565264,0.0680549,nan,nan,nan,0.0232294,0.0491738,0.0348662,nan,nan,nan,0.0576114,0.731876,0.309527,-0.00149791,0.0720571,0,0.0865833,0,0.0865833,1,0,1,0,1,0
6.52529,0.8,1.78,0,0.245072,-0,0,-0,2.175,-0.275,0.00784314,1.93469,-0.310579,0.0633321,1.475,-0.275,0,2.19826,0.297856,0.145419,1.875,0.325,0,2.19826,0.297856,0.145419,0.204121,1.42802,1.12848,0.502118,0.879988,0.766778,0.252194,1.557,1.14739,0.279791,-0.345157,0.28142,0.214221,1.51551,1.16884,0.536375,-6.67244,-2.65675,nan,nan,nan,0.0170485,0.0730515,0.0806628,nan,nan,nan,0.0276353,0.0742654,0.0426179,nan,nan,nan,0.0532329,1.42199,0.611656,-0.00149791,0.0633321,0,0.0758274,0,0.0758274,1,0,1,0,1,0
6.56508,0.85,1.785,0,0.244131,-0,0,-0,2.175,-0.275,0.00784314,1.94727,-0.315562,0.0521321,1.475,-0.275,0,2.21544,0.296645,0.141024,1.875,0.325,0,2.21544,0.296645,0.141024,0.18065,1.42602,1.11665,0.520383,0.97701,0.870217,0.226311,1.54903,1.14045,0.328787,-0.204686,0.357146,0.189705,1.51479,1.15752,0.561683,-5.77245,-2.26831,nan,nan,nan,0.0135569,0.0900528,0.0931189,nan,nan,nan,0.0323597,0.0972314,0.0499553,nan,nan,nan,0.0478271,2.19116,0.947793,-0.00149791,0.0521321,0,0.0495643,0,0.0495643,1,0,1,0,1,0
6.60518,0.9,1.79,0,0.24319,-0,0,-0,2.175,-0.275,0.00784314,1.95872,-0.320133,0.0380377,1.475,-0.275,0,2.23438,0.293324,0.132546,1.875,0.325,0,2.23438,0.293324,0.132546,0.156831,1.42394,1.10517,0.534186,1.09455,0.988391,0.200311,1.54059,1.1337,0.385767,-0.0284079,0.444528,0.164791,1.51399,1.14654,0.584031,-4.46811,-1.70329,nan,nan,nan,0.00955164,0.10753,0.105423,nan,nan,nan,0.0374025,0.118072,0.0568784,nan,nan,nan,0.0413939,3.03938,1.31794,-0.00149791,0.0380377,0,0.0349048,0,0.0349048,1,1,1,1,1,1
6.64526,0.95,1.795,0,0.242248,-0,0,-0,2.175,-0.275,0.00784314,1.96827,-0.323591,0.0207088,1.475,-0.275,0,2.25461,0.286682,0.11918,1.875,0.325,0,2.25461,0.286682,0.11918,0.132681,1.42176,1.09402,0.542917,1.23318,1.12112,0.174228,1.53168,1.12715,0.451252,0.180202,0.542889,0.139495,1.51307,1.13588,0.602905,-2.7199,-0.944702,nan,nan,nan,0.00503288,0.125484,0.117576,nan,nan,nan,0.0427637,0.136786,0.0633872,nan,nan,nan,0.0339332,3.96665,1.72209,-0.00149791,0.0207088,0,0.0264608,0,0.0264608,1,1,1,1,1,1
6.69102,0,1.8,0,0.241307,-0,0,-0,2.175,-0.274998,0.00784473,1.975,-0.325,0,1.475,-0.274999,1.69659e-06,2.275,0.275,0.100392,1.875,0.324998,1.67381e-06,1.575,0.275,0.120784,0.108218,1.41943,1.0832,0.545964,1.39346,1.26823,0.148098,1.5223,1.12082,0.525761,0.41767,0.651552,0.113838,1.512,1.12553,0.617793,-0.488286,0.0244677,-0.0289079,-0.143443,-0.117245,nan,nan,nan,7.64877e-07,-0.141541,-0.137364,nan,nan,nan,-7.52367e-07,-0.142105,-0.137053,nan,nan,nan,-0.00149755,0,1.69659e-06,-0.000143319,1.67381e-06,-0.00690078,1,1,1,1,1,1
6.72513,0.05,1.805,0,0.24315,-0,0,-0,2.17264,-0.281371,0.0336947,1.975,-0.325,0,1.48024,-0.273817,0.0202728,2.275,0.275,0.100392,1.8803,0.323404,0.0212898,1.575,0.275,0.120784,0.0694564,1.19969,0.9132,0.528589,1.41192,1.26977,0.1503,1.3759,0.97937,0.508704,0.431055,0.642968,0.116327,1.3567,0.976409,0.602186,-0.458638,0.0261845,-0.0211683,-0.139979,-0.102337,nan,nan,nan,0.00394149,-0.123377,-0.118613,nan,nan,nan,0.00421602,-0.124357,-0.118817,nan,nan,nan,0.0226741,0,0.0202728,-0.000143319,0.0212898,-0.00690078,0,1,0,1,0,1
6.76497,0.1,1.81,0,0.244993,-0,0,-0,2.17227,-0.285157,0.0562848,1.975,-0.325,0,1.48602,-0.270999,0.0375241,2.275,0.275,0.100392,1.8862,0.319475,0.039388,1.575,0.275,0.120784,0.0424992,0.986431,0.765678,0.510785,1.43074,1.27202,0.156722,1.2493,0.858317,0.491253,0.445779,0.635417,0.123544,1.2218,0.848287,0.585062,-0.381431,0.0492812,-0.0136706,-0.13507,-0.0882297,nan,nan,nan,0.00763299,-0.105728,-0.100468,nan,nan,nan,0.00810962,-0.107125,-0.10103,nan,nan,nan,0.0312681,0,0.0375241,-0.000143319,0.039388,-0.00690078,0,1,0,1,0,1
6.80552,0.15,1.815,0,0.246837,-0,0,-0,2.17411,-0.287122,0.0753776,1.975,-0.325,0,1.49236,-0.267476,0.0518178,2.275,0.275,0.100392,1.89269,0.314321,0.0543423,1.575,0.275,0.120784,0.0269709,0.781899,0.639393,0.492546,1.44988,1.27497,0.167086,1.14193,0.756992,0.473401,0.461829,0.628912,0.135112,1.1067,0.740641,0.563828,-0.262205,0.0925528,-0.00641485,-0.128716,-0.074923,nan,nan,nan,0.0110753,-0.0885924,-0.0829286,nan,nan,nan,0.0116801,-0.0904098,-0.0836927,nan,nan,nan,0.0220632,0,0.0518178,-0.000143319,0.0543423,-0.00690078,0,1,0,1,0,1
6.84525,0.2,1.82,0,0.24868,-0,0,-0,2.1782,-0.288073,0.0911206,1.975,-0.325,0,1.4993,-0.263972,0.0633658,2.275,0.275,0.100392,1.89974,0.308819,0.0663757,1.575,0.275,0.120784,0.0224968,0.58833,0.533104,0.473865,1.4693,1.2786,0.181119,1.05321,0.674723,0.455145,0.479184,0.623462,0.150655,1.01077,0.652947,0.542136,-0.171317,0.124295,0.000598969,-0.120917,-0.062417,nan,nan,nan,0.0142683,-0.0719708,-0.0659943,nan,nan,nan,0.0149273,-0.0742109,-0.0668053,nan,nan,nan,0.0222374,0,0.0633658,-0.000143319,0.0663757,-0.00690078,0,1,0,1,0,1
6.88518,0.25,1.825,0,0.250523,-0,0,-0,2.18452,-0.288666,0.103962,1.975,-0.325,0,1.50684,-0.261005,0.0724472,2.275,0.275,0.100392,1.90734,0.303625,0.0757938,1.575,0.275,0.120784,0.028702,0.407965,0.44557,0.454736,1.48897,1.28289,0.198545,0.982595,0.610843,0.436481,0.497809,0.61907,0.169796,0.93344,0.584681,0.519997,-0.0920907,0.151838,0.00737086,-0.111672,-0.0507116,nan,nan,nan,0.0172122,-0.055863,-0.0496653,nan,nan,nan,0.0178514,-0.0585285,-0.0503676,nan,nan,nan,0.0201527,0,0.0724472,-0.000143319,0.0757938,-0.00690078,0,1,0,1,0,1
6.92549,0.3,1.83,0,0.252366,-0,0,-0,2.19303,-0.289292,0.114523,1.975,-0.325,0,1.51503,-0.258919,0.0793493,2.275,0.275,0.100392,1.91548,0.299199,0.0829168,1.575,0.275,0.120784,0.0452116,0.243044,0.375552,0.435154,1.50885,1.28784,0.219087,0.929501,0.564681,0.417405,0.517656,0.615736,0.192158,0.87409,0.535318,0.497423,-0.0202041,0.17709,0.0139008,-0.100982,-0.0398068,nan,nan,nan,0.0199068,-0.0402692,-0.0339416,nan,nan,nan,0.0204523,-0.0433625,-0.0343796,nan,nan,nan,0.0159989,0,0.0845043,-0.000143319,0.0829169,-0.00690078,0,1,0,1,0,1
6.96514,0.35,1.835,0,0.254209,-0,0,-0,2.20371,-0.290032,0.123457,1.975,-0.325,0,1.52389,-0.257907,0.0843292,2.275,0.275,0.100392,1.92421,0.295843,0.088036,1.575,0.275,0.120784,0.0716509,0.0958037,0.321809,0.415116,1.5289,1.29342,0.24247,0.893363,0.535568,0.397915,0.538669,0.613452,0.217364,0.832121,0.504335,0.47443,0.0461888,0.200865,0.0201888,-0.0888464,-0.0297027,nan,nan,nan,0.0223522,-0.0251892,-0.0188234,nan,nan,nan,0.0227301,-0.0287129,-0.0188413,nan,nan,nan,0.0182435,0,0.0868887,-0.000143319,0.088036,-0.00690078,0,1,0,1,0,1
7.00531,0.4,1.84,0,0.256052,-0,0,-0,2.21658,-0.290677,0.131319,1.975,-0.325,0,1.53348,-0.258037,0.0875921,2.275,0.275,0.100392,1.93359,0.293722,0.0913873,1.575,0.275,0.120784,0.107645,-0.031515,0.2831,0.394618,1.54908,1.29961,0.26842,0.873613,0.522836,0.378011,0.560775,0.612206,0.245037,0.806933,0.491207,0.451034,0.108069,0.223594,0.0262349,-0.0752658,-0.0203992,nan,nan,nan,0.0245483,-0.0106232,-0.00431046,nan,nan,nan,0.0246846,-0.0145798,-0.00375277,nan,nan,nan,0.0218757,0,0.0876581,-0.000143319,0.0913874,-0.00690078,0,1,0,1,0,1
7.04515,0.45,1.845,0,0.257895,-0,0,-0,2.2316,-0.290796,0.138479,1.975,-0.325,0,1.54386,-0.259276,0.0892807,2.275,0.275,0.100392,1.94369,0.292895,0.0931402,1.575,0.275,0.120784,0.152819,-0.136673,0.258185,0.37366,1.56935,1.30641,0.29666,0.869684,0.525814,0.357691,0.583896,0.61198,0.274801,0.797922,0.495409,0.427256,0.166035,0.245535,0.0320391,-0.06024,-0.0118964,nan,nan,nan,0.0264953,0.00342896,0.00959707,nan,nan,nan,0.026316,-0.000963153,0.0108861,nan,nan,nan,0.0264346,0,0.0869234,-0.000143319,0.0931402,-0.00690078,0,1,0,1,0,1
7.08527,0.5,1.85,0,0.259739,-0,0,-0,2.24868,-0.289833,0.145076,1.975,-0.325,0,1.55505,-0.261509,0.0894748,2.275,0.275,0.100392,1.9546,0.293336,0.0933952,1.575,0.275,0.120784,0.206753,-0.217446,0.245839,0.35224,1.58969,1.31378,0.326914,0.881006,0.543834,0.336959,0.60794,0.612753,0.306278,0.804486,0.516418,0.403117,0.220494,0.266856,0.0374005,-0.0438329,-0.00412668,nan,nan,nan,0.028193,0.0169672,0.0228992,nan,nan,nan,0.0276243,0.0121371,0.0250752,nan,nan,nan,0.0300345,0,0.0838248,-0.000143319,0.0933953,-0.00690078,0,1,0,1,0,1
7.12526,0.55,1.855,0,0.261582,-0,0,-0,2.26736,-0.28748,0.151109,1.975,-0.325,0,1.56709,-0.264547,0.0881954,2.275,0.275,0.100392,1.96638,0.294945,0.0921884,1.575,0.275,0.120784,0.267589,-0.272068,0.24532,0.33036,1.61005,1.32172,0.358886,0.907034,0.576236,0.315815,0.632807,0.614495,0.33906,0.826056,0.553713,0.378641,0.271747,0.287675,0.0407366,-0.0265488,0.00344208,nan,nan,nan,0.0295603,0.0300744,0.0356362,nan,nan,nan,0.0284899,0.0248384,0.0388328,nan,nan,nan,0.030924,0,0.0763818,-0.000143319,0.0921884,-0.00690078,0,1,0,1,0,1
7.16524,0.6,1.86,0,0.263425,-0,0,-0,2.28682,-0.283871,0.156506,1.975,-0.325,0,1.5799,-0.26814,0.0854018,2.275,0.275,0.100392,1.97899,0.297569,0.0894855,1.575,0.275,0.120784,0.331761,-0.299315,0.256459,0.308023,1.63039,1.3302,0.39207,0.947434,0.622466,0.294263,0.658393,0.617177,0.372402,0.862391,0.606827,0.353855,0.320034,0.30808,0.0417086,-0.00849569,0.0109238,nan,nan,nan,0.0303744,0.0429776,0.0479182,nan,nan,nan,0.0285669,0.0374816,0.0522116,nan,nan,nan,0.034795,0,0.0679755,-0.000143319,0.0894855,-0.00690078,0,1,0,1,0,1
7.20509,0.65,1.865,0,0.265268,-0,0,-0,2.30624,-0.279371,0.161057,1.975,-0.325,0,1.59334,-0.271989,0.0810083,2.275,0.275,0.100392,1.99232,0.301016,0.0851917,1.575,0.275,0.120784,0.395608,-0.297996,0.279124,0.285233,1.65068,1.33921,0.425841,1.002,0.682027,0.27231,0.684587,0.620761,0.405361,0.913446,0.675321,0.328786,0.365554,0.328138,0.0403165,0.0103265,0.0183184,nan,nan,nan,0.0306227,0.0556899,0.0597514,nan,nan,nan,0.0278333,0.0500883,0.065215,nan,nan,nan,0.0402731,0,0.0585793,-0.000143319,0.0851917,-0.00690078,0,1,0,1,0,1
7.24496,0.7,1.87,0,0.267111,-0,0,-0,2.32488,-0.274567,0.164404,1.975,-0.325,0,1.60719,-0.275757,0.0749072,2.275,0.275,0.100392,2.00615,0.305059,0.0791702,1.575,0.275,0.120784,0.455468,-0.26692,0.313177,0.261997,1.67089,1.34872,0.459574,1.07051,0.754423,0.249963,0.711273,0.62521,0.436992,0.979179,0.758757,0.303465,0.408486,0.347904,0.0365604,0.0299177,0.0256259,nan,nan,nan,0.0303051,0.0682112,0.071136,nan,nan,nan,0.0262891,0.0626585,0.0778429,nan,nan,nan,0.0436199,0,0.0488037,-0.000143319,0.0791702,-0.00690078,0,1,0,1,0,1
7.28494,0.75,1.875,0,0.268954,-0,0,-0,2.34205,-0.27022,0.166033,1.975,-0.325,0,1.62114,-0.279078,0.0669897,2.275,0.275,0.100392,2.02019,0.309439,0.0712601,1.575,0.275,0.120784,0.507676,-0.204894,0.358485,0.238323,1.69098,1.35871,0.492643,1.15275,0.839157,0.227229,0.738337,0.630482,0.46635,1.05955,0.856699,0.277923,0.448987,0.367426,0.0304403,0.0502779,0.0328464,nan,nan,nan,0.0294216,0.0805417,0.0820719,nan,nan,nan,0.0239342,0.0751921,0.0900954,nan,nan,nan,0.0452487,0,0.0433466,-0.000143319,0.0712601,-0.00690078,0,1,0,1,0,1
7.325,0.8,1.88,0,0.270797,-0,0,-0,2.35708,-0.267153,0.165264,1.975,-0.325,0,1.63478,-0.281562,0.0571725,2.275,0.275,0.100392,2.03402,0.31387,0.0613027,1.575,0.275,0.120784,0.548571,-0.110728,0.414912,0.214221,1.71092,1.36918,0.524422,1.24853,0.935734,0.204121,0.765663,0.636534,0.49249,1.15451,0.968707,0.252194,0.487208,0.386743,0.021956,0.0714072,0.0399798,nan,nan,nan,0.0279721,0.0926812,0.092559,nan,nan,nan,0.0207688,0.0876893,0.101972,nan,nan,nan,0.0435496,0,0.0370854,-0.000143319,0.0613027,-0.00690078,0,1,0,1,0,1
7.36512,0.85,1.885,0,0.272641,-0,0,-0,2.3692,-0.266098,0.161257,1.975,-0.325,0,1.64762,-0.282805,0.0454293,2.275,0.275,0.100392,2.04709,0.318031,0.0491749,1.575,0.275,0.120784,0.574489,0.01677,0.482324,0.189705,1.73067,1.38009,0.554286,1.35762,1.04366,0.18065,0.793137,0.643323,0.514466,1.26402,1.09434,0.226311,0.523286,0.405893,0.0111078,0.0933056,0.0470261,nan,nan,nan,0.0259568,0.10463,0.102598,nan,nan,nan,0.0167927,0.10015,0.113474,nan,nan,nan,0.0407592,0,0.0300364,-0.000143319,0.0491749,-0.00690078,0,1,0,1,0,1
7.40529,0.9,1.89,0,0.274484,-0,0,-0,2.37732,-0.267451,0.15306,1.975,-0.325,0,1.65904,-0.282398,0.0318265,2.275,0.275,0.100392,2.05876,0.321562,0.0348312,1.575,0.275,0.120784,0.581769,0.178792,0.560585,0.164791,1.75022,1.39142,0.581609,1.47981,1.16243,0.156831,0.820649,0.650803,0.531334,1.38803,1.23317,0.200311,0.557356,0.424909,-0.00210456,0.115973,0.0539854,nan,nan,nan,0.0233756,0.116387,0.112187,nan,nan,nan,0.012006,0.112574,0.1246,nan,nan,nan,0.0331873,0,0.0276577,-0.000143319,0.0348312,-0.00690078,1,1,1,1,1,1
7.44521,0.95,1.895,0,0.276327,-0,0,-0,2.37992,-0.270919,0.139758,1.975,-0.325,0,1.6684,-0.27993,0.0165617,2.275,0.275,0.100392,2.06832,0.324046,0.0183526,1.575,0.275,0.120784,0.566747,0.376528,0.649561,0.139495,1.76953,1.40317,0.605766,1.6149,1.29156,0.132681,0.848094,0.65893,0.542148,1.52652,1.38476,0.174228,0.589545,0.44382,-0.017681,0.139409,0.0608576,nan,nan,nan,0.0202285,0.127954,0.121328,nan,nan,nan,0.00640866,0.124962,0.135351,nan,nan,nan,0.0198044,0,0.0136539,-0.000143319,0.0183526,-0.00690078,1,1,1,1,1,1
7.50446,0,1.9,0,0.27817,-0,0,-0,2.375,-0.275,0.120784,1.975,-0.324998,1.59558e-06,1.675,-0.275,0,2.275,0.274997,0.100393,2.075,0.325,0,1.575,0.274998,0.120785,0.525761,0.611171,0.749117,0.113838,1.78857,1.41531,0.62613,1.76267,1.43055,0.108218,0.875373,0.667661,0.545964,1.67942,1.54866,0.148098,0.619973,0.462658,nan,nan,nan,-9.47334e-07,-0.130502,-0.147469,nan,nan,nan,-0.049611,-0.166998,-0.081933,nan,nan,nan,-0.0330999,-0.289077,-0.15194,-0.00736367,1.59558e-06,0,-0.000144605,0,-0.00689946,1,1,1,1,1,1
7.52486,0.05,1.905,0,0.279111,-0,0,-0,2.375,-0.275,0.120784,1.98021,-0.323755,0.0212572,1.675,-0.275,0,2.26975,0.283342,0.116201,2.075,0.325,0,1.56307,0.259228,0.144626,0.508704,0.616819,0.737443,0.115673,1.64255,1.25141,0.605832,1.77419,1.43517,0.0548555,0.670136,0.565872,0.528589,1.69029,1.54504,0.065118,-0.00646457,0.110054,nan,nan,nan,0.0030753,-0.116876,-0.130219,nan,nan,nan,-0.0330815,-0.150026,-0.0752288,nan,nan,nan,-0.0282569,-0.178506,-0.110207,-0.00736367,0.0212572,0,0.0161112,0,0.024943,1,0,1,0,1,0
7.56506,0.1,1.91,0,0.280052,-0,0,-0,2.375,-0.275,0.120784,1.98585,-0.320559,0.0403128,1.675,-0.275,0,2.26803,0.286382,0.128916,2.075,0.325,0,1.55588,0.235454,0.141375,0.491253,0.623303,0.726504,0.12102,1.51257,1.10776,0.585062,1.78548,1.44011,0.0218507,0.486819,0.473004,0.510785,1.70146,1.54202,-0.00399573,-0.363869,-0.138048,nan,nan,nan,0.00594939,-0.103318,-0.113173,nan,nan,nan,-0.0181672,-0.133142,-0.0681544,nan,nan,nan,-0.0228307,-0.0898334,-0.0745472,-0.00736367,0.0403128,0,0.0239115,0,0.0223571,1,0,1,0,1,0
7.60546,0.15,1.915,0,0.280993,-0,0,-0,2.375,-0.275,0.120784,1.99192,-0.316175,0.0568598,1.675,-0.275,0,2.26997,0.286042,0.138598,2.075,0.325,0,1.55378,0.212178,0.133566,0.473401,0.630619,0.716308,0.129641,1.39856,0.984107,0.563828,1.79652,1.44534,0.00711156,0.325306,0.389536,0.492546,1.71291,1.53958,-0.0576686,-0.511378,-0.298051,nan,nan,nan,0.00862133,-0.0898295,-0.0963317,nan,nan,nan,-0.00486812,-0.116347,-0.0607097,nan,nan,nan,-0.0168215,-0.02306,-0.0449612,-0.00736367,0.0568598,0,0.0316119,0,0.0147415,1,0,1,0,1,0
7.64512,0.2,1.92,0,0.281935,-0,0,-0,2.375,-0.275,0.120784,1.9984,-0.311285,0.0707832,1.675,-0.275,0,2.27525,0.283681,0.145621,2.075,0.325,0,1.55591,0.18937,0.131172,0.455145,0.638763,0.706864,0.141297,1.30044,0.880219,0.542136,1.8073,1.45086,0.00854679,0.185483,0.315947,0.473865,1.72462,1.53771,-0.0943258,-0.508131,-0.386356,nan,nan,nan,0.0110911,-0.076409,-0.079695,nan,nan,nan,0.0068158,-0.0996402,-0.0528948,nan,nan,nan,-0.0102292,0.0218146,-0.0214487,-0.00736367,0.0707832,0,0.0362013,0,0.011249,1,0,1,0,1,0
7.68497,0.25,1.925,0,0.282876,-0,0,-0,2.375,-0.275,0.120784,2.0053,-0.306467,0.0821023,1.675,-0.275,0,2.28334,0.280163,0.150506,2.075,0.325,0,1.56103,0.169757,0.13588,0.436481,0.647723,0.698178,0.15575,1.21812,0.79585,0.519996,1.81779,1.45665,0.024065,0.0672341,0.252716,0.454736,1.73656,1.53641,-0.112393,-0.413268,-0.419366,nan,nan,nan,0.0133587,-0.063057,-0.063263,nan,nan,nan,0.0168845,-0.0830221,-0.0447097,nan,nan,nan,-0.00305383,0.0447904,-0.00400978,-0.00736367,0.0821023,0,0.0383456,0,0.0167152,1,0,1,0,1,0
7.72528,0.3,1.93,0,0.283817,-0,0,-0,2.375,-0.275,0.120784,2.01261,-0.302181,0.0909196,1.675,-0.275,0,2.29369,0.275988,0.153807,2.075,0.325,0,1.5676,0.157412,0.144368,0.417405,0.657483,0.690254,0.17276,1.15152,0.730761,0.497423,1.82798,1.4627,0.0515747,-0.0295541,0.200324,0.435154,1.7487,1.53564,-0.110295,-0.285926,-0.413481,nan,nan,nan,0.0154242,-0.0497734,-0.0470357,nan,nan,nan,0.025338,-0.0664925,-0.0361543,nan,nan,nan,0.00470466,0.0458674,0.00735568,-0.00736367,0.0909196,0,0.0386821,0,0.025371,1,0,1,0,1,0
7.76553,0.35,1.935,0,0.284758,-0,0,-0,2.375,-0.275,0.120784,2.02038,-0.298777,0.0973778,1.675,-0.275,0,2.30579,0.271425,0.156039,2.075,0.325,0,1.57479,0.155033,0.151135,0.397915,0.668021,0.683092,0.19209,1.10057,0.684709,0.47443,1.83784,1.46899,0.0889846,-0.104997,0.159249,0.415116,1.76102,1.53542,-0.0864776,-0.184607,-0.384969,nan,nan,nan,0.0172875,-0.0365582,-0.0310129,nan,nan,nan,0.0321764,-0.0500515,-0.0272287,nan,nan,nan,0.0129849,0.0270091,0.0130621,-0.00736367,0.0976807,0,0.0366984,0,0.0316225,1,0,1,0,1,0
7.80549,0.4,1.94,0,0.285699,-0,0,-0,2.375,-0.275,0.120784,2.02867,-0.296495,0.101627,1.675,-0.275,0,2.31918,0.266621,0.157632,2.075,0.325,0,1.58313,0.162378,0.153401,0.378011,0.679311,0.676694,0.2135,1.06517,0.657453,0.451034,1.84737,1.47552,0.134203,-0.159209,0.129971,0.394618,1.77349,1.53571,-0.0403724,-0.136236,-0.343432,nan,nan,nan,0.0189487,-0.0234115,-0.0151948,nan,nan,nan,0.0373995,-0.0336991,-0.0179328,nan,nan,nan,0.0211008,0.0101713,0.0177445,-0.00736367,0.101386,0,0.0366111,0,0.0326583,1,0,1,0,1,0
7.84531,0.45,1.945,0,0.286641,-0,0,-0,2.375,-0.275,0.120784,2.03755,-0.295477,0.103803,1.675,-0.275,0,2.33346,0.261693,0.158915,2.075,0.325,0,1.59412,0.177082,0.152823,0.357691,0.691318,0.671054,0.236752,1.04526,0.64875,0.427256,1.85654,1.48227,0.185139,-0.192304,0.112969,0.37366,1.78608,1.53651,0.0271698,-0.12234,-0.288888,nan,nan,nan,0.0204077,-0.0103333,0.000418703,nan,nan,nan,0.0410074,-0.0174353,-0.00826673,nan,nan,nan,0.028861,0.00147712,0.0226953,-0.00736367,0.102979,0,0.0361197,0,0.0301428,1,0,1,0,1,0
7.88523,0.5,1.95,0,0.287582,-0,0,-0,2.375,-0.275,0.120784,2.04709,-0.295772,0.104007,1.675,-0.275,0,2.34828,0.256785,0.1601,2.075,0.325,0,1.60964,0.196631,0.151728,0.336959,0.704006,0.666168,0.261607,1.04075,0.658361,0.403117,1.86535,1.48924,0.239701,-0.204398,0.108723,0.35224,1.79877,1.5378,0.115189,-0.120927,-0.22061,nan,nan,nan,0.0216645,0.00267648,0.0158276,nan,nan,nan,0.0430002,-0.00126006,0.0017696,nan,nan,nan,0.0362655,0.00092646,0.0279147,-0.00736367,0.102557,0,0.0354828,0,0.030944,1,0,1,0,1,0
7.9255,0.55,1.955,0,0.288523,-0,0,-0,2.375,-0.275,0.120784,2.05738,-0.297342,0.102302,1.675,-0.275,0,2.36338,0.252108,0.161282,2.075,0.325,0,1.63137,0.217877,0.151771,0.315815,0.717328,0.662027,0.287827,1.05155,0.686041,0.378641,1.8738,1.49642,0.295799,-0.1956,0.117704,0.33036,1.81152,1.53956,0.222724,-0.110005,-0.137876,nan,nan,nan,0.0227194,0.0156157,0.03103,nan,nan,nan,0.04338,0.0148399,0.0121575,nan,nan,nan,0.0433143,0.00851935,0.0334025,-0.00736367,0.106364,0,0.0404972,0,0.0309871,1,0,1,0,1,0
7.96537,0.6,1.96,0,0.289464,-0,0,-0,2.375,-0.275,0.120784,2.06846,-0.300069,0.0987099,1.675,-0.275,0,2.37854,0.247935,0.162422,2.075,0.325,0,1.66015,0.237033,0.1532,0.294263,0.731235,0.658619,0.315173,1.07759,0.731546,0.353855,1.88187,1.50381,0.351346,-0.165993,0.140347,0.308023,1.82431,1.54178,0.348655,-0.0677626,-0.0399536,nan,nan,nan,0.0235729,0.0284794,0.0460214,nan,nan,nan,0.0421499,0.0308828,0.0228714,nan,nan,nan,0.0495414,0.0237287,0.0391715,-0.00736367,0.0986652,0,0.0416378,0,0.0310441,1,0,1,0,1,0
8.00511,0.65,1.965,0,0.290405,-0,0,-0,2.375,-0.275,0.120784,2.08037,-0.303756,0.0932141,1.675,-0.275,0,2.39362,0.244613,0.16335,2.075,0.325,0,1.69464,0.251057,0.154667,0.27231,0.745671,0.65593,0.343408,1.11877,0.794624,0.328786,1.88955,1.51139,0.404257,-0.115649,0.177074,0.285233,1.8371,1.54445,0.484874,0.0197115,0.0740739,nan,nan,nan,0.0242249,0.0412672,0.0608017,nan,nan,nan,0.0393099,0.0468688,0.0339112,nan,nan,nan,0.0502085,0.0411971,0.0453497,-0.00736367,0.0918646,0,0.0425653,0,0.0356969,1,0,1,0,1,0
8.04522,0.7,1.97,0,0.291346,-0,0,-0,2.375,-0.275,0.120784,2.09309,-0.308127,0.0857714,1.675,-0.275,0,2.40849,0.242537,0.163749,2.075,0.325,0,1.7309,0.259345,0.15401,0.249963,0.760578,0.653943,0.372294,1.175,0.875028,0.303465,1.89686,1.51917,0.45245,-0.0446431,0.228306,0.261997,1.84988,1.54755,0.613719,0.155523,0.205384,nan,nan,nan,0.0246756,0.0539791,0.0753708,nan,nan,nan,0.03486,0.0627979,0.0452768,nan,nan,nan,0.0440797,0.059527,0.0519705,-0.00736367,0.0833292,0,0.0398208,0,0.0436825,1,0,1,0,1,0
8.0855,0.75,1.975,0,0.292288,-0,0,-0,2.375,-0.275,0.120784,2.10652,-0.312835,0.0763279,1.675,-0.275,0,2.42304,0.242128,0.163159,2.075,0.325,0,1.76386,0.263398,0.148723,0.227229,0.775892,0.65264,0.401593,1.24619,0.972507,0.277923,1.90379,1.52713,0.493838,0.0469513,0.294466,0.238323,1.86261,1.55105,0.716836,0.341999,0.355171,nan,nan,nan,0.0249249,0.0666152,0.0897287,nan,nan,nan,0.0288003,0.07867,0.0569683,nan,nan,nan,0.031155,0.0787183,0.0590341,-0.00736367,0.0787097,0,0.0406113,0,0.0668053,1,0,1,0,1,0
8.12551,0.8,1.98,0,0.293229,-0,0,-0,2.375,-0.275,0.120784,2.12051,-0.317459,0.0648428,1.675,-0.275,0,2.43704,0.243787,0.160968,2.075,0.325,0,1.78764,0.266095,0.136184,0.204121,0.791545,0.651998,0.431067,1.33226,1.08681,0.252194,1.91034,1.5353,0.526338,0.15906,0.375975,0.214221,1.87525,1.55496,0.775897,0.581453,0.524641,nan,nan,nan,0.0249728,0.0791754,0.103876,nan,nan,nan,0.0211307,0.0944852,0.0689856,nan,nan,nan,0.0116013,0.0986859,0.066606,-0.00736367,0.0617536,0,0.0395608,0,0.0749421,1,0,1,0,1,0
8.16535,0.85,1.985,0,0.29417,-0,0,-0,2.375,-0.275,0.120784,2.13477,-0.321522,0.0513187,1.675,-0.275,0,2.45009,0.247849,0.156443,2.075,0.325,0,1.79786,0.269667,0.114495,0.18065,0.807468,0.651995,0.460479,1.43311,1.2177,0.226311,1.91652,1.54365,0.547864,0.291611,0.473255,0.189705,1.88779,1.55923,0.781628,0.871578,0.718564,nan,nan,nan,0.0248192,0.0916598,0.117811,nan,nan,nan,0.0118512,0.110243,0.0813287,nan,nan,nan,-0.00631951,0.115213,0.0779389,-0.00736367,0.0480917,0,0.0346652,0,0.0594756,1,0,1,0,1,0
8.20521,0.9,1.99,0,0.295111,-0,0,-0,2.375,-0.275,0.120784,2.14894,-0.324498,0.0358387,1.675,-0.275,0,2.46152,0.254512,0.148763,2.075,0.325,0,1.79632,0.273445,0.0834336,0.156831,0.82359,0.652605,0.489591,1.54866,1.36491,0.200311,1.92234,1.55221,0.556333,0.444528,0.586729,0.164791,1.90019,1.56387,0.747369,1.19853,0.950611,nan,nan,nan,0.0244643,0.104068,0.131536,nan,nan,nan,0.000961877,0.125945,0.0939977,nan,nan,nan,-0.0180148,0.125957,0.0948407,-0.00736367,0.032747,0,0.028626,0,0.0433812,1,1,1,1,1,1
8.24499,0.95,1.995,0,0.296052,-0,0,-0,2.375,-0.275,0.120784,2.16254,-0.325837,0.0186084,1.675,-0.275,0,2.4703,0.263719,0.137109,2.075,0.325,0,1.78675,0.275244,0.044251,0.13268,0.839838,0.653803,0.518165,1.67881,1.5282,0.174228,1.92781,1.56096,0.54966,0.617739,0.716817,0.139495,1.91244,1.56886,0.689932,1.54668,1.23582,nan,nan,nan,0.023908,0.116401,0.145049,nan,nan,nan,-0.0115373,0.141589,0.106993,nan,nan,nan,-0.0234846,0.130916,0.117312,-0.00736367,0.0171377,0,0.0169322,0,0.0284407,1,1,1,1,1,1
8.28643,0,2,0,0.296993,-0,0,-0,2.375,-0.274997,0.120786,2.175,-0.325,0,1.675,-0.274999,1.52145e-06,2.475,0.275,0.120784,2.075,0.324999,1.50508e-06,1.775,0.275,0,0.108218,0.856141,0.655561,0.545964,1.82348,1.70731,0.148098,1.93294,1.56992,0.525761,0.81117,0.863943,0.113838,1.92449,1.57417,0.62613,1.90041,1.58924,0.0468318,-0.192039,-0.114379,nan,nan,nan,-0.00443868,-0.138822,-0.141249,nan,nan,nan,-1.04689e-06,-0.130052,-0.156925,nan,nan,nan,-0.00736186,0,8.75905e-07,-0.00736367,1.50508e-06,0,1,1,1,1,1,1
8.32496,0.05,2.005,0,0.296157,-0,0,-0,2.39004,-0.270238,0.136322,2.175,-0.325,0,1.68047,-0.279971,0.0194321,2.475,0.275,0.120784,2.08035,0.324603,0.0173144,1.775,0.275,0,0.160687,0.632975,0.522852,0.528589,1.82038,1.68863,0.146733,1.77268,1.4063,0.508704,0.801002,0.843116,0.115869,1.79414,1.42049,0.605832,1.89859,1.5789,0.0390614,-0.17276,-0.102538,nan,nan,nan,0.00207081,-0.126131,-0.129247,nan,nan,nan,0.00385699,-0.12096,-0.139169,nan,nan,nan,0.0173659,-4.35382e-18,0.0158169,-0.00736367,0.0173144,-5.55112e-17,0,1,0,1,0,1
8.36511,0.1,2.01,0,0.29532,-0,0,-0,2.40251,-0.262968,0.147346,2.175,-0.325,0,1.68693,-0.281642,0.0375941,2.475,0.275,0.120784,2.08635,0.323527,0.0332294,1.775,0.275,0,0.204125,0.433302,0.404634,0.510785,1.81767,1.67058,0.15284,1.62784,1.25735,0.491253,0.791033,0.822691,0.121731,1.67342,1.285,0.585062,1.89664,1.56887,0.032068,-0.153639,-0.0906919,nan,nan,nan,0.00791566,-0.113351,-0.11698,nan,nan,nan,0.00737801,-0.111528,-0.121916,nan,nan,nan,0.0349957,0,0.0256446,-0.00736367,0.0332294,0,0,1,0,1,0,1
8.40562,0.15,2.015,0,0.294484,-0,0,-0,2.41281,-0.25502,0.154385,2.175,-0.325,0,1.69432,-0.280811,0.0539483,2.475,0.275,0.120784,2.09295,0.321972,0.047396,1.775,0.275,0,0.23948,0.256928,0.300914,0.492546,1.8153,1.65315,0.165614,1.4985,1.12341,0.473401,0.781253,0.802666,0.131073,1.56266,1.16715,0.563828,1.89451,1.55914,0.0258517,-0.134677,-0.0788409,nan,nan,nan,0.0130959,-0.100482,-0.104447,nan,nan,nan,0.010562,-0.101754,-0.105166,nan,nan,nan,0.0425829,0,0.0283448,-0.00736367,0.047396,0,0,1,0,1,0,1
8.44512,0.2,2.02,0,0.293647,-0,0,-0,2.42145,-0.247592,0.158246,2.175,-0.325,0,1.70252,-0.27825,0.0681834,2.475,0.275,0.120784,2.1001,0.320172,0.0596132,1.775,0.275,0,0.267705,0.103659,0.211698,0.473865,1.81327,1.6363,0.184253,1.38479,1.00479,0.455145,0.771651,0.78304,0.143547,1.46223,1.06643,0.542136,1.89219,1.54968,0.0204124,-0.115874,-0.0669853,nan,nan,nan,0.0176115,-0.0875233,-0.0916477,nan,nan,nan,0.013409,-0.0916402,-0.0889188,nan,nan,nan,0.0464426,4.35382e-18,0.033568,-0.00736367,0.0596132,5.55112e-17,0,1,0,1,0,1
8.48516,0.25,2.025,0,0.29281,-0,0,-0,2.42894,-0.241356,0.15981,2.175,-0.325,0,1.71139,-0.274655,0.0801625,2.475,0.275,0.120784,2.10775,0.318363,0.0698019,1.775,0.275,0,0.28975,-0.0267014,0.136992,0.454736,1.81153,1.62003,0.207952,1.2868,0.901803,0.436481,0.762213,0.763812,0.158802,1.37248,0.982326,0.519996,1.88965,1.54049,0.0157501,-0.0972301,-0.0551248,nan,nan,nan,0.0214624,-0.0744752,-0.0785832,nan,nan,nan,0.015919,-0.0811855,-0.0731751,nan,nan,nan,0.0511644,0,0.0261991,-0.00736367,0.0698019,0,0,1,0,1,0,1
8.52542,0.3,2.03,0,0.291974,-0,0,-0,2.43569,-0.236605,0.159899,2.175,-0.325,0,1.7208,-0.270627,0.0898699,2.475,0.275,0.120784,2.11587,0.316765,0.077977,1.775,0.275,0,0.306565,-0.134346,0.0768,0.435154,1.81008,1.60431,0.235906,1.20465,0.814785,0.417405,0.752927,0.744982,0.176488,1.29376,0.914304,0.497423,1.88686,1.53155,0.0118649,-0.0787449,-0.0432596,nan,nan,nan,0.0246487,-0.0613376,-0.0652531,nan,nan,nan,0.018092,-0.07039,-0.0579346,nan,nan,nan,0.0544862,0,0.0289341,-0.00736367,0.0819342,0,0,1,0,1,0,1
8.56536,0.35,2.035,0,0.291137,-0,0,-0,2.44202,-0.233387,0.15921,2.175,-0.325,0,1.73065,-0.266659,0.0973631,2.475,0.275,0.120784,2.12445,0.315562,0.0842188,1.775,0.275,0,0.319102,-0.219469,0.0311296,0.415116,1.80888,1.58913,0.267313,1.13845,0.744051,0.397915,0.743775,0.726549,0.196255,1.22643,0.861845,0.47443,1.88381,1.52285,0.00875672,-0.0604185,-0.0313896,nan,nan,nan,0.0271704,-0.0481106,-0.0516572,nan,nan,nan,0.019928,-0.0592539,-0.0431973,nan,nan,nan,0.0569514,0,0.0310747,-0.00736367,0.0854275,0,0,1,0,1,0,1
8.60556,0.4,2.04,0,0.290301,-0,0,-0,2.44817,-0.231616,0.15828,2.175,-0.325,0,1.7409,-0.263137,0.102731,2.475,0.275,0.120784,2.13349,0.314893,0.0886462,1.775,0.275,0,0.328312,-0.282265,-1.40431e-05,0.394618,1.80791,1.57446,0.301369,1.0883,0.689924,0.378011,0.734742,0.70851,0.217754,1.17083,0.824426,0.451034,1.88048,1.51438,0.00642557,-0.0422509,-0.0195149,nan,nan,nan,0.0290274,-0.0347943,-0.0377956,nan,nan,nan,0.021427,-0.0477771,-0.0289632,nan,nan,nan,0.0589933,0,0.0328494,-0.00736367,0.0873065,5.55112e-17,0,1,0,1,0,1
8.64511,0.45,2.045,0,0.289464,-0,0,-0,2.4543,-0.231152,0.157487,2.175,-0.325,0,1.75154,-0.260342,0.106063,2.475,0.275,0.120784,2.14299,0.314842,0.0913926,1.775,0.275,0,0.335144,-0.322929,-0.016625,0.37366,1.80714,1.56029,0.337268,1.05431,0.652724,0.357691,0.725807,0.690864,0.240634,1.12733,0.801526,0.427256,1.87683,1.50612,0.00487145,-0.0242422,-0.00763547,nan,nan,nan,0.0302198,-0.0213885,-0.0236684,nan,nan,nan,0.0225889,-0.0359596,-0.0152322,nan,nan,nan,0.0816117,0,0.0312285,-0.00736367,0.0876951,0,0,1,0,1,0,1
8.68529,0.5,2.05,0,0.288627,-0,0,-0,2.46057,-0.231852,0.157052,2.175,-0.325,0,1.7626,-0.258459,0.107423,2.475,0.275,0.120784,2.15296,0.315439,0.0925843,1.775,0.275,0,0.34055,-0.341655,-0.0186974,0.35224,1.80654,1.54661,0.374208,1.0366,0.632773,0.336959,0.716951,0.67361,0.264546,1.09628,0.792621,0.403117,1.87286,1.49808,0.00409437,-0.0063924,0.00424876,nan,nan,nan,0.0307477,-0.00789334,-0.0092758,nan,nan,nan,0.0234175,-0.0237998,-0.00199965,nan,nan,nan,0.0806028,0,0.0344378,-0.00736367,0.0857789,0,0,1,0,1,0,1
8.72535,0.55,2.055,0,0.287791,-0,0,-0,2.46715,-0.233607,0.157052,2.175,-0.325,0,1.7741,-0.257581,0.106832,2.475,0.275,0.120784,2.16339,0.316666,0.0923135,1.775,0.275,0,0.345481,-0.338638,-0.00622534,0.33036,1.80609,1.53339,0.411388,1.03525,0.630384,0.315815,0.708149,0.656745,0.289228,1.07806,0.797308,0.378641,1.86855,1.49024,0.0040954,0.0112973,0.0161383,nan,nan,nan,0.0306178,0.00569121,0.00536694,nan,nan,nan,0.0241286,-0.0112036,0.0110208,nan,nan,nan,0.0795079,0,0.0373157,-0.00736367,0.0794691,0,0,1,0,1,0,1
8.76541,0.6,2.06,0,0.286954,-0,0,-0,2.4742,-0.236345,0.157426,2.175,-0.325,0,1.78605,-0.257718,0.104265,2.475,0.275,0.120784,2.17435,0.318471,0.090612,1.775,0.275,0,0.35089,-0.314074,0.0207982,0.308023,1.80576,1.52062,0.448014,1.0504,0.645854,0.294263,0.699378,0.640267,0.314654,1.07318,0.815492,0.353855,1.86388,1.48259,0.00487553,0.0288259,0.0280337,nan,nan,nan,0.0298335,0.0193651,0.0202521,nan,nan,nan,0.0248489,0.00188427,0.0239972,nan,nan,nan,0.0782959,0,0.0398571,-0.00736367,0.0724618,0,0,1,0,1,0,1
8.80538,0.65,2.065,0,0.286118,-0,0,-0,2.48194,-0.240026,0.157974,2.175,-0.325,0,1.79842,-0.258811,0.0996447,2.475,0.275,0.120784,2.18587,0.320744,0.0874663,1.775,0.275,0,0.35773,-0.268161,0.0623805,0.285233,1.80552,1.50827,0.483296,1.08214,0.679475,0.27231,0.69061,0.624171,0.340833,1.08214,0.847126,0.328786,1.85884,1.47514,0.00643476,0.0461932,0.0399349,nan,nan,nan,0.0283947,0.0331284,0.0353796,nan,nan,nan,0.0255785,0.0154638,0.0369293,nan,nan,nan,0.0768274,0,0.0419736,-0.00736367,0.0646762,0,0,1,0,1,0,1
8.84534,0.7,2.07,0,0.285281,-0,0,-0,2.49059,-0.244614,0.158355,2.175,-0.325,0,1.8111,-0.260731,0.0928502,2.475,0.275,0.120784,2.19796,0.323305,0.0828166,1.775,0.275,0,0.366954,-0.201097,0.118528,0.261997,1.80533,1.49635,0.516442,1.13058,0.731542,0.249963,0.681815,0.608453,0.367774,1.10546,0.892164,0.303465,1.85343,1.46787,0.00877307,0.0633993,0.051842,nan,nan,nan,0.0263015,0.0469811,0.0507495,nan,nan,nan,0.0263172,0.0295351,0.0498174,nan,nan,nan,0.0748613,0,0.0489259,-0.00736367,0.0560007,0,0,1,0,1,0,1
8.88546,0.75,2.075,0,0.284444,-0,0,-0,2.50042,-0.250031,0.15808,2.175,-0.325,0,1.82391,-0.263294,0.08373,2.475,0.275,0.120784,2.21059,0.325904,0.0765561,1.775,0.275,0,0.379517,-0.113078,0.189249,0.238323,1.80517,1.48482,0.546661,1.19583,0.802346,0.227229,0.672962,0.59311,0.395487,1.14365,0.950561,0.277923,1.84763,1.46079,0.0118905,0.0804442,0.0637549,nan,nan,nan,0.0235539,0.0609232,0.0663618,nan,nan,nan,0.0270653,0.044098,0.0626613,nan,nan,nan,0.0472365,0,0.0508885,-0.00736367,0.0376412,0,0,1,0,1,0,1
8.92539,0.8,2.08,0,0.283608,-0,0,-0,2.5117,-0.256096,0.156512,2.175,-0.325,0,1.83654,-0.266256,0.0721285,2.475,0.275,0.120784,2.22365,0.328212,0.0685376,1.775,0.275,0,0.39637,-0.00430156,0.27455,0.214221,1.80501,1.47366,0.57316,1.278,0.892181,0.204121,0.664015,0.578135,0.423981,1.19721,1.02227,0.252194,1.84143,1.4539,0.015787,0.0973279,0.0756736,nan,nan,nan,0.0201518,0.0749546,0.0822165,nan,nan,nan,0.0278225,0.0591525,0.0754611,nan,nan,nan,0.0444479,0,0.0517039,-0.00736367,0.0430264,0,0,1,0,1,0,1
8.96538,0.85,2.085,0,0.282771,-0,0,-0,2.52469,-0.262441,0.152878,2.175,-0.325,0,1.84856,-0.269315,0.0579218,2.475,0.275,0.120784,2.23697,0.329817,0.0585886,1.775,0.275,0,0.418468,0.125035,0.374439,0.189705,1.80482,1.46287,0.595148,1.3772,1.00134,0.18065,0.65494,0.563523,0.453266,1.26665,1.10725,0.226311,1.83485,1.44719,0.0204626,0.11405,0.0875982,nan,nan,nan,0.0160953,0.0890754,0.0983136,nan,nan,nan,0.0285889,0.0746988,0.0882168,nan,nan,nan,0.0401745,0,0.0457301,-0.00736367,0.0365685,0,0,1,0,1,0,1
9.00508,0.9,2.09,0,0.281935,-0,0,-0,2.5396,-0.268431,0.146305,2.175,-0.325,0,1.85943,-0.272103,0.041066,2.475,0.275,0.120784,2.25027,0.330219,0.0465367,1.775,0.275,0,0.446764,0.274734,0.488921,0.164791,1.80456,1.45243,0.611833,1.49353,1.13012,0.156831,0.645696,0.549267,0.483352,1.3525,1.20545,0.200311,1.82787,1.44067,0.0259173,0.130612,0.0995286,nan,nan,nan,0.0113843,0.103286,0.114653,nan,nan,nan,0.0293646,0.0907367,0.100928,nan,nan,nan,0.033876,0,0.0403601,-0.00736367,0.041669,0,1,1,1,1,1,1
9.04514,0.95,2.095,0,0.281098,-0,0,-0,2.55645,-0.273076,0.135883,2.175,-0.325,0,1.86848,-0.274175,0.0216571,2.475,0.275,0.120784,2.26313,0.328833,0.0322493,1.775,0.275,0,0.48221,0.444599,0.618005,0.139495,1.8042,1.44231,0.622424,1.6271,1.2788,0.13268,0.636243,0.53536,0.514248,1.45525,1.31682,0.174228,1.82049,1.43434,0.0321511,0.147012,0.111465,nan,nan,nan,0.00601891,0.117585,0.131235,nan,nan,nan,0.0301495,0.107266,0.113596,nan,nan,nan,0.0168123,0,0.0216571,-0.00736367,0.027255,0,1,1,1,1,1,1
9.10741,0,2.1,0,0.280261,-0,0,-0,2.575,-0.275,0.120784,2.175,-0.324998,1.58714e-06,1.875,-0.275,0,2.475,0.274997,0.120785,2.275,0.325,0.0156863,1.775,0.274999,1.60501e-06,0.525761,0.634432,0.761698,0.113838,1.80372,1.4325,0.62613,1.77802,1.4477,0.108218,0.62654,0.521793,0.545964,1.57542,1.44133,0.148098,1.81273,1.42821,nan,nan,nan,-0.0303122,-0.121577,-0.140762,nan,nan,nan,0.0159127,-0.22121,-0.155465,nan,nan,nan,0.0296171,-0.120895,-0.141885,-0.00951595,7.49448e-07,0,-0.0073618,-0.00299581,8.05683e-07,1,1,1,1,1,1
9.12494,0.05,2.105,0,0.280392,-0,0,-0,2.575,-0.275,0.120784,2.17178,-0.327802,0.0298994,1.875,-0.275,0,2.48357,0.254404,0.13955,2.275,0.325,0.0156863,1.78629,0.274101,0.018772,0.508704,0.631311,0.7453,0.0698869,1.58436,1.19544,0.605832,1.78356,1.44569,0.139804,0.272296,0.266693,0.528589,1.58025,1.43098,0.181819,1.68212,1.27593,nan,nan,nan,-0.0199484,-0.127859,-0.129255,nan,nan,nan,0.0195837,-0.178811,-0.132349,nan,nan,nan,0.0299571,-0.109959,-0.127303,-0.00951595,0.020053,0,0.0214599,-0.00299581,0.0169765,1,0,1,0,1,0
9.1651,0.1,2.11,0,0.280523,-0,0,-0,2.575,-0.275,0.120784,2.1717,-0.328986,0.0584992,1.875,-0.275,0,2.4914,0.231019,0.144899,2.275,0.325,0.0156863,1.79726,0.271743,0.035885,0.491253,0.628715,0.729445,0.043081,1.35617,0.978563,0.585062,1.78891,1.44398,0.177226,-0.00944254,0.0519909,0.510785,1.58542,1.4212,0.215814,1.56397,1.14011,nan,nan,nan,-0.0107838,-0.131624,-0.117775,nan,nan,nan,0.0224942,-0.139439,-0.109904,nan,nan,nan,0.030103,-0.0988489,-0.11279,-0.00951595,0.0303339,0,0.0368834,-0.00299581,0.0294509,1,0,1,0,1,0
9.20533,0.15,2.115,0,0.280654,-0,0,-0,2.575,-0.275,0.120784,2.17441,-0.327681,0.0842343,1.875,-0.275,0,2.49861,0.209309,0.14252,2.275,0.325,0.0156863,1.80787,0.268423,0.0510496,0.473401,0.626647,0.714143,0.0313146,1.12359,0.781822,0.563828,1.79405,1.44254,0.219135,-0.224043,-0.123502,0.492546,1.59091,1.41196,0.249865,1.4585,1.02067,nan,nan,nan,-0.00281824,-0.132873,-0.106321,nan,nan,nan,0.0246442,-0.103093,-0.0881292,nan,nan,nan,0.0300548,-0.0875664,-0.0983441,-0.00951595,0.0323429,0,0.0401608,-0.00299581,0.0466422,1,0,1,0,1,0
9.24496,0.2,2.12,0,0.280784,-0,0,-0,2.575,-0.275,0.120784,2.1795,-0.323838,0.105863,1.875,-0.275,0,2.50532,0.19053,0.137161,2.275,0.325,0.0156863,1.81811,0.264615,0.0641108,0.455145,0.625113,0.699402,0.0324832,0.891022,0.605169,0.542136,1.79895,1.44135,0.264183,-0.376873,-0.260975,0.473865,1.59671,1.40326,0.283752,1.36589,0.91754,nan,nan,nan,0.00395652,-0.131609,-0.0948898,nan,nan,nan,0.0260337,-0.0697736,-0.0670252,nan,nan,nan,0.0298125,-0.0761111,-0.0839668,-0.00951595,0.0341107,0,0.0503715,-0.00299581,0.0598116,1,0,1,0,1,0
9.28525,0.25,2.125,0,0.280915,-0,0,-0,2.575,-0.275,0.120784,2.18652,-0.318103,0.122633,1.875,-0.275,0,2.51161,0.174621,0.132013,2.275,0.325,0.0156863,1.82803,0.260738,0.0750174,0.436481,0.624113,0.685228,0.0446629,0.662844,0.44865,0.519996,1.80358,1.44042,0.31102,-0.4733,-0.361618,0.454735,1.60279,1.39508,0.317254,1.28633,0.830637,nan,nan,nan,0.00977469,-0.127884,-0.0833636,nan,nan,nan,0.0266626,-0.0394809,-0.046592,nan,nan,nan,0.0293761,-0.0644829,-0.0696578,-0.00951595,0.0330044,0,0.0586504,-0.00299581,0.0668343,1,0,1,0,1,0
9.32496,0.3,2.13,0,0.281046,-0,0,-0,2.575,-0.275,0.120784,2.19501,-0.311554,0.134405,1.875,-0.275,0,2.51758,0.161323,0.128873,2.275,0.325,0.0156863,1.83773,0.257143,0.0837911,0.417405,0.623646,0.671631,0.0663125,0.443345,0.3125,0.497423,1.80794,1.43971,0.358298,-0.51869,-0.426621,0.435154,1.60911,1.38742,0.350153,1.22003,0.759886,nan,nan,nan,0.0147429,-0.121723,-0.0716889,nan,nan,nan,0.0265311,-0.0122147,-0.0268294,nan,nan,nan,0.0287457,-0.0526819,-0.055417,-0.00951595,0.0269784,0,0.0667074,-0.00299581,0.0768113,1,0,1,0,1,0
9.36492,0.35,2.135,0,0.281176,-0,0,-0,2.575,-0.275,0.120784,2.20466,-0.305337,0.141677,1.875,-0.275,0,2.52346,0.15065,0.128474,2.275,0.325,0.0156863,1.84733,0.254104,0.0904971,0.397915,0.623712,0.658616,0.0959397,0.236803,0.196979,0.47443,1.81199,1.43923,0.404669,-0.518411,-0.457171,0.415116,1.61567,1.38027,0.382229,1.16718,0.705209,nan,nan,nan,0.0188612,-0.113126,-0.0598659,nan,nan,nan,0.025639,0.0120249,-0.00773758,nan,nan,nan,0.0279211,-0.040708,-0.0412445,-0.00951595,0.0363627,0,0.0751618,-0.00299581,0.0856756,1,0,1,0,1,0
9.40533,0.4,2.14,0,0.281307,-0,0,-0,2.575,-0.275,0.120784,2.21527,-0.300366,0.145454,1.875,-0.275,0,2.52969,0.142934,0.130759,2.275,0.325,0.0156863,1.85693,0.25182,0.0952203,0.378011,0.624304,0.646189,0.132052,0.0474942,0.102349,0.451034,1.81572,1.43895,0.448824,-0.477744,-0.454461,0.394618,1.62243,1.3736,0.413262,1.12798,0.666529,nan,nan,nan,0.0221296,-0.102093,-0.0478945,nan,nan,nan,0.0240778,0.0334299,0.0106829,nan,nan,nan,0.0269024,-0.0285613,-0.0271401,-0.00951595,0.0357832,0,0.0881926,-0.00299581,0.0921036,1,0,1,0,1,0
9.44516,0.45,2.145,0,0.281438,-0,0,-0,2.575,-0.275,0.120784,2.2268,-0.297124,0.147019,1.875,-0.275,0,2.53688,0.138606,0.135097,2.275,0.325,0.0156863,1.86664,0.250418,0.0980438,0.357691,0.625414,0.634357,0.173157,-0.120301,0.0288711,0.427256,1.81911,1.43888,0.489804,-0.40124,-0.41968,0.37366,1.62936,1.36741,0.443033,1.10262,0.643769,nan,nan,nan,0.0245482,-0.088617,-0.0357685,nan,nan,nan,0.0220666,0.0524591,0.0284302,nan,nan,nan,0.0256896,-0.0162418,-0.0131041,-0.00951595,0.0359619,0,0.0960774,-0.00299581,0.0965911,1,0,1,0,1,0
9.48514,0.5,2.15,0,0.281569,-0,0,-0,2.575,-0.275,0.120784,2.23923,-0.295632,0.147669,1.875,-0.275,0,2.54567,0.138072,0.1404,2.275,0.325,0.0156863,1.87657,0.249957,0.0990338,0.336959,0.627031,0.623122,0.217764,-0.262206,-0.0231071,0.403117,1.82214,1.43901,0.526827,-0.293079,-0.354024,0.35224,1.63644,1.36168,0.471322,1.09129,0.63685,nan,nan,nan,0.0261193,-0.0725806,-0.0233869,nan,nan,nan,0.0196147,0.0691325,0.0455045,nan,nan,nan,0.0242828,-0.00374937,0.000864011,-0.00951595,0.0345224,0,0.103384,-0.00299581,0.0995466,1,0,1,0,1,0
9.5254,0.55,2.155,0,0.281699,-0,0,-0,2.575,-0.275,0.120784,2.25254,-0.295558,0.148492,1.875,-0.275,0,2.55666,0.141613,0.145224,2.275,0.325,0.0156863,1.88676,0.250442,0.0982223,0.315815,0.62914,0.612488,0.264387,-0.373667,-0.0530887,0.378641,1.82482,1.43931,0.559112,-0.157439,-0.258686,0.33036,1.64363,1.35641,0.497911,1.0942,0.645751,nan,nan,nan,0.0268439,-0.0539427,-0.0107141,nan,nan,nan,0.0167223,0.08345,0.0619056,nan,nan,nan,0.0226868,0.00892754,0.0148983,-0.00951595,0.0294694,0,0.108546,-0.00299581,0.100473,1,0,1,0,1,0
9.56495,0.6,2.16,0,0.28183,-0,0,-0,2.575,-0.275,0.120784,2.26657,-0.2964,0.150207,1.875,-0.275,0,2.57018,0.149277,0.147928,2.275,0.325,0.0156863,1.89725,0.251853,0.0955882,0.294263,0.631722,0.602455,0.31154,-0.450119,-0.0605625,0.353855,1.82712,1.4398,0.585876,0.00150271,-0.13486,0.308023,1.65091,1.35156,0.52259,1.11157,0.670631,nan,nan,nan,0.026722,-0.0327033,0.0022499,nan,nan,nan,0.0133891,0.0954117,0.0776335,nan,nan,nan,0.0209058,0.0217987,0.0291118,-0.00951595,0.0300839,0,0.113088,-0.00299581,0.0998946,1,0,1,0,1,0
9.60486,0.65,2.165,0,0.281961,-0,0,-0,2.575,-0.275,0.120784,2.28108,-0.297725,0.153085,1.875,-0.275,0,2.58616,0.160825,0.146906,2.275,0.325,0.0156863,1.90802,0.254119,0.0910714,0.27231,0.634756,0.593023,0.357734,-0.486992,-0.0450171,0.328786,1.82903,1.44046,0.606349,0.179607,0.0161665,0.285233,1.65825,1.34714,0.545149,1.14361,0.711695,nan,nan,nan,0.0257534,-0.00886245,0.0155051,nan,nan,nan,0.00963911,0.105114,0.0924618,nan,nan,nan,0.0189399,0.0348642,0.0435043,-0.00951595,0.0318235,0,0.101232,-0.00299581,0.0910714,1,0,1,0,1,0
9.64483,0.7,2.17,0,0.282091,-0,0,-0,2.575,-0.275,0.120784,2.29578,-0.29936,0.156916,1.875,-0.275,0,2.60395,0.175585,0.14088,2.275,0.325,0.0156863,1.91901,0.257113,0.0845823,0.249963,0.638213,0.58419,0.401485,-0.47972,-0.00594121,0.303465,1.83056,1.44129,0.619859,0.373147,0.19214,0.261997,1.6656,1.34313,0.565379,1.19054,0.769144,nan,nan,nan,0.0239383,0.0175799,0.0290515,nan,nan,nan,0.00554082,0.112833,0.105736,nan,nan,nan,0.016789,0.048124,0.058076,-0.00951595,0.034502,0,0.0994651,-0.00299581,0.0845823,1,0,1,0,1,0
9.68502,0.75,2.175,0,0.282222,-0,0,-0,2.575,-0.275,0.120784,2.31047,-0.301488,0.161,1.875,-0.275,0,2.62241,0.192633,0.129109,2.275,0.325,0.0156863,1.93006,0.260647,0.0760126,0.227229,0.642065,0.575953,0.441377,-0.424131,0.0571288,0.277923,1.83169,1.44229,0.625797,0.578634,0.39024,0.238323,1.67295,1.33951,0.58307,1.25258,0.843181,nan,nan,nan,0.0214023,0.0459245,0.0428054,nan,nan,nan,0.00109856,0.118588,0.117415,nan,nan,nan,0.0144531,0.0615781,0.0728268,-0.00951595,0.0402156,0,0.0892495,-0.00299581,0.0760126,1,0,1,0,1,0
9.72532,0.8,2.18,0,0.282353,-0,0,-0,2.575,-0.275,0.120784,2.32513,-0.304609,0.164134,1.875,-0.275,0,2.64016,0.211045,0.111515,2.275,0.325,0.0156863,1.94093,0.26447,0.0652542,0.204121,0.646276,0.568304,0.476305,-0.317783,0.14445,0.252194,1.83243,1.44346,0.623552,0.792585,0.607635,0.214221,1.68026,1.33625,0.598015,1.32995,0.93401,nan,nan,nan,0.0182847,0.0753953,0.0566738,nan,nan,nan,-0.00368715,0.122381,0.127496,nan,nan,nan,0.0119322,0.0752265,0.0877566,-0.00951595,0.0433497,0,0.0737887,-0.00299581,0.0652542,1,0,1,0,1,0
9.76507,0.85,2.185,0,0.282484,-0,0,-0,2.575,-0.275,0.120784,2.33974,-0.309213,0.16448,1.875,-0.275,0,2.65571,0.229849,0.0887394,2.275,0.325,0.0156863,1.9513,0.26826,0.0522272,0.18065,0.650808,0.561238,0.505249,-0.158699,0.256223,0.226311,1.83278,1.4448,0.612608,1.0119,0.841023,0.189705,1.6875,1.33336,0.610002,1.42288,1.04183,nan,nan,nan,0.0145858,0.105992,0.0706566,nan,nan,nan,-0.00866944,0.124815,0.13523,nan,nan,nan,0.00922641,0.0890692,0.102866,-0.00951595,0.0436952,0,0.0632678,-0.00299581,0.0522272,1,0,1,0,1,0
9.80517,0.9,2.19,0,0.282614,-0,0,-0,2.575,-0.275,0.120784,2.35396,-0.315295,0.159453,1.875,-0.275,0,2.66746,0.247696,0.0620055,2.275,0.325,0.0156863,1.96077,0.271614,0.0369164,0.156831,0.655618,0.554744,0.527187,0.0550984,0.392649,0.200311,1.83275,1.44631,0.592757,1.23475,1.08552,0.164791,1.69463,1.3308,0.618823,1.53158,1.16685,nan,nan,nan,0.0103054,0.137714,0.084754,nan,nan,nan,-0.0137324,0.126369,0.140026,nan,nan,nan,0.0063356,0.103106,0.118154,-0.00951595,0.0386687,0,0.0477177,-0.00299581,0.0369164,1,1,1,1,1,1
9.84518,0.95,2.195,0,0.282745,-0,0,-0,2.575,-0.275,0.120784,2.36658,-0.32166,0.145882,1.875,-0.275,0,2.67414,0.263189,0.0328897,2.275,0.325,0.0156863,1.96885,0.27405,0.0194193,0.13268,0.660662,0.548811,0.541099,0.325585,0.553929,0.174228,1.83233,1.44799,0.563855,1.45958,1.33592,0.139495,1.70162,1.32857,0.624269,1.65627,1.30927,nan,nan,nan,0.00544352,0.170562,0.0989659,nan,nan,nan,-0.018876,0.127043,0.141884,nan,nan,nan,0.00325983,0.117337,0.133621,-0.00951595,0.0250972,0,0.0284683,-0.00299581,0.0194193,1,1,1,1,1,1
9.90495,0,2.2,0,0.282876,-0,0,-0,2.575,-0.274997,0.120785,2.375,-0.325,0.120784,1.875,-0.274999,1.59364e-06,2.675,0.275,0.00313726,2.275,0.324998,0.0156879,1.975,0.275,0,0.108217,0.665891,0.543427,0.545964,0.654738,0.740265,0.148098,1.83155,1.44985,0.525761,1.68482,1.58701,0.113838,1.70843,1.32664,0.62613,1.79717,1.46929,-0.0571689,-0.195218,-0.127279,nan,nan,nan,9.88389e-07,-0.129442,-0.149592,nan,nan,nan,-0.0335757,-0.126977,-0.125429,nan,nan,nan,-0.00951635,-0.00486066,1.59364e-06,-0.00068589,-0.00299532,0,1,1,1,1,1,1
9.92494,0.05,2.205,0,0.282902,-0,0,-0,2.56327,-0.269439,0.139815,2.375,-0.325,0.120784,1.88049,-0.273887,0.0208368,2.675,0.275,0.00313726,2.27111,0.332175,0.043978,1.975,0.275,0,0.0250498,0.330496,0.324735,0.528589,0.651884,0.723601,0.151559,1.68399,1.28002,0.508704,1.68775,1.57546,0.0649499,1.48129,1.11354,0.605832,1.80191,1.46644,-0.0320355,-0.162668,-0.10608,nan,nan,nan,0.00568372,-0.117127,-0.134222,nan,nan,nan,-0.0222328,-0.131074,-0.116947,nan,nan,nan,0.0201141,-0.00486066,0.0208368,-0.00068589,0.0292255,0,0,1,0,1,0,1
9.96529,0.1,2.21,0,0.282928,-0,0,-0,2.56102,-0.258713,0.147618,2.375,-0.325,0.120784,1.8869,-0.270995,0.0398338,2.675,0.275,0.00313726,2.27038,0.335443,0.0707644,1.975,0.275,0,-0.0139021,0.0547933,0.144905,0.510785,0.64958,0.707486,0.161464,1.55123,1.12855,0.491253,1.691,1.56446,0.0349995,1.24885,0.915676,0.585062,1.80645,1.46387,-0.0100199,-0.131565,-0.0858391,nan,nan,nan,0.0107693,-0.104727,-0.11891,nan,nan,nan,-0.012031,-0.133017,-0.108099,nan,nan,nan,0.0281251,-0.00486066,0.0430222,-0.00068589,0.042541,0,0,1,0,1,0,1
10.0052,0.15,2.215,0,0.282954,-0,0,-0,2.56608,-0.247882,0.148347,2.375,-0.325,0.120784,1.89411,-0.266974,0.0566089,2.675,0.275,0.00313726,2.2728,0.334811,0.0946147,1.975,0.275,0,-0.0144855,-0.163933,0.00213936,0.492546,0.647834,0.691931,0.177099,1.43335,0.99537,0.473401,1.69455,1.55402,0.0219805,1.01487,0.733686,0.563828,1.81079,1.46157,0.00887809,-0.101912,-0.0665575,nan,nan,nan,0.0152577,-0.0922422,-0.103656,nan,nan,nan,-0.00297042,-0.132807,-0.098884,nan,nan,nan,0.0283873,-0.00486066,0.0566919,-0.00068589,0.0283433,0,0,1,0,1,0,1
10.0451,0.2,2.22,0,0.28298,-0,0,-0,2.57628,-0.238419,0.145724,2.375,-0.325,0.120784,1.90199,-0.262424,0.0709695,2.675,0.275,0.00313726,2.27808,0.330891,0.114393,1.975,0.275,0,0.0174519,-0.328399,-0.105362,0.473865,0.646648,0.676944,0.197747,1.33047,0.880413,0.455145,1.69838,1.54411,0.0238869,0.783162,0.568218,0.542136,1.81489,1.45953,0.0246584,-0.0737062,-0.0482351,nan,nan,nan,0.019149,-0.0796732,-0.0884595,nan,nan,nan,0.00494904,-0.130443,-0.0893024,nan,nan,nan,0.0248216,-0.00486066,0.0709695,-0.00068589,0.0287669,0,0,1,0,1,0,1
10.0851,0.25,2.225,0,0.283007,-0,0,-0,2.59009,-0.230023,0.142408,2.375,-0.325,0.120784,1.91042,-0.257864,0.0828651,2.675,0.275,0.00313726,2.28569,0.32474,0.129456,1.975,0.275,0,0.0760628,-0.441322,-0.179398,0.454735,0.646026,0.662533,0.222696,1.24268,0.783609,0.436481,1.70247,1.53473,0.0386947,0.557542,0.41994,0.519996,1.81874,1.45773,0.037321,-0.0469492,-0.0308718,nan,nan,nan,0.0224432,-0.0670198,-0.0733207,nan,nan,nan,0.0116872,-0.125832,-0.079302,nan,nan,nan,0.0202295,-0.00486066,0.0820832,-0.00068589,0.0307344,0,0,1,0,1,0,1
10.1252,0.3,2.23,0,0.283033,-0,0,-0,2.60639,-0.221855,0.139994,2.375,-0.325,0.120784,1.91935,-0.253718,0.0923406,2.675,0.275,0.00313726,2.29504,0.317634,0.139759,1.975,0.275,0,0.1555,-0.505418,-0.221767,0.435154,0.645967,0.648708,0.251229,1.17008,0.704889,0.417405,1.7068,1.52585,0.0642287,0.342194,0.289716,0.497423,1.82231,1.45617,0.0468659,-0.0216406,-0.0144677,nan,nan,nan,0.0251402,-0.054282,-0.0582395,nan,nan,nan,0.0171485,-0.118749,-0.0687581,nan,nan,nan,0.0192094,-0.00486066,0.0893196,-0.00068589,0.033841,0,0,1,0,1,0,1
10.1653,0.35,2.235,0,0.283059,-0,0,-0,2.235,4.64716e-310,0.283059,2.375,-0.325,0.120784,1.92875,-0.250312,0.0994943,2.675,0.275,0.00313726,2.3056,0.310809,0.145863,1.975,0.275,0,0.249832,-0.523531,-0.234245,0.415116,0.646469,0.635474,0.282633,1.11278,0.644183,0.397915,1.71134,1.51748,0.0982376,0.14148,0.17851,0.47443,1.82558,1.45483,0.0531248,0.00196521,0.00102352,nan,nan,nan,0.02724,-0.0414596,-0.043216,nan,nan,nan,0.0213288,-0.109184,-0.0576654,nan,nan,nan,0.162101,-0.00486066,0.0952817,-0.00068589,0.0355429,0,0,1,0,1,0,1
10.2057,0.4,2.24,0,0.283085,-0,0,-0,2.64271,-0.204246,0.140249,2.375,-0.325,0.120784,1.93863,-0.247872,0.104444,2.675,0.275,0.00313726,2.31704,0.305213,0.148808,1.975,0.275,0,0.352498,-0.499454,-0.218436,0.394618,0.647525,0.62284,0.316193,1.07088,0.601423,0.378011,1.71606,1.50959,0.138469,-0.0402387,0.0872879,0.451034,1.82854,1.4537,0.0557436,0.0233332,0.0156988,nan,nan,nan,0.0287427,-0.0285528,-0.0282501,nan,nan,nan,0.0242282,-0.0971381,-0.0460238,nan,nan,nan,0.0194648,-0.00486066,0.0954393,-0.00068589,0.0353937,0,0,1,0,1,0,1
10.245,0.45,2.245,0,0.283111,-0,0,-0,2.66133,-0.195447,0.142706,2.375,-0.325,0.120784,1.94903,-0.246531,0.107302,2.675,0.275,0.00313726,2.32922,0.301362,0.149872,1.975,0.275,0,0.456652,-0.437414,-0.175865,0.37366,0.649127,0.610809,0.351194,1.04447,0.57654,0.357691,1.72096,1.50217,0.182672,-0.1986,0.0170138,0.427256,1.83116,1.45276,0.0547109,0.0424462,0.0295611,nan,nan,nan,0.0296483,-0.0155616,-0.0133419,nan,nan,nan,0.0258465,-0.0826107,-0.0338333,nan,nan,nan,0.0219214,-0.00486066,0.103021,-0.00068589,0.0336975,0,0,1,0,1,0,1
10.2849,0.5,2.25,0,0.283137,-0,0,-0,2.6799,-0.187848,0.145869,2.375,-0.325,0.120784,1.96,-0.246337,0.10815,2.675,0.275,0.00313726,2.34203,0.299312,0.150311,1.975,0.275,0,0.555444,-0.341641,-0.108056,0.35224,0.651261,0.599385,0.386922,1.03366,0.569465,0.336959,1.72598,1.4952,0.228778,-0.329334,-0.0314706,0.403117,1.83343,1.45202,0.0500268,0.0593043,0.0426107,nan,nan,nan,0.0299567,-0.0024858,0.00150855,nan,nan,nan,0.0265019,-0.0657636,-0.0213074,nan,nan,nan,0.0250842,-0.00486066,0.103842,-0.00068589,0.0301989,0,0,1,0,1,0,1
10.3248,0.55,2.255,0,0.283163,-0,0,-0,2.69853,-0.182617,0.148693,2.375,-0.325,0.120784,1.97157,-0.247265,0.107031,2.675,0.275,0.00313726,2.35545,0.298676,0.151112,1.975,0.275,0,0.642027,-0.216364,-0.0165335,0.33036,0.653909,0.588572,0.42266,1.03855,0.580139,0.315815,1.73113,1.48869,0.275485,-0.428563,-0.057838,0.378641,1.83534,1.45147,0.0416912,0.0739074,0.0548474,nan,nan,nan,0.029666,0.0106624,0.0163284,nan,nan,nan,0.0265304,-0.0467676,-0.00867157,nan,nan,nan,0.0279088,-0.00486066,0.105305,-0.00068589,0.0303272,0,0,1,0,1,0,1
10.3651,0.6,2.26,0,0.28319,-0,0,-0,2.71729,-0.180945,0.149924,2.375,-0.325,0.120784,1.98372,-0.249232,0.10394,2.675,0.275,0.00313726,2.36936,0.298939,0.152862,1.975,0.275,0,0.709899,-0.0657065,0.0971733,0.308023,0.65705,0.578368,0.457691,1.05921,0.608547,0.294263,1.73635,1.4826,0.321691,-0.492508,-0.0618951,0.353855,1.83688,1.45109,0.0304645,0.0864877,0.0662623,nan,nan,nan,0.0287741,0.0238713,0.031144,nan,nan,nan,0.025932,-0.0256229,0.00407425,nan,nan,nan,0.0284274,-0.00486066,0.105202,-0.00068589,0.0320778,0,0,1,0,1,0,1
10.4051,0.65,2.265,0,0.283216,-0,0,-0,2.73607,-0.183512,0.148204,2.375,-0.325,0.120784,1.9964,-0.252099,0.0988232,2.675,0.275,0.00313726,2.38357,0.299703,0.155716,1.975,0.275,0,0.755783,0.107193,0.231498,0.285233,0.660656,0.568773,0.491294,1.09571,0.654684,0.27231,1.74164,1.47693,0.366293,-0.517393,-0.0434486,0.328786,1.83804,1.45088,0.0183289,0.09765,0.0768323,nan,nan,nan,0.0272811,0.037141,0.0459554,nan,nan,nan,0.0247067,-0.00232922,0.01693,nan,nan,nan,0.0284423,-0.00486066,0.0988232,-0.00068589,0.0349318,0,0,1,0,1,0,1
10.445,0.7,2.27,0,0.283242,-0,0,-0,2.75418,-0.190654,0.14223,2.375,-0.325,0.120784,2.00948,-0.255673,0.0915912,2.675,0.275,0.00313726,2.39785,0.300835,0.159389,1.975,0.275,0,0.77815,0.299728,0.384855,0.261997,0.664696,0.559782,0.522752,1.14813,0.718545,0.249963,1.74696,1.47167,0.408191,-0.499439,-0.00230533,0.303465,1.83881,1.45085,0.00538741,0.107426,0.0865562,nan,nan,nan,0.025187,0.0504714,0.0607626,nan,nan,nan,0.0228545,0.0231132,0.0298957,nan,nan,nan,0.0232665,-0.00486066,0.09261,-0.00068589,0.0342623,0,0,1,0,1,0,1
10.4853,0.75,2.275,0,0.283268,-0,0,-0,2.77011,-0.202587,0.130963,2.375,-0.325,0.120784,2.02271,-0.259715,0.082134,2.675,0.275,0.00313726,2.41208,0.30253,0.163151,1.975,0.275,0,0.775488,0.509297,0.555655,0.238323,0.669133,0.551391,0.551343,1.21654,0.800125,0.227229,1.75229,1.46679,0.446298,-0.435068,0.0617672,0.277923,1.83919,1.45098,-0.00836009,0.115815,0.0954339,nan,nan,nan,0.0224918,0.0638625,0.0755655,nan,nan,nan,0.0204076,0.0503198,0.0430469,nan,nan,nan,0.0248883,-0.00486066,0.0822845,-0.00068589,0.0423666,0,0,1,0,1,0,1
10.5252,0.8,2.28,0,0.283294,-0,0,-0,2.78162,-0.219196,0.113834,2.375,-0.325,0.120784,2.03574,-0.263936,0.0703445,2.675,0.275,0.00313726,2.42629,0.305305,0.165831,1.975,0.275,0,0.746417,0.733296,0.742314,0.214221,0.673925,0.54359,0.576349,1.30102,0.899418,0.204121,1.75759,1.46228,0.479624,-0.321833,0.149224,0.252194,1.83918,1.45129,-0.0223719,0.122793,0.103469,nan,nan,nan,0.0191955,0.0773143,0.0903641,nan,nan,nan,0.0174154,0.078697,0.0565002,nan,nan,nan,0.0332066,-0.00486066,0.0703445,-0.00068589,0.0450464,0,0,1,0,1,0,1
10.5651,0.85,2.285,0,0.28332,-0,0,-0,2.78698,-0.238661,0.0909512,2.375,-0.325,0.120784,2.04811,-0.268001,0.0561526,2.675,0.275,0.00313726,2.44048,0.309646,0.165653,1.975,0.275,0,0.695087,0.968862,0.943282,0.189705,0.679024,0.53637,0.59705,1.40163,1.01642,0.18065,1.76284,1.45814,0.507211,-0.157689,0.260598,0.226311,1.83879,1.45176,-0.0312847,0.128114,0.110698,nan,nan,nan,0.0152981,0.0908269,0.105159,nan,nan,nan,0.0138786,0.108238,0.0702569,nan,nan,nan,0.0352535,-0.00486066,0.0561526,-0.00068589,0.0448685,0,0,1,0,1,0,1
10.6053,0.9,2.29,0,0.283346,-0,0,-0,2.78627,-0.257006,0.0632032,2.375,-0.325,0.120784,2.05924,-0.271519,0.0395691,2.675,0.275,0.00313726,2.45434,0.315527,0.160112,1.975,0.275,0,0.633109,1.21279,1.15706,0.164791,0.684381,0.529717,0.612727,1.51845,1.15113,0.156831,1.76802,1.45433,0.528102,0.0594113,0.396422,0.200311,1.838,1.45239,-0.033726,0.131714,0.117128,nan,nan,nan,0.0107995,0.1044,0.119949,nan,nan,nan,0.00979716,0.138944,0.0843169,nan,nan,nan,0.0367509,-0.00486066,0.0425623,-0.00068589,0.0393273,0,1,1,1,1,1,1
10.6451,0.95,2.295,0,0.283373,-0,0,-0,2.78125,-0.270162,0.0321863,2.375,-0.325,0.120784,2.06844,-0.27403,0.0207389,2.675,0.275,0.00313726,2.4667,0.321735,0.146123,1.975,0.275,0,0.572621,1.46187,1.38215,0.139495,0.689939,0.523618,0.62266,1.65155,1.30353,0.13268,1.77309,1.45086,0.541338,0.331515,0.557231,0.174228,1.83684,1.45321,-0.0296959,0.133594,0.122762,nan,nan,nan,0.00569986,0.118034,0.134735,nan,nan,nan,0.00517104,0.170814,0.0986803,nan,nan,nan,0.0252328,-0.00486066,0.0207389,-0.00068589,0.0253386,0,1,1,1,1,1,1
10.6918,0,2.3,0,0.283399,-0,0,-0,2.775,-0.275,0,2.375,-0.324997,0.120785,2.075,-0.275,0,2.675,0.274998,0.00313879,2.475,0.325,0.120784,1.975,0.274999,1.59129e-06,0.525761,1.71285,1.61706,0.113838,0.695639,0.518054,0.62613,1.801,1.47363,0.108217,1.77802,1.4477,0.545964,0.660669,0.743557,0.148098,1.83531,1.4542,nan,nan,nan,-3.36164e-07,-0.275217,-0.154942,nan,nan,nan,0.0226804,-0.113114,-0.143783,nan,nan,nan,9.91201e-07,-0.129405,-0.149828,0,-0.00485983,0,-0.000684048,7.70185e-09,1.59129e-06,1,1,1,1,1,1
10.7251,0.05,2.305,0,0.283268,-0,0,-0,2.775,-0.275,0,2.37971,-0.321235,0.137724,2.075,-0.275,0,2.68533,0.267422,0.0267711,2.475,0.325,0.120784,1.98045,0.273905,0.0205482,0.508704,1.71453,1.60421,0.114586,0.389522,0.343093,0.605832,1.80458,1.46947,0.139411,1.61567,1.24938,0.528589,0.65612,0.725948,0.151347,1.68875,1.28522,nan,nan,nan,0.00125118,-0.230963,-0.134184,nan,nan,nan,0.0213244,-0.115575,-0.135816,nan,nan,nan,0.00537707,-0.117298,-0.134639,0,0.0169397,0,0.023778,7.70185e-09,0.0205482,1,0,1,0,1,0
10.7652,0.1,2.31,0,0.283137,-0,0,-0,2.775,-0.275,0,2.38424,-0.313412,0.146284,2.075,-0.275,0,2.69485,0.259538,0.0498645,2.475,0.325,0.120784,1.98676,0.271051,0.0393113,0.491253,1.71654,1.59192,0.116906,0.13507,0.192827,0.585062,1.80798,1.4656,0.168707,1.45114,1.06292,0.510785,0.65205,0.708853,0.160658,1.55663,1.13426,nan,nan,nan,0.00259711,-0.189874,-0.11415,nan,nan,nan,0.0200047,-0.116185,-0.127059,nan,nan,nan,0.0102069,-0.105088,-0.119493,0,0.0254999,0,0.0358046,7.70185e-09,0.0393113,1,0,1,0,1,0
10.8053,0.15,2.315,0,0.283007,-0,0,-0,2.775,-0.275,0,2.38893,-0.30488,0.148821,2.075,-0.275,0,2.70352,0.250978,0.0714438,2.475,0.325,0.120784,1.99381,0.26707,0.0559061,0.473401,1.71885,1.58018,0.120913,-0.0715488,0.0663783,0.563828,1.81117,1.462,0.196158,1.28706,0.889433,0.492546,0.648463,0.692279,0.175384,1.43909,1.00127,nan,nan,nan,0.00403743,-0.151952,-0.0948406,nan,nan,nan,0.0187213,-0.114946,-0.11751,nan,nan,nan,0.0144906,-0.092775,-0.104389,0,0.0280369,0,0.0478787,7.70185e-09,0.0559061,1,0,1,0,1,0
10.8451,0.2,2.32,0,0.282876,-0,0,-0,2.775,-0.275,0,2.39396,-0.297156,0.147761,2.075,-0.275,0,2.71132,0.241725,0.0907043,2.475,0.325,0.120784,2.0015,0.26255,0.0701344,0.455145,1.72144,1.56898,0.126721,-0.234169,-0.0371281,0.542136,1.81413,1.45866,0.221815,1.12605,0.730048,0.473865,0.645364,0.676234,0.194874,1.33623,0.8862,nan,nan,nan,0.00557217,-0.117195,-0.0762546,nan,nan,nan,0.0174742,-0.111857,-0.107172,nan,nan,nan,0.0182281,-0.0803602,-0.0893283,0,0.0266812,0,0.0620858,7.70185e-09,0.0701344,1,0,1,0,1,0
10.8851,0.25,2.325,0,0.282745,-0,0,-0,2.775,-0.275,0,2.39937,-0.290704,0.145052,2.075,-0.275,0,2.71829,0.232054,0.10707,2.475,0.325,0.120784,2.00972,0.258001,0.0819377,0.436481,1.72429,1.55831,0.134444,-0.356622,-0.118569,0.519996,1.81685,1.45556,0.245731,0.970726,0.585883,0.454735,0.642753,0.660727,0.21848,1.24818,0.788997,nan,nan,nan,0.00720131,-0.085604,-0.0583925,nan,nan,nan,0.0162701,-0.106939,-0.0960513,nan,nan,nan,0.0214194,-0.0678431,-0.0743102,0,0.0250688,0,0.0736393,7.70185e-09,0.0819377,1,0,1,0,1,0
10.9253,0.3,2.33,0,0.282614,-0,0,-0,2.775,-0.275,0,2.40519,-0.285521,0.142057,2.075,-0.275,0,2.72461,0.222453,0.120244,2.475,0.325,0.120784,2.01841,0.253846,0.0913523,0.417405,1.72739,1.54815,0.144197,-0.442742,-0.178821,0.497423,1.81929,1.4527,0.268035,0.823454,0.457949,0.435154,0.640631,0.645764,0.245553,1.17506,0.709612,nan,nan,nan,0.00892485,-0.0571786,-0.0412542,nan,nan,nan,0.0152229,-0.100571,-0.084306,nan,nan,nan,0.0240645,-0.0552237,-0.0593349,0,0.0282687,0,0.084153,7.70185e-09,0.0913523,1,0,1,0,1,0
10.9651,0.35,2.335,0,0.282484,-0,0,-0,2.775,-0.275,0,2.41143,-0.281497,0.139621,2.075,-0.275,0,2.73051,0.213503,0.130218,2.475,0.325,0.120784,2.02757,0.250413,0.0984696,0.397915,1.7307,1.53849,0.156094,-0.496361,-0.218761,0.47443,1.82143,1.45005,0.288994,0.686143,0.347073,0.415116,0.638994,0.631353,0.275444,1.117,0.647992,nan,nan,nan,0.0107428,-0.0319188,-0.0248398,nan,nan,nan,0.0143736,-0.0928883,-0.0719921,nan,nan,nan,0.0261634,-0.0425019,-0.0444024,0,0.0284025,0,0.0840837,7.70185e-09,0.0984697,1,0,1,0,1,0
11.0053,0.4,2.34,0,0.282353,-0,0,-0,2.775,-0.275,0,2.41811,-0.278587,0.138195,2.075,-0.275,0,2.73629,0.205773,0.137214,2.475,0.325,0.120784,2.0372,0.247932,0.103403,0.378011,1.7342,1.52932,0.17025,-0.521313,-0.239265,0.451034,1.82326,1.44762,0.308889,0.560658,0.254059,0.394618,0.637839,0.617499,0.307504,1.07411,0.604089,nan,nan,nan,0.0126552,-0.00982476,-0.00914929,nan,nan,nan,0.0137221,-0.08389,-0.0591096,nan,nan,nan,0.0277161,-0.0296778,-0.0295126,0,0.0290781,0,0.0934194,7.70185e-09,0.103403,1,0,1,0,1,0
11.045,0.45,2.345,0,0.282222,-0,0,-0,2.775,-0.275,0,2.42531,-0.276864,0.13794,2.075,-0.275,0,2.74227,0.19976,0.141641,2.475,0.325,0.120784,2.04734,0.246544,0.10626,0.357691,1.73787,1.52061,0.186778,-0.52143,-0.241209,0.427256,1.82476,1.44538,0.328001,0.448865,0.179716,0.37366,0.637156,0.604209,0.341085,1.04652,0.577849,nan,nan,nan,0.0146619,0.00910362,0.00581738,nan,nan,nan,0.0132685,-0.0735766,-0.0456583,nan,nan,nan,0.0287226,-0.0167514,-0.0146656,0,0.0303985,0,0.104473,7.70185e-09,0.10626,1,0,1,0,1,0
11.0854,0.5,2.35,0,0.282091,-0,0,-0,2.775,-0.275,0,2.43315,-0.276506,0.138809,2.075,-0.275,0,2.74873,0.195845,0.14403,2.475,0.325,0.120784,2.05805,0.246303,0.107124,0.336959,1.74168,1.51237,0.205793,-0.500545,-0.22547,0.403117,1.82591,1.44334,0.346597,0.352659,0.124845,0.35224,0.636936,0.591487,0.375537,1.03435,0.569224,nan,nan,nan,0.0167631,0.0248663,0.0200602,nan,nan,nan,0.0129754,-0.0618622,-0.0316479,nan,nan,nan,0.0291829,-0.00372266,0.000138662,0,0.032325,0,0.10734,7.70185e-09,0.110842,1,0,1,0,1,0
11.1254,0.55,2.355,0,0.281961,-0,0,-0,2.775,-0.275,0,2.44179,-0.27774,0.140626,2.075,-0.275,0,2.75591,0.194264,0.144964,2.475,0.325,0.120784,2.06937,0.247192,0.106038,0.315815,1.74562,1.50457,0.227407,-0.462398,-0.192921,0.378641,1.8267,1.44148,0.36483,0.274196,0.0902207,0.33036,0.637162,0.579334,0.410212,1.03771,0.578174,nan,nan,nan,0.0189498,0.0379202,0.0335907,nan,nan,nan,0.0127535,-0.048542,-0.0171006,nan,nan,nan,0.0290995,0.00939372,0.0149306,0,0.034732,0,0.104708,7.70185e-09,0.107633,1,0,1,0,1,0
11.1652,0.6,2.36,0,0.28183,-0,0,-0,2.775,-0.275,0,2.4514,-0.280598,0.143124,2.075,-0.275,0,2.76403,0.195115,0.145003,2.475,0.325,0.120784,2.08129,0.249135,0.103,0.294263,1.74964,1.4972,0.251693,-0.408661,-0.144386,0.353855,1.82712,1.4398,0.382796,0.215764,0.0766035,0.308023,0.637816,0.567755,0.444467,1.0567,0.604707,nan,nan,nan,0.0211705,0.0509041,0.0464756,nan,nan,nan,0.0125987,-0.0336072,-0.00201745,nan,nan,nan,0.0284744,0.0225848,0.029737,0,0.0398758,0,0.100858,7.70185e-09,0.102749,1,0,1,0,1,0
11.2051,0.65,2.365,0,0.281699,-0,0,-0,2.775,-0.275,0,2.46211,-0.28491,0.145945,2.075,-0.275,0,2.77324,0.198398,0.144595,2.475,0.325,0.120784,2.09379,0.251996,0.0979568,0.27231,1.75373,1.49025,0.278683,-0.338988,-0.0806342,0.328786,1.82715,1.4383,0.40059,0.179654,0.0847528,0.285233,0.638876,0.556747,0.477657,1.09141,0.648839,nan,nan,nan,0.023417,0.0642412,0.0587255,nan,nan,nan,0.0125113,-0.0170576,0.0136015,nan,nan,nan,0.0273077,0.0358506,0.0445579,0,0.0397839,0,0.0946546,7.70185e-09,0.0959847,1,0,1,0,1,0
11.2448,0.7,2.37,0,0.281569,-0,0,-0,2.775,-0.275,0,2.47409,-0.290473,0.148618,2.075,-0.275,0,2.78369,0.204032,0.144002,2.475,0.325,0.120784,2.10674,0.255583,0.0908225,0.249963,1.75785,1.4837,0.308409,-0.252954,-0.0024347,0.303465,1.8268,1.43696,0.418308,0.168155,0.115429,0.261997,0.640314,0.54631,0.509139,1.14192,0.710588,nan,nan,nan,0.0256893,0.0779316,0.0703406,nan,nan,nan,0.0124912,0.00110654,0.0297563,nan,nan,nan,0.0255993,0.0491911,0.0593933,0,0.0391263,0,0.0903286,7.70185e-09,0.0879535,1,0,1,0,1,0
11.2849,0.75,2.375,0,0.281438,-0,0,-0,2.775,-0.275,0,2.48748,-0.297028,0.150546,2.075,-0.275,0,2.79548,0.211896,0.143222,2.475,0.325,0.120784,2.11995,0.25965,0.0814866,0.227229,1.76199,1.47753,0.340902,-0.15013,0.0894437,0.277923,1.82606,1.4358,0.436033,0.183542,0.169423,0.238323,0.642099,0.53644,0.53827,1.20832,0.789972,nan,nan,nan,0.0279875,0.0919752,0.0813207,nan,nan,nan,0.0125129,0.0208569,0.0465152,nan,nan,nan,0.0233493,0.0626063,0.0742431,0,0.0376715,0,0.0807264,7.70185e-09,0.0770221,1,0,1,0,1,0
11.325,0.8,2.38,0,0.281307,-0,0,-0,2.775,-0.275,0,2.50239,-0.304205,0.151005,2.075,-0.275,0,2.80872,0.221858,0.141931,2.475,0.325,0.120784,2.13311,0.263903,0.0698387,0.204121,1.7661,1.47174,0.376193,-0.0300877,0.194232,0.252194,1.82493,1.4348,0.4538,0.228038,0.247656,0.214221,0.644193,0.52713,0.564406,1.29071,0.887006,nan,nan,nan,0.0303115,0.106372,0.0916659,nan,nan,nan,0.0125511,0.0421649,0.0639465,nan,nan,nan,0.0205577,0.0760963,0.0891075,0,0.0411242,0,0.0547116,7.70185e-09,0.066569,1,0,1,0,1,0
11.3651,0.85,2.385,0,0.281176,-0,0,-0,2.775,-0.275,0,2.51886,-0.311474,0.149159,2.075,-0.275,0,2.82346,0.233713,0.139424,2.475,0.325,0.120784,2.14578,0.267995,0.0558007,0.18065,1.77018,1.46631,0.414313,0.1076,0.311162,0.226311,1.8234,1.43397,0.471633,0.303851,0.351083,0.189705,0.646556,0.518375,0.586903,1.38917,1.00171,nan,nan,nan,0.0326612,0.121122,0.101376,nan,nan,nan,0.0126057,0.0650306,0.0820503,nan,nan,nan,0.0172244,0.0896609,0.103986,0,0.038531,0,0.0422309,7.70185e-09,0.0521491,1,0,1,0,1,0
11.4052,0.9,2.39,0,0.281046,-0,0,-0,2.775,-0.275,0,2.53676,-0.318083,0.144096,2.075,-0.275,0,2.83965,0.247084,0.134577,2.475,0.325,0.120784,2.15742,0.271526,0.039369,0.156831,1.77418,1.46122,0.455294,0.26336,0.439465,0.200311,1.82148,1.43331,0.489556,0.413191,0.480656,0.164791,0.649143,0.510164,0.605119,1.50378,1.1341,nan,nan,nan,0.0350368,0.136225,0.110452,nan,nan,nan,0.0126767,0.0894539,0.100827,nan,nan,nan,0.0133495,0.1033,0.11888,0,0.0339373,0,0.0270896,7.70185e-09,0.0330483,1,1,1,1,1,1
11.4448,0.95,2.395,0,0.280915,-0,0,-0,2.775,-0.275,0,2.55573,-0.323021,0.134902,2.075,-0.275,0,2.85704,0.261266,0.125847,2.475,0.325,0.120784,2.1674,0.274036,0.0206663,0.13268,1.77808,1.45645,0.499167,0.437621,0.578372,0.174228,1.81918,1.43283,0.50759,0.558265,0.63733,0.139495,0.651903,0.502484,0.618409,1.63465,1.28419,nan,nan,nan,0.0374382,0.151682,0.118892,nan,nan,nan,0.0127643,0.115435,0.120275,nan,nan,nan,0.00893293,0.117014,0.133787,0,0.0158984,0,0.0195869,7.70185e-09,0.0179976,1,1,1,1,1,1
11.5053,0,2.4,0,0.280784,-0,0,-0,2.775,-0.274998,1.52846e-06,2.575,-0.325,0.120784,2.075,-0.274999,1.60278e-06,2.875,0.275,0.111373,2.475,0.324997,0.120785,2.175,0.275,0,0.108217,1.78185,1.452,0.545964,0.63081,0.727113,0.148098,1.8165,1.43252,0.525761,0.741283,0.822057,0.113838,0.654783,0.495324,0.62613,1.78185,1.452,0.0280187,-0.130461,-0.137018,nan,nan,nan,9.77143e-07,-0.129616,-0.14867,nan,nan,nan,-3.22337e-07,-0.28761,-0.158138,nan,nan,nan,1.47855e-06,-0.00951595,1.60278e-06,-0.00415643,1.03363e-06,0,1,1,1,1,1,1
11.5249,0.05,2.405,0,0.281686,-0,0,-0,2.78587,-0.273815,0.0189067,2.575,-0.325,0.120784,2.08037,-0.274549,0.0339652,2.875,0.275,0.111373,2.48033,0.320017,0.139272,2.175,0.275,0,0.137691,1.6456,1.30936,0.528589,0.637737,0.715807,0.150423,1.57385,1.16925,0.508704,0.748205,0.811491,0.118586,0.314388,0.303504,0.605832,1.79302,1.45637,0.0266229,-0.122032,-0.127283,nan,nan,nan,0.00248653,-0.134327,-0.13811,nan,nan,nan,0.00712004,-0.234241,-0.13567,nan,nan,nan,0.0168974,-0.00951595,0.0342305,-0.00415643,0.018488,0,0,1,0,1,0,1
11.5652,0.1,2.41,0,0.282588,-0,0,-0,2.79612,-0.270597,0.0366858,2.575,-0.325,0.120784,2.08623,-0.271974,0.066437,2.875,0.275,0.111373,2.48652,0.309774,0.147574,2.175,0.275,0,0.165705,1.5186,1.17744,0.510785,0.64556,0.705265,0.15706,1.32479,0.925553,0.491253,0.755867,0.801634,0.132051,0.0408607,0.140475,0.585062,1.80398,1.46105,0.025313,-0.113303,-0.117152,nan,nan,nan,0.00469883,-0.136605,-0.12735,nan,nan,nan,0.0133454,-0.185239,-0.114061,nan,nan,nan,0.0375115,-0.00951595,0.0637131,-0.00415643,0.0267896,0,0,1,0,1,0,1
11.6054,0.15,2.415,0,0.28349,-0,0,-0,2.8057,-0.265858,0.0530113,2.575,-0.325,0.120784,2.09225,-0.266339,0.0952867,2.875,0.275,0.111373,2.49358,0.298437,0.149136,2.175,0.275,0,0.192352,1.40118,1.05667,0.492546,0.654275,0.695499,0.167508,1.07377,0.701793,0.473401,0.764257,0.792491,0.153065,-0.171502,0.00511314,0.563828,1.81469,1.46602,0.0240892,-0.104274,-0.106624,nan,nan,nan,0.00663788,-0.136451,-0.116388,nan,nan,nan,0.0186757,-0.140602,-0.0933122,nan,nan,nan,0.0525459,-0.00951595,0.0815229,-0.00415643,0.0279029,0,0,1,0,1,0,1
11.6451,0.2,2.42,0,0.284392,-0,0,-0,2.81464,-0.260116,0.0676685,2.575,-0.325,0.120784,2.0982,-0.257843,0.118811,2.875,0.275,0.111373,2.50131,0.287556,0.147221,2.175,0.275,0,0.217725,1.29366,0.947473,0.473865,0.663876,0.686515,0.181265,0.825276,0.498342,0.455145,0.77336,0.784063,0.180457,-0.328404,-0.103704,0.542136,1.82513,1.47128,0.0229513,-0.0949437,-0.0957002,nan,nan,nan,0.00830488,-0.133863,-0.105224,nan,nan,nan,0.023111,-0.100332,-0.0734228,nan,nan,nan,0.0658999,-0.00951595,0.0950889,-0.00415643,0.0315486,0,0,1,0,1,0,1
11.6851,0.25,2.425,0,0.285294,-0,0,-0,2.82301,-0.253864,0.0805406,2.575,-0.325,0.120784,2.10404,-0.247564,0.135999,2.875,0.275,0.111373,2.50947,0.277436,0.144225,2.175,0.275,0,0.241916,1.19638,0.850276,0.454735,0.674347,0.678319,0.197936,0.583827,0.315635,0.436481,0.783156,0.776353,0.213059,-0.435548,-0.187099,0.519996,1.8353,1.47681,0.0218993,-0.0853132,-0.0843799,nan,nan,nan,0.00985616,-0.128747,-0.0937607,nan,nan,nan,0.0266513,-0.0644274,-0.054393,nan,nan,nan,0.0771498,-0.00951595,0.0840606,-0.00415643,0.0311582,0,0,1,0,1,0,1
11.7254,0.3,2.43,0,0.286196,-0,0,-0,2.83091,-0.247554,0.0915905,2.575,-0.325,0.120784,2.10991,-0.237051,0.14669,2.875,0.275,0.111373,2.51786,0.268024,0.141664,2.175,0.275,0,0.265019,1.10965,0.765508,0.435154,0.685667,0.670914,0.217449,0.354154,0.154311,0.417405,0.793621,0.769357,0.249701,-0.49864,-0.246195,0.497423,1.84516,1.48259,0.0209334,-0.0753823,-0.0726633,nan,nan,nan,0.0114008,-0.121035,-0.0819295,nan,nan,nan,0.0292965,-0.0328889,-0.0362227,nan,nan,nan,0.0757572,-0.00951595,0.0849296,-0.00415643,0.0310815,0,0,1,0,1,0,1
11.7653,0.35,2.435,0,0.287098,-0,0,-0,2.8385,-0.241583,0.100842,2.575,-0.325,0.120784,2.11607,-0.227838,0.15159,2.875,0.275,0.111373,2.11607,-0.227838,0.15159,2.175,0.275,0,0.287125,1.0338,0.693598,0.415116,0.69781,0.664301,0.239792,0.14102,0.015045,0.397915,0.804727,0.763075,0.289214,-0.523381,-0.282115,0.47443,1.85471,1.48861,0.0200535,-0.0651508,-0.0605503,nan,nan,nan,0.0129387,-0.110727,-0.0697305,nan,nan,nan,0.0310467,-0.00571629,-0.018912,nan,nan,nan,0.0828398,-0.00951595,0.0818849,-0.00415643,0.0818849,0,0,1,0,1,0,1
11.8053,0.4,2.44,0,0.288,-0,0,-0,2.84593,-0.236293,0.108359,2.575,-0.325,0.120784,2.12283,-0.221051,0.152074,2.875,0.275,0.111373,2.53487,0.251682,0.140618,2.175,0.275,0,0.308328,0.969151,0.634972,0.394618,0.710741,0.658476,0.264951,-0.0508088,-0.101489,0.378011,0.816441,0.757501,0.33043,-0.515476,-0.295982,0.451034,1.86392,1.49487,0.0192595,-0.0546189,-0.048041,nan,nan,nan,0.0144699,-0.0978247,-0.0571637,nan,nan,nan,0.0319019,0.0170903,-0.00246083,nan,nan,nan,0.0893047,-0.00951595,0.0760078,-0.00415643,0.0343852,0,0,1,0,1,0,1
11.8451,0.45,2.445,0,0.288902,-0,0,-0,2.85336,-0.231964,0.11423,2.575,-0.325,0.120784,2.13049,-0.217196,0.149866,2.875,0.275,0.111373,2.5436,0.245454,0.142368,2.175,0.275,0,0.328721,0.91603,0.590059,0.37366,0.724422,0.653435,0.292855,-0.216553,-0.194533,0.357691,0.828727,0.752627,0.372177,-0.480629,-0.288919,0.427256,1.87279,1.50136,0.0185515,-0.0437865,-0.0351354,nan,nan,nan,0.0158858,-0.0822996,-0.0440842,nan,nan,nan,0.0318621,0.035531,0.0131308,nan,nan,nan,0.092354,-0.00951595,0.0684771,-0.00415643,0.0358499,0,0,1,0,1,0,1
11.8854,0.5,2.45,0,0.289804,-0,0,-0,2.86098,-0.228823,0.118551,2.575,-0.325,0.120784,2.13919,-0.21622,0.146713,2.875,0.275,0.111373,2.5528,0.241207,0.145264,2.175,0.275,0,0.348397,0.87476,0.559287,0.35224,0.738803,0.649168,0.323114,-0.351355,-0.262911,0.336959,0.841542,0.748445,0.413288,-0.424543,-0.262049,0.403117,1.8813,1.50805,0.0179295,-0.032653,-0.0218326,nan,nan,nan,0.0170347,-0.0641141,-0.0302894,nan,nan,nan,0.0309272,0.0496057,0.0278629,nan,nan,nan,0.0939264,-0.00951595,0.0604031,-0.00415643,0.0338065,0,0,1,0,1,0,1
11.9255,0.55,2.455,0,0.290706,-0,0,-0,2.86893,-0.227039,0.12141,2.575,-0.325,0.120784,2.14899,-0.217616,0.144125,2.875,0.275,0.111373,2.56285,0.239456,0.148794,2.175,0.275,0,0.367447,0.845673,0.543091,0.33036,0.753832,0.645664,0.355236,-0.450329,-0.305307,0.315815,0.854842,0.744943,0.452594,-0.352905,-0.216494,0.378641,1.88945,1.51496,0.0173921,-0.021203,-0.00811465,nan,nan,nan,0.0179155,-0.0432679,-0.0157779,nan,nan,nan,0.0291,0.0594635,0.041734,nan,nan,nan,0.0937651,-0.00951595,0.0526867,-0.00415643,0.0402732,0,0,1,0,1,0,1
11.9653,0.6,2.46,0,0.291608,-0,0,-0,2.87738,-0.226735,0.122873,2.575,-0.325,0.120784,2.15979,-0.22066,0.143194,2.875,0.275,0.111373,2.57405,0.240455,0.152421,2.175,0.275,0,0.385962,0.829116,0.541926,0.308023,0.769449,0.642907,0.388729,-0.508591,-0.320404,0.294263,0.868578,0.742109,0.488958,-0.26952,-0.153396,0.353855,1.89723,1.52207,0.0169391,-0.00942995,0.00602599,nan,nan,nan,0.0185281,-0.019761,-0.000549738,nan,nan,nan,0.0264357,0.0682157,0.0547138,nan,nan,nan,0.0917789,-0.00951595,0.0410764,-0.00415643,0.0458345,0,0,1,0,1,0,1
12.0051,0.65,2.465,0,0.29251,-0,0,-0,2.88646,-0.227984,0.12298,2.575,-0.325,0.120784,2.17148,-0.224704,0.144499,2.875,0.275,0.111373,2.58646,0.244057,0.155652,2.175,0.275,0,0.404035,0.825438,0.556248,0.285233,0.785588,0.640878,0.423101,-0.521256,-0.306886,0.27231,0.882697,0.739926,0.52131,-0.174613,-0.0739322,0.328786,1.90463,1.52937,0.0165703,0.00266604,0.0205893,nan,nan,nan,0.0188726,0.00640652,0.0153951,nan,nan,nan,0.0229563,0.0771039,0.0667904,nan,nan,nan,0.087895,-0.00951595,0.036823,-0.00415643,0.0502865,0,0,1,0,1,0,1
12.0452,0.7,2.47,0,0.293412,-0,0,-0,2.89631,-0.230812,0.121735,2.575,-0.325,0.120784,2.18398,-0.229409,0.148048,2.875,0.275,0.111373,2.59998,0.250083,0.157968,2.175,0.275,0,0.421754,0.834986,0.586513,0.261997,0.802179,0.639558,0.457846,-0.483564,-0.263458,0.249963,0.897144,0.738377,0.548583,-0.0680055,0.0207188,0.303465,1.91165,1.53687,0.0162857,0.015085,0.0355754,nan,nan,nan,0.0189112,0.0348737,0.0320026,nan,nan,nan,0.0186619,0.0861279,0.0779637,nan,nan,nan,0.0820563,-0.00951595,0.03355,-0.00415643,0.0488468,0,0,1,0,1,0,1
12.0855,0.75,2.475,0,0.294314,-0,0,-0,2.90703,-0.235192,0.119105,2.575,-0.325,0.120784,2.1974,-0.234977,0.153151,2.875,0.275,0.111373,2.61436,0.258361,0.158814,2.175,0.275,0,0.439212,0.85811,0.633178,0.238323,0.819147,0.638921,0.49223,-0.392931,-0.189148,0.227229,0.911861,0.737444,0.569714,0.0504796,0.129376,0.277923,1.9183,1.54456,0.0160854,0.0278269,0.0509842,nan,nan,nan,0.0184638,0.0639255,0.0490154,nan,nan,nan,0.0135524,0.0952878,0.0882337,nan,nan,nan,0.0530382,-0.00951595,0.0308182,-0.00415643,0.0521015,0,0,1,0,1,0,1
12.1251,0.8,2.48,0,0.295216,-0,0,-0,2.91869,-0.241042,0.115015,2.575,-0.325,0.120784,2.21204,-0.24196,0.158327,2.875,0.275,0.111373,2.62912,0.268717,0.157601,2.175,0.275,0,0.4565,0.895158,0.696698,0.214221,0.836414,0.638942,0.525327,-0.248631,-0.0832638,0.204121,0.926789,0.737106,0.583638,0.18102,0.250861,0.252194,1.92458,1.55244,0.0159694,0.0408918,0.0668157,nan,nan,nan,0.0175073,0.0933398,0.0664002,nan,nan,nan,0.00762792,0.104584,0.0976004,nan,nan,nan,0.0419717,-0.00951595,0.0400701,-0.00415643,0.0460873,0,0,1,0,1,0,1
12.1651,0.85,2.485,0,0.296118,-0,0,-0,2.93136,-0.248214,0.109356,2.575,-0.325,0.120784,2.22814,-0.250736,0.161174,2.875,0.275,0.111373,2.64358,0.280945,0.153727,2.175,0.275,0,0.473707,0.946478,0.77753,0.189705,0.853899,0.639592,0.556199,-0.0499987,0.0548772,0.18065,0.941866,0.737341,0.589289,0.323793,0.383991,0.226311,1.93048,1.56052,0.0159376,0.0542797,0.0830699,nan,nan,nan,0.0160416,0.123117,0.0841571,nan,nan,nan,0.000888376,0.114015,0.106064,nan,nan,nan,0.0290573,-0.00951595,0.0450589,-0.00415643,0.0375677,0,0,1,0,1,0,1
12.2054,0.9,2.49,0,0.29702,-0,0,-0,2.94501,-0.256487,0.101991,2.575,-0.325,0.120784,2.2454,-0.260888,0.158336,2.875,0.275,0.111373,2.65683,0.294752,0.146609,2.175,0.275,0,0.490926,1.01242,0.87613,0.164791,0.87152,0.640842,0.583914,0.203631,0.225958,0.156831,0.957032,0.738125,0.585604,0.478976,0.527589,0.200311,1.93603,1.56879,0.01599,0.0679905,0.0997468,nan,nan,nan,0.0140668,0.153256,0.102286,nan,nan,nan,-0.00666622,0.123583,0.113624,nan,nan,nan,0.0311536,-0.00951595,0.040599,-0.00415643,0.0263549,0,1,1,1,1,1,1
12.245,0.95,2.495,0,0.297922,-0,0,-0,2.95961,-0.265551,0.0927725,2.575,-0.325,0.120784,2.26223,-0.270418,0.145921,2.875,0.275,0.111373,2.66773,0.309681,0.135744,2.175,0.275,0,0.508247,1.09333,0.992954,0.139495,0.889194,0.64266,0.607536,0.512924,0.430662,0.13268,0.972224,0.739437,0.571517,0.646747,0.680472,0.174228,1.94124,1.57726,0.0161267,0.0820243,0.116846,nan,nan,nan,0.0115827,0.183758,0.120787,nan,nan,nan,-0.0150359,0.133286,0.120281,nan,nan,nan,0.0261524,-0.00951595,0.0261386,-0.00415643,0.0163745,0,1,1,1,1,1,1
12.2884,0,2.5,0,0.298824,-0,0,-0,2.975,-0.275,0.0815686,2.575,-0.324998,0.120786,2.275,-0.275,0.120784,2.875,0.274998,0.111374,2.675,0.325,0.120784,2.175,0.274999,1.51074e-06,0.525761,1.18956,1.12846,0.113838,0.90684,0.645013,0.62613,0.878547,0.669672,0.108217,0.987381,0.741249,0.545964,0.827283,0.841463,0.148098,1.9461,1.58593,nan,nan,nan,-0.0599962,-0.15496,-0.119774,nan,nan,nan,-0.0398874,-0.105467,-0.125912,nan,nan,nan,-0.00517952,-0.12975,-0.157625,0.00673631,-0.00951611,-0.00717609,-0.00415536,-0.00951595,1.35564e-06,1,1,1,1,1,1
12.3251,0.05,2.505,0,0.30051,-0,0,-0,2.975,-0.275,0.0815686,2.56051,-0.319164,0.146185,2.275,-0.275,0.120784,2.87121,0.264336,0.12686,2.675,0.325,0.120784,2.1793,0.274474,0.0273093,0.508704,1.2059,1.12683,0.0111868,0.594305,0.407855,0.605832,0.903643,0.677758,0.06815,0.864321,0.600685,0.528589,0.84459,0.837229,0.144871,1.76305,1.36996,nan,nan,nan,-0.0379043,-0.14164,-0.105523,nan,nan,nan,-0.0262666,-0.096986,-0.10559,nan,nan,nan,0.00053839,-0.127607,-0.146248,0.00673631,0.026739,-0.00717609,0.0187247,-0.00951595,0.0216973,1,0,1,0,1,0
12.3653,0.1,2.51,0,0.302196,-0,0,-0,2.975,-0.275,0.0815686,2.55568,-0.306518,0.161295,2.275,-0.275,0.120784,2.87123,0.254907,0.139357,2.675,0.325,0.120784,2.18488,0.272597,0.0539829,0.491253,1.2227,1.12592,-0.0472929,0.311998,0.200899,0.585062,0.92845,0.68636,0.0438564,0.751829,0.484195,0.510785,0.862721,0.833871,0.149344,1.58409,1.1704,nan,nan,nan,-0.0180279,-0.126241,-0.0910798,nan,nan,nan,-0.0139279,-0.0880736,-0.0862921,nan,nan,nan,0.00565641,-0.123996,-0.134535,0.00673631,0.0422946,-0.00717609,0.0320944,-0.00951595,0.0344712,1,0,1,0,1,0
12.4054,0.15,2.515,0,0.303882,-0,0,-0,2.975,-0.275,0.0815686,2.55851,-0.292338,0.167741,2.275,-0.275,0.120784,2.87418,0.247185,0.149075,2.675,0.325,0.120784,2.19146,0.269182,0.0789762,0.473401,1.23993,1.12572,-0.0662649,0.0642944,0.0245463,0.563828,0.952892,0.69544,0.0337784,0.65043,0.390535,0.492546,0.881634,0.83138,0.160664,1.41131,0.987724,nan,nan,nan,-0.00036706,-0.108762,-0.0764452,nan,nan,nan,-0.00287133,-0.0787298,-0.0680188,nan,nan,nan,0.0101745,-0.118916,-0.122487,0.00673631,0.0484799,-0.00717609,0.0371581,-0.00951595,0.0314244,1,0,1,0,1,0
12.4452,0.2,2.52,0,0.305569,-0,0,-0,2.975,-0.275,0.0815686,2.56655,-0.279281,0.168224,2.275,-0.275,0.120784,2.87941,0.241421,0.156382,2.675,0.325,0.120784,2.1988,0.264362,0.101481,0.455145,1.25755,1.12623,-0.0503927,-0.144428,-0.120799,0.542136,0.976898,0.704964,0.0363582,0.560649,0.318459,0.473865,0.901277,0.829746,0.177979,1.24679,0.822409,nan,nan,nan,0.0150783,-0.0892037,-0.0616192,nan,nan,nan,0.0069032,-0.0689546,-0.05077,nan,nan,nan,0.0140928,-0.112367,-0.110102,0.00673631,0.0482206,-0.00717609,0.043086,-0.00951595,0.035592,1,0,1,0,1,0
12.4853,0.25,2.525,0,0.307255,-0,0,-0,2.975,-0.275,0.0815686,2.57795,-0.267985,0.165664,2.275,-0.275,0.120784,2.88647,0.237702,0.161733,2.675,0.325,0.120784,2.20668,0.258524,0.120966,0.436481,1.27552,1.12741,-0.00433999,-0.309792,-0.234734,0.519996,1.00041,0.714897,0.0500375,0.483009,0.266722,0.454735,0.921596,0.828956,0.200444,1.0926,0.674935,nan,nan,nan,0.0283082,-0.0675661,-0.0466016,nan,nan,nan,0.0153956,-0.058748,-0.0345459,nan,nan,nan,0.0174364,-0.104407,-0.0973791,0.00673631,0.0446073,-0.00717609,0.046791,-0.00951595,0.0377944,1,0,1,0,1,0
12.5254,0.3,2.53,0,0.308941,-0,0,-0,2.975,-0.275,0.0815686,2.59156,-0.25783,0.162607,2.275,-0.275,0.120784,2.89509,0.235981,0.165605,2.675,0.325,0.120784,2.21493,0.252235,0.137192,0.417405,1.29379,1.12927,0.0672297,-0.42742,-0.316856,0.497423,1.02337,0.725209,0.0732583,0.418035,0.234079,0.435154,0.942533,0.828995,0.227313,0.950597,0.545789,nan,nan,nan,0.0393227,-0.0438491,-0.0313926,nan,nan,nan,0.022606,-0.04811,-0.0193463,nan,nan,nan,0.0202957,-0.0952378,-0.0843092,0.00673631,0.0402933,-0.00717609,0.0486218,-0.00951595,0.0374591,1,0,1,0,1,0
12.5654,0.35,2.535,0,0.310627,-0,0,-0,2.975,-0.275,0.0815686,2.60653,-0.247664,0.160939,2.275,-0.275,0.120784,2.90516,0.236106,0.168451,2.675,0.325,0.120784,2.22349,0.246127,0.150184,0.397915,1.31233,1.13179,0.159653,-0.492936,-0.366762,0.47443,1.04573,0.735869,0.104463,0.366251,0.219285,0.415116,0.964024,0.829845,0.257906,0.822468,0.435464,nan,nan,nan,0.0481215,-0.0180528,-0.015992,nan,nan,nan,0.0285343,-0.0370405,-0.00517127,nan,nan,nan,0.0226784,-0.0848773,-0.0708915,0.00673631,0.0401546,-0.00717609,0.0521209,-0.00951595,0.0407515,1,0,1,0,1,0
12.6055,0.4,2.54,0,0.312314,-0,0,-0,2.975,-0.275,0.0815686,2.62198,-0.236686,0.161783,2.275,-0.275,0.120784,2.91663,0.237834,0.170649,2.675,0.325,0.120784,2.23239,0.24078,0.160174,0.378011,1.3311,1.13495,0.267523,-0.503408,-0.38398,0.451034,1.06745,0.746851,0.142092,0.328182,0.221095,0.394618,0.986004,0.831486,0.291547,0.709911,0.344455,nan,nan,nan,0.0536544,0.00778076,-0.000303228,nan,nan,nan,0.0331804,-0.0255397,0.00797917,nan,nan,nan,0.0245848,-0.0733256,-0.057126,0.00673631,0.0409987,-0.00717609,0.0513799,-0.00951595,0.044123,1,0,1,0,1,0
12.6455,0.45,2.545,0,0.314,-0,0,-0,2.975,-0.275,0.0815686,2.63712,-0.225622,0.165361,2.275,-0.275,0.120784,2.92946,0.240856,0.172476,2.675,0.325,0.120784,2.24173,0.236669,0.16754,0.357691,1.35005,1.13872,0.382531,-0.46154,-0.36777,0.427256,1.08851,0.758131,0.184589,0.304351,0.238264,0.37366,1.0084,0.833893,0.327559,0.614616,0.273257,nan,nan,nan,0.0549045,0.031675,0.0157676,nan,nan,nan,0.0365445,-0.0136074,0.020105,nan,nan,nan,0.0260147,-0.0605828,-0.0430128,0.00673631,0.0445768,-0.00717609,0.0499496,-0.00951595,0.0459835,1,0,1,0,1,0
12.6853,0.5,2.55,0,0.315686,-0,0,-0,2.975,-0.275,0.0815686,2.65192,-0.216021,0.171105,2.275,-0.275,0.120784,2.94362,0.244827,0.174081,2.675,0.325,0.120784,2.25165,0.234123,0.17273,0.336959,1.36914,1.1431,0.495664,-0.371418,-0.31733,0.403117,1.10887,0.769688,0.230395,0.295283,0.269546,0.35224,1.03115,0.837044,0.365215,0.538311,0.222346,nan,nan,nan,0.0518717,0.0536298,0.0322204,nan,nan,nan,0.0386265,-0.00124378,0.0312063,nan,nan,nan,0.0268628,-0.0465785,-0.0285879,0.00673631,0.0503212,-0.00717609,0.0479942,-0.00951595,0.0549451,1,0,1,0,1,0
12.7255,0.55,2.555,0,0.317373,-0,0,-0,2.975,-0.275,0.0815686,2.66715,-0.209621,0.177682,2.275,-0.275,0.120784,2.95897,0.249395,0.17547,2.675,0.325,0.120784,2.26229,0.233302,0.17619,0.315815,1.38833,1.14807,0.597905,-0.237121,-0.231855,0.378641,1.12852,0.781503,0.277952,0.301508,0.3137,0.33036,1.05418,0.840911,0.403585,0.482856,0.19213,nan,nan,nan,0.044556,0.0736452,0.0490552,nan,nan,nan,0.0394235,0.0115677,0.0412941,nan,nan,nan,0.0270198,-0.0312399,-0.0138888,0.00673631,0.056898,-0.00717609,0.0543631,-0.00951595,0.056215,1,0,1,0,1,0
12.7653,0.6,2.56,0,0.319059,-0,0,-0,2.975,-0.275,0.0815686,2.68385,-0.207966,0.183012,2.275,-0.275,0.120784,2.97531,0.254238,0.1765,2.675,0.325,0.120784,2.27375,0.234233,0.178283,0.294263,1.40758,1.1536,0.68047,-0.0627919,-0.110586,0.353855,1.14744,0.79356,0.325692,0.323596,0.369512,0.308023,1.0774,0.845466,0.441687,0.450148,0.182999,nan,nan,nan,0.0335582,0.0915715,0.0661567,nan,nan,nan,0.0389284,0.024865,0.0503938,nan,nan,nan,0.0264855,-0.0145669,0.00108452,0.00673631,0.0622275,-0.00717609,0.0557159,-0.00951595,0.0579022,1,0,1,0,1,0
12.8051,0.65,2.565,0,0.320745,-0,0,-0,2.975,-0.275,0.0815686,2.70274,-0.211751,0.184457,2.275,-0.275,0.120784,2.99231,0.259086,0.176886,2.675,0.325,0.120784,2.28609,0.236847,0.179218,0.27231,1.42683,1.15968,0.73885,0.146366,0.0464181,0.328786,1.16564,0.805845,0.372045,0.36214,0.435784,0.285233,1.10076,0.85068,0.478538,0.442084,0.195342,nan,nan,nan,0.0218612,0.106666,0.0829527,nan,nan,nan,0.037141,0.0386498,0.0585066,nan,nan,nan,0.02526,0.00344041,0.0163321,0.00673631,0.0628155,-0.00717609,0.056102,-0.00951595,0.0584628,1,0,1,0,1,0
12.845,0.7,2.57,0,0.322431,-0,0,-0,2.975,-0.275,0.0815686,2.72346,-0.22086,0.179361,2.275,-0.275,0.120784,3.00952,0.263726,0.176212,2.675,0.325,0.120784,2.29931,0.240996,0.178993,0.249963,1.44607,1.16628,0.772299,0.38421,0.238374,0.303465,1.1831,0.818347,0.41544,0.417733,0.511314,0.261997,1.12418,0.856523,0.513157,0.460559,0.22955,nan,nan,nan,0.00987114,0.118827,0.0993651,nan,nan,nan,0.0340613,0.0529222,0.0656325,nan,nan,nan,0.0233433,0.0227821,0.0318539,0.00673631,0.0585171,-0.00717609,0.0554277,-0.00951595,0.0578886,1,0,1,0,1,0
12.8853,0.75,2.575,0,0.324118,-0,0,-0,2.975,-0.275,0.0815686,2.74425,-0.234955,0.165731,2.275,-0.275,0.120784,3.02636,0.268,0.173958,2.675,0.325,0.120784,2.31327,0.246462,0.177344,0.227229,1.46523,1.17338,0.780201,0.644565,0.464473,0.277923,1.19984,0.831058,0.454308,0.490967,0.594905,0.238323,1.14758,0.862964,0.544572,0.507465,0.286022,nan,nan,nan,-0.00241194,0.128055,0.115394,nan,nan,nan,0.0296893,0.0676819,0.0717714,nan,nan,nan,0.0207714,0.0434401,0.0476817,0.00673631,0.0467244,-0.00717609,0.0531736,-0.00951595,0.0565601,1,0,1,0,1,0
12.9252,0.8,2.58,0,0.325804,-0,0,-0,2.975,-0.275,0.0815686,2.76234,-0.253449,0.142872,2.275,-0.275,0.120784,3.04211,0.27176,0.169542,2.675,0.325,0.120784,2.32771,0.252957,0.173717,0.204121,1.48429,1.18098,0.762449,0.921424,0.723824,0.252194,1.21587,0.843972,0.487077,0.582433,0.685357,0.214221,1.1709,0.869971,0.571947,0.584624,0.365276,nan,nan,nan,-0.014015,0.134667,0.130875,nan,nan,nan,0.0240249,0.0829292,0.0769234,nan,nan,nan,0.0176655,0.0653537,0.0639221,0.00673631,0.0278234,-0.00717609,0.0487579,-0.00951595,0.0506463,1,0,1,0,1,0
12.9653,0.85,2.585,0,0.32749,-0,0,-0,2.975,-0.275,0.0815686,2.77508,-0.274407,0.111715,2.275,-0.275,0.120784,3.05591,0.274815,0.162383,2.675,0.325,0.120784,2.34215,0.260039,0.167275,0.18065,1.50321,1.18903,0.723424,1.21025,1.01477,0.226311,1.23119,0.857084,0.512178,0.692726,0.78147,0.189705,1.19408,0.877512,0.594535,0.693815,0.46791,nan,nan,nan,-0.02253,0.139451,0.145401,nan,nan,nan,0.0170683,0.0986639,0.0810885,nan,nan,nan,0.0140353,0.088518,0.0805837,0.00673631,0.0266532,-0.00717609,0.0398184,-0.00951595,0.0435248,1,0,1,0,1,0
13.0053,0.9,2.59,0,0.329176,-0,0,-0,2.975,-0.275,0.0815686,2.78096,-0.294942,0.0747984,2.275,-0.275,0.120784,3.06675,0.276831,0.15199,2.675,0.325,0.120784,2.35578,0.266977,0.156975,0.156831,1.52195,1.19753,0.669844,1.50725,1.33527,0.200311,1.24584,0.870393,0.528039,0.822436,0.882045,0.164791,1.21704,0.885557,0.611592,0.836816,0.594523,nan,nan,nan,-0.0278446,0.142443,0.158952,nan,nan,nan,0.00881936,0.114886,0.0842667,nan,nan,nan,0.00988094,0.112933,0.0976666,0.00673631,0.035672,-0.00717609,0.0306122,-0.00951595,0.0361911,1,1,1,1,1,1
13.0453,0.95,2.595,0,0.330863,-0,0,-0,2.975,-0.275,0.0815686,2.78026,-0.312348,0.0359957,2.275,-0.275,0.120784,3.0735,0.277221,0.138086,2.675,0.325,0.120784,2.36733,0.272582,0.141739,0.13268,1.54048,1.20645,0.608445,1.80867,1.68327,0.174228,1.25983,0.8839,0.53309,0.972157,0.985883,0.139495,1.23973,0.894073,0.622372,1.0154,0.745712,nan,nan,nan,-0.0299588,0.143644,0.17153,nan,nan,nan,-0.000721894,0.131596,0.0864579,nan,nan,nan,0.0052023,0.138599,0.115171,0.00673631,0.0241298,-0.00717609,0.0173683,-0.00951595,0.0209549,1,1,1,1,1,1
13.1046,0,2.6,0,0.332549,-0,0,-0,2.975,-0.274998,0.0815702,2.775,-0.325,0,2.275,-0.274998,0.120786,3.075,0.275,0.120784,2.675,0.324998,0.120786,2.375,0.275,0.120784,0.108217,1.55877,1.21578,0.545964,2.11073,2.05672,0.148098,1.27318,0.897605,0.525761,1.14248,1.09178,0.113838,1.26209,0.903031,0.62613,1.23135,0.922078,-0.0442455,-0.0604357,-0.115703,nan,nan,nan,-0.0111927,-0.164605,-0.13422,nan,nan,nan,0.00685929,-0.0876752,-0.123165,nan,nan,nan,0.00673732,0,-0.00717484,-0.00736367,-0.00951411,-0.000552205,1,1,1,1,1,1
13.125,0.05,2.605,0,0.332627,-0,0,-0,2.97123,-0.26682,0.0947605,2.775,-0.325,0,2.27914,-0.268306,0.151013,3.075,0.275,0.120784,2.68049,0.312639,0.135757,2.375,0.275,0.120784,0.067402,1.48946,1.09714,0.528589,2.11326,2.04492,0.14887,0.987483,0.653257,0.508704,1.14488,1.07901,0.124289,1.16282,0.77072,0.605832,1.23746,0.918823,-0.0290998,-0.0634863,-0.0970063,nan,nan,nan,0.0111541,-0.136598,-0.122989,nan,nan,nan,0.0113949,-0.0863756,-0.109094,nan,nan,nan,0.0208043,1.21907e-17,0.0299036,-0.00736367,0.0161139,-0.000552205,0,1,0,1,0,1
13.1652,0.1,2.61,0,0.332706,-0,0,-0,2.97131,-0.261676,0.106554,2.775,-0.325,0,2.28823,-0.252542,0.173383,3.075,0.275,0.120784,2.68678,0.301885,0.14891,2.375,0.275,0.120784,0.042694,1.41744,0.998688,0.510785,2.11616,2.03382,0.187212,0.753724,0.431451,0.491253,1.1477,1.06678,0.139602,1.06568,0.654348,0.585062,1.24338,0.915918,-0.0153953,-0.0653043,-0.0795265,nan,nan,nan,0.0283873,-0.109886,-0.110472,nan,nan,nan,0.0153937,-0.0839328,-0.0951895,nan,nan,nan,0.0306026,0,0.051561,-0.00736367,0.0302605,-0.000552205,0,1,0,1,0,1
13.2054,0.15,2.615,0,0.332784,-0,0,-0,2.97435,-0.259171,0.116589,2.775,-0.325,0,2.29927,-0.232666,0.189098,3.075,0.275,0.120784,2.69368,0.292598,0.160004,2.375,0.275,0.120784,0.0324839,1.34408,0.919079,0.492546,2.11942,2.02339,0.253416,0.569443,0.234627,0.473401,1.15093,1.0551,0.159166,0.971977,0.553726,0.563828,1.2491,0.913347,-0.00313221,-0.0658897,-0.0632639,nan,nan,nan,0.0405067,-0.0844711,-0.0966695,nan,nan,nan,0.0188557,-0.0803471,-0.0814499,nan,nan,nan,0.0365407,0,0.0683134,-0.00736367,0.0352378,-0.000552205,0,1,0,1,0,1
13.245,0.2,2.62,0,0.332863,-0,0,-0,2.97983,-0.258903,0.124811,2.775,-0.325,0,2.30969,-0.212085,0.2003,3.075,0.275,0.120784,2.70109,0.284726,0.168967,2.375,0.275,0.120784,0.0351625,1.27075,0.856951,0.473865,2.12299,2.01362,0.337773,0.432182,0.0652272,0.455145,1.15457,1.04397,0.182369,0.883009,0.468666,0.542136,1.25457,0.911096,0.0076896,-0.0652425,-0.0482183,nan,nan,nan,0.0475124,-0.0603518,-0.0815813,nan,nan,nan,0.0217808,-0.0756183,-0.0678756,nan,nan,nan,0.0390415,-1.21907e-17,0.0789258,-0.00736367,0.0444784,-0.000552205,0,1,0,1,0,1
13.2849,0.25,2.625,0,0.332941,-0,0,-0,2.98744,-0.2605,0.131369,2.775,-0.325,0,2.31812,-0.1932,0.209046,3.075,0.275,0.120784,2.70896,0.278283,0.175864,2.375,0.275,0.120784,0.0491202,1.19884,0.810943,0.454735,2.12685,2.00447,0.430576,0.339478,-0.0743091,0.436481,1.15857,1.03337,0.208599,0.800082,0.398979,0.519996,1.25975,0.909149,0.0170701,-0.0633626,-0.0343897,nan,nan,nan,0.0494043,-0.0375287,-0.0652075,nan,nan,nan,0.024169,-0.0697464,-0.0544667,nan,nan,nan,0.0267527,0,0.0879969,-0.00736367,0.0596008,-0.000552205,0,1,0,1,0,1
13.325,0.3,2.63,0,0.33302,-0,0,-0,2.99702,-0.263606,0.136531,2.775,-0.325,0,2.32446,-0.177642,0.216777,3.075,0.275,0.120784,2.71728,0.273312,0.180864,2.375,0.275,0.120784,0.0727478,1.12971,0.779697,0.435154,2.13099,1.99594,0.522117,0.288872,-0.181541,0.417405,1.16294,1.02331,0.237245,0.724496,0.344477,0.497423,1.26462,0.907493,0.0250093,-0.0602501,-0.0217783,nan,nan,nan,0.0461826,-0.0160016,-0.047548,nan,nan,nan,0.0260203,-0.0627314,-0.0412232,nan,nan,nan,0.0279761,0,0.095972,-0.00736367,0.0657442,-0.000552205,0,1,0,1,0,1
13.3653,0.35,2.635,0,0.333098,-0,0,-0,3.00849,-0.267858,0.140618,2.775,-0.325,0,2.32947,-0.166332,0.224111,3.075,0.275,0.120784,2.7261,0.269858,0.184208,2.375,0.275,0.120784,0.104436,1.06474,0.761853,0.415116,2.13536,1.98798,0.602781,0.277887,-0.254046,0.397915,1.16763,1.01378,0.267694,0.657555,0.304971,0.47443,1.26914,0.906113,0.0315071,-0.0559051,-0.0103838,nan,nan,nan,0.0382455,0.00416305,-0.0286832,nan,nan,nan,0.0273348,-0.0545734,-0.028145,nan,nan,nan,0.0220188,0,0.103499,-0.00736367,0.0698912,-0.000552205,0,1,0,1,0,1
13.4054,0.4,2.64,0,0.333176,-0,0,-0,3.02174,-0.272863,0.143948,2.775,-0.325,0,2.33452,-0.159494,0.230874,3.075,0.275,0.120784,2.73548,0.267945,0.186172,2.375,0.275,0.120784,0.142575,1.00532,0.756054,0.394618,2.13995,1.98059,0.667288,0.303325,-0.290276,0.378011,1.17264,1.00477,0.299335,0.60056,0.280273,0.451034,1.27329,0.904998,0.0365637,-0.0503273,-0.000206473,nan,nan,nan,0.0298226,0.0222601,-0.00946481,nan,nan,nan,0.0281124,-0.0452724,-0.0152321,nan,nan,nan,0.0236621,0,0.110318,-0.00736367,0.0722921,-0.000552205,0,1,0,1,0,1
13.4452,0.45,2.645,0,0.333255,-0,0,-0,3.03664,-0.278199,0.146778,2.775,-0.325,0,2.34099,-0.156867,0.236254,3.075,0.275,0.120784,2.7455,0.267561,0.187033,2.375,0.275,0.120784,0.185555,0.952808,0.760939,0.37366,2.14472,1.97374,0.716424,0.360976,-0.289903,0.357691,1.17793,0.996267,0.331557,0.554816,0.270195,0.427256,1.27703,0.904135,0.0401789,-0.043517,0.00875382,nan,nan,nan,0.0220514,0.0381,0.00987799,nan,nan,nan,0.0283532,-0.0348283,-0.00248467,nan,nan,nan,0.024623,0,0.115852,-0.00736367,0.0732089,-0.000552205,0,1,0,1,0,1
13.4852,0.5,2.65,0,0.333333,-0,0,-0,3.05298,-0.28343,0.149272,2.775,-0.325,0,2.34969,-0.158034,0.238975,3.075,0.275,0.120784,2.75622,0.268652,0.187035,2.375,0.275,0.120784,0.231768,0.908591,0.775151,0.35224,2.14965,1.96741,0.751426,0.446556,-0.252692,0.336959,1.18348,0.988274,0.363747,0.521623,0.274548,0.403117,1.28034,0.903515,0.042353,-0.0354741,0.0164976,nan,nan,nan,0.014932,0.0516827,0.0293452,nan,nan,nan,0.028057,-0.0232412,0.0100975,nan,nan,nan,0.0284872,0,0.118782,-0.00736367,0.0728847,-0.000552205,0,1,0,1,0,1
13.5253,0.55,2.655,0,0.333412,-0,0,-0,3.07043,-0.288144,0.151463,2.775,-0.325,0,2.36084,-0.162554,0.237559,3.075,0.275,0.120784,2.76769,0.271128,0.186354,2.375,0.275,0.120784,0.279614,0.874041,0.797359,0.33036,2.15471,1.96158,0.773531,0.555778,-0.178406,0.315815,1.18925,0.980777,0.395289,0.502278,0.293148,0.378641,1.28321,0.903129,0.0431111,-0.0262069,0.0230977,nan,nan,nan,0.00846439,0.0630082,0.0489368,nan,nan,nan,0.0272141,-0.0105286,0.022523,nan,nan,nan,0.0306787,0,0.117472,-0.00736367,0.0715114,-0.000552205,0,1,0,1,0,1
13.5653,0.6,2.66,0,0.33349,-0,0,-0,3.08854,-0.292007,0.153249,2.775,-0.325,0,2.37424,-0.170049,0.230609,3.075,0.275,0.120784,2.77987,0.274874,0.185074,2.375,0.275,0.120784,0.327525,0.850519,0.826327,0.308023,2.15988,1.95623,0.78402,0.684418,-0.0668673,0.294263,1.19521,0.973765,0.425556,0.498051,0.32582,0.353855,1.28562,0.902968,0.0424704,-0.0157209,0.0286046,nan,nan,nan,0.0027762,0.0722513,0.0684831,nan,nan,nan,0.025817,0.00329618,0.0347984,nan,nan,nan,0.0324651,0,0.112526,-0.00736367,0.0691996,-0.000552205,0,1,0,1,0,1
13.605,0.65,2.665,0,0.333569,-0,0,-0,3.10675,-0.294776,0.154396,2.775,-0.325,0,3.10675,-0.294776,0.154396,3.075,0.275,0.120784,2.79272,0.279754,0.183156,2.375,0.275,0.120784,0.37394,0.839386,0.860833,0.285233,2.16512,1.95133,0.785007,0.829392,0.0809954,0.27231,1.20134,0.967229,0.453914,0.510212,0.372394,0.328786,1.28755,0.903026,0.0404311,-0.00401627,0.0330184,nan,nan,nan,-0.00148319,0.0803019,0.0871203,nan,nan,nan,0.0238657,0.0182333,0.0469236,nan,nan,nan,0.0321803,0,0.0321803,-0.00736367,0.0659551,-0.000552205,0,1,0,1,0,1
13.6453,0.7,2.67,0,0.333647,-0,0,-0,3.12442,-0.296311,0.154553,2.775,-0.325,0,2.4055,-0.192056,0.197475,3.075,0.275,0.120784,2.80607,0.285613,0.180427,2.375,0.275,0.120784,0.417297,0.842003,0.899658,0.261997,2.17041,1.94688,0.77935,0.988635,0.263261,0.249963,1.20759,0.961155,0.479734,0.540026,0.432699,0.303465,1.289,0.9033,0.0369932,0.00890706,0.036339,nan,nan,nan,-0.00422289,0.0872843,0.104727,nan,nan,nan,0.0213602,0.0342827,0.0588988,nan,nan,nan,0.0337232,0,0.0842448,-0.00736367,0.0631128,-0.000552205,0,1,0,1,0,1
13.6854,0.75,2.675,0,0.333725,-0,0,-0,3.14082,-0.29656,0.15329,2.775,-0.325,0,2.42215,-0.205488,0.171486,3.075,0.275,0.120784,2.8197,0.292272,0.176565,2.375,0.275,0.120784,0.456035,0.859731,0.94158,0.238323,2.17573,1.94284,0.769935,1.16012,0.477975,0.227229,1.21394,0.955531,0.502382,0.588763,0.506564,0.277923,1.28995,0.903787,0.0321565,0.0230491,0.0385664,nan,nan,nan,-0.0054429,0.0931987,0.121305,nan,nan,nan,0.0183005,0.0514444,0.0707238,nan,nan,nan,0.033746,0,0.0607459,-0.00736367,0.0584361,-0.000552205,0,1,0,1,0,1
13.7254,0.8,2.68,0,0.333804,-0,0,-0,3.15516,-0.295517,0.150143,2.775,-0.325,0,2.43898,-0.219843,0.140261,3.075,0.275,0.120784,2.83328,0.299504,0.171104,2.375,0.275,0.120784,0.48859,0.893931,0.98538,0.214221,2.18103,1.9392,0.759361,1.34192,0.723131,0.204121,1.22034,0.950344,0.521229,0.657688,0.593817,0.252194,1.29042,0.904484,0.0259212,0.0384098,0.0397008,nan,nan,nan,-0.00592235,0.0983284,0.136711,nan,nan,nan,0.0146866,0.0697184,0.0823986,nan,nan,nan,0.0360181,0,0.0459593,-0.00736367,0.0450342,-0.000552205,0,1,0,1,0,1
13.7652,0.85,2.685,0,0.333882,-0,0,-0,3.1666,-0.293149,0.144687,2.775,-0.325,0,2.45494,-0.234606,0.105399,3.075,0.275,0.120784,2.84633,0.306994,0.163452,2.375,0.275,0.120784,0.513402,0.945963,1.02984,0.189705,2.18631,1.93594,0.745576,1.53381,0.995882,0.18065,1.22675,0.945579,0.535642,0.748069,0.694288,0.226311,1.2904,0.905394,0.0182872,0.0549892,0.039742,nan,nan,nan,-0.00912238,0.103932,0.150324,nan,nan,nan,0.0105186,0.0891047,0.0939234,nan,nan,nan,0.0323336,0,0.0379,-0.00736367,0.0443312,-0.000552205,0,1,0,1,0,1
13.8053,0.9,2.69,0,0.333961,-0,0,-0,3.17429,-0.289288,0.136624,2.775,-0.325,0,2.46794,-0.249259,0.0689242,3.075,0.275,0.120784,2.85822,0.314274,0.152936,2.375,0.275,0.120784,0.52891,1.01719,1.07373,0.164791,2.19152,1.93304,0.722742,1.73693,1.2927,0.156831,1.23314,0.941224,0.544989,0.861174,0.807806,0.200311,1.28989,0.906517,0.00925454,0.0727873,0.03869,nan,nan,nan,-0.015456,0.110161,0.162069,nan,nan,nan,0.00579629,0.109603,0.105298,nan,nan,nan,0.0254266,0,0.036836,-0.00736367,0.0331428,-0.000552205,1,1,1,1,1,1
13.8454,0.95,2.695,0,0.334039,-0,0,-0,3.17735,-0.283507,0.125915,2.775,-0.325,0,2.47549,-0.263115,0.0330311,3.075,0.275,0.120784,2.86811,0.320631,0.138888,2.375,0.275,0.120784,0.53355,1.10897,1.11583,0.139495,2.19664,1.93047,0.684909,1.95247,1.61005,0.13268,1.23948,0.937261,0.548641,0.998271,0.934199,0.174228,1.28891,0.907859,-0.0011768,0.091804,0.0365449,nan,nan,nan,-0.0249232,0.117013,0.171945,nan,nan,nan,0.000519844,0.131214,0.116522,nan,nan,nan,0.0150847,0,0.0271478,-0.00736367,0.018507,-0.000552205,1,1,1,1,1,1
